datetime,open,high,low,close,volume
2025-06-19T13:25:00+05:30,24788.2,24793.5,24787.75,24792.0,0
2025-06-19T13:26:00+05:30,24792.65,24793.9,24785.0,24786.35,0
2025-06-19T13:27:00+05:30,24786.2,24789.9,24784.35,24785.05,0
2025-06-19T13:28:00+05:30,24785.25,24788.7,24784.9,24785.95,0
2025-06-19T13:29:00+05:30,24786.4,24786.5,24783.15,24785.05,0
2025-06-19T13:30:00+05:30,24785.25,24786.2,24780.55,24782.25,0
2025-06-19T13:31:00+05:30,24782.05,24788.9,24780.65,24787.1,0
2025-06-19T13:32:00+05:30,24788.1,24789.8,24780.9,24786.0,0
2025-06-19T13:33:00+05:30,24786.1,24797.0,24785.5,24795.8,0
2025-06-19T13:34:00+05:30,24796.1,24796.25,24788.6,24789.95,0
2025-06-19T13:35:00+05:30,24790.75,24794.3,24789.45,24790.15,0
2025-06-19T13:36:00+05:30,24790.45,24791.8,24788.2,24789.65,0
2025-06-19T13:37:00+05:30,24789.9,24790.8,24781.35,24785.85,0
2025-06-19T13:38:00+05:30,24786.35,24788.95,24784.5,24786.8,0
2025-06-19T13:39:00+05:30,24785.95,24797.55,24785.95,24795.6,0
2025-06-19T13:40:00+05:30,24796.0,24801.85,24795.35,24800.7,0
2025-06-19T13:41:00+05:30,24800.15,24800.6,24795.4,24796.75,0
2025-06-19T13:42:00+05:30,24796.95,24798.9,24795.3,24795.3,0
2025-06-19T13:43:00+05:30,24795.65,24796.55,24790.45,24791.05,0
2025-06-19T13:44:00+05:30,24790.7,24791.65,24785.65,24789.2,0
2025-06-19T13:45:00+05:30,24789.0,24791.1,24787.2,24787.4,0
2025-06-19T13:46:00+05:30,24789.2,24791.7,24786.7,24788.9,0
2025-06-19T13:47:00+05:30,24789.55,24791.15,24788.2,24789.75,0
2025-06-19T13:48:00+05:30,24789.35,24794.45,24788.8,24792.55,0
2025-06-19T13:49:00+05:30,24792.8,24794.85,24790.6,24791.35,0
2025-06-19T13:50:00+05:30,24791.2,24793.3,24789.25,24792.15,0
2025-06-19T13:51:00+05:30,24791.7,24796.85,24791.25,24794.75,0
2025-06-19T13:52:00+05:30,24795.8,24798.3,24794.4,24795.2,0
2025-06-19T13:53:00+05:30,24795.0,24798.95,24793.3,24795.9,0
2025-06-19T13:54:00+05:30,24796.35,24801.65,24796.35,24799.0,0
2025-06-19T13:55:00+05:30,24799.25,24800.15,24796.2,24797.4,0
2025-06-19T13:56:00+05:30,24798.1,24799.25,24792.75,24793.05,0
2025-06-19T13:57:00+05:30,24793.45,24795.15,24792.35,24793.5,0
2025-06-19T13:58:00+05:30,24794.15,24797.05,24792.45,24796.7,0
2025-06-19T13:59:00+05:30,24797.6,24811.65,24797.6,24811.3,0
2025-06-19T14:00:00+05:30,24811.8,24829.75,24811.8,24828.95,0
2025-06-19T14:01:00+05:30,24829.55,24836.4,24819.95,24821.65,0
2025-06-19T14:02:00+05:30,24821.05,24824.8,24815.2,24815.25,0
2025-06-19T14:03:00+05:30,24815.35,24819.45,24811.55,24818.05,0
2025-06-19T14:04:00+05:30,24819.6,24828.35,24818.95,24827.3,0
2025-06-19T14:05:00+05:30,24827.15,24836.9,24825.6,24832.05,0
2025-06-19T14:06:00+05:30,24831.55,24839.7,24826.9,24839.7,0
2025-06-19T14:07:00+05:30,24839.2,24842.0,24834.4,24836.75,0
2025-06-19T14:08:00+05:30,24836.8,24837.8,24831.25,24836.55,0
2025-06-19T14:09:00+05:30,24837.25,24838.65,24830.7,24831.7,0
2025-06-19T14:10:00+05:30,24832.25,24836.0,24831.9,24833.8,0
2025-06-19T14:11:00+05:30,24834.65,24834.65,24825.3,24828.15,0
2025-06-19T14:12:00+05:30,24828.1,24830.05,24825.25,24826.2,0
2025-06-19T14:13:00+05:30,24826.55,24829.1,24824.35,24827.4,0
2025-06-19T14:14:00+05:30,24826.6,24834.75,24826.0,24832.4,0
2025-06-19T14:15:00+05:30,24833.3,24835.95,24830.3,24831.55,0
2025-06-19T14:16:00+05:30,24831.4,24834.65,24830.8,24833.3,0
2025-06-19T14:17:00+05:30,24833.9,24837.8,24829.9,24836.1,0
2025-06-19T14:18:00+05:30,24835.55,24840.65,24831.35,24840.2,0
2025-06-19T14:19:00+05:30,24839.6,24841.65,24833.9,24837.05,0
2025-06-19T14:20:00+05:30,24836.55,24837.9,24834.5,24836.85,0
2025-06-19T14:21:00+05:30,24836.6,24849.85,24836.1,24849.85,0
2025-06-19T14:22:00+05:30,24848.55,24849.0,24840.1,24841.8,0
2025-06-19T14:23:00+05:30,24840.8,24842.4,24834.75,24836.55,0
2025-06-19T14:24:00+05:30,24835.8,24839.75,24830.15,24830.2,0
2025-06-19T14:25:00+05:30,24830.25,24832.55,24825.9,24827.1,0
2025-06-19T14:26:00+05:30,24826.0,24826.35,24817.85,24818.45,0
2025-06-19T14:27:00+05:30,24817.75,24818.55,24812.55,24817.5,0
2025-06-19T14:28:00+05:30,24816.65,24822.55,24815.75,24817.8,0
2025-06-19T14:29:00+05:30,24816.15,24820.05,24815.75,24817.2,0
2025-06-19T14:30:00+05:30,24816.65,24819.0,24813.35,24817.15,0
2025-06-19T14:31:00+05:30,24816.95,24829.7,24816.95,24828.25,0
2025-06-19T14:32:00+05:30,24827.4,24829.6,24823.7,24824.15,0
2025-06-19T14:33:00+05:30,24823.65,24829.55,24823.65,24826.85,0
2025-06-19T14:34:00+05:30,24826.35,24827.6,24824.45,24825.3,0
2025-06-19T14:35:00+05:30,24825.1,24828.05,24819.1,24821.3,0
2025-06-19T14:36:00+05:30,24821.4,24822.85,24816.4,24818.95,0
2025-06-19T14:37:00+05:30,24818.45,24823.15,24818.1,24821.3,0
2025-06-19T14:38:00+05:30,24820.85,24824.7,24818.5,24823.65,0
2025-06-19T14:39:00+05:30,24822.95,24825.95,24820.05,24822.0,0
2025-06-19T14:40:00+05:30,24822.15,24823.5,24808.65,24810.15,0
2025-06-19T14:41:00+05:30,24805.85,24807.6,24787.75,24790.8,0
2025-06-19T14:42:00+05:30,24791.45,24796.55,24787.85,24790.2,0
2025-06-19T14:43:00+05:30,24789.9,24807.6,24789.9,24799.3,0
2025-06-19T14:44:00+05:30,24799.15,24809.8,24799.05,24804.7,0
2025-06-19T14:45:00+05:30,24804.4,24809.55,24803.95,24806.35,0
2025-06-19T14:46:00+05:30,24805.45,24808.35,24801.6,24805.95,0
2025-06-19T14:47:00+05:30,24806.05,24807.75,24803.25,24805.45,0
2025-06-19T14:48:00+05:30,24805.4,24808.05,24803.9,24806.0,0
2025-06-19T14:49:00+05:30,24805.0,24809.5,24805.0,24806.75,0
2025-06-19T14:50:00+05:30,24806.55,24808.6,24803.8,24805.9,0
2025-06-19T14:51:00+05:30,24805.45,24811.1,24805.25,24807.95,0
2025-06-19T14:52:00+05:30,24807.55,24812.75,24806.7,24810.85,0
2025-06-19T14:53:00+05:30,24809.5,24812.5,24807.35,24812.5,0
2025-06-19T14:54:00+05:30,24812.25,24817.9,24812.25,24812.6,0
2025-06-19T14:55:00+05:30,24811.55,24813.25,24804.55,24806.95,0
2025-06-19T14:56:00+05:30,24805.8,24813.05,24805.8,24812.65,0
2025-06-19T14:57:00+05:30,24812.0,24815.35,24811.1,24812.6,0
2025-06-19T14:58:00+05:30,24811.5,24814.25,24809.15,24812.85,0
2025-06-19T14:59:00+05:30,24811.9,24813.95,24808.65,24810.5,0
2025-06-19T15:00:00+05:30,24810.55,24811.5,24795.3,24796.0,0
2025-06-19T15:01:00+05:30,24795.8,24798.95,24793.0,24793.95,0
2025-06-19T15:02:00+05:30,24793.3,24797.2,24791.1,24795.35,0
2025-06-19T15:03:00+05:30,24793.6,24797.6,24791.8,24794.65,0
2025-06-19T15:04:00+05:30,24793.4,24811.15,24792.75,24807.95,0
2025-06-19T15:05:00+05:30,24805.55,24810.1,24803.85,24805.95,0
2025-06-19T15:06:00+05:30,24805.9,24805.95,24797.15,24797.65,0
2025-06-19T15:07:00+05:30,24797.15,24797.7,24791.75,24794.45,0
2025-06-19T15:08:00+05:30,24794.15,24798.3,24791.6,24793.85,0
2025-06-19T15:09:00+05:30,24794.2,24800.25,24792.25,24799.65,0
2025-06-19T15:10:00+05:30,24799.0,24800.8,24793.35,24797.05,0
2025-06-19T15:11:00+05:30,24795.35,24806.6,24793.1,24797.85,0
2025-06-19T15:12:00+05:30,24797.15,24799.55,24795.5,24797.05,0
2025-06-19T15:13:00+05:30,24795.9,24797.85,24791.95,24794.0,0
2025-06-19T15:14:00+05:30,24795.0,24795.85,24789.75,24791.75,0
2025-06-19T15:15:00+05:30,24791.45,24802.4,24790.55,24795.9,0
2025-06-19T15:16:00+05:30,24795.3,24796.7,24786.3,24789.6,0
2025-06-19T15:17:00+05:30,24788.8,24794.35,24786.4,24788.7,0
2025-06-19T15:18:00+05:30,24787.4,24805.15,24787.4,24792.7,0
2025-06-19T15:19:00+05:30,24792.8,24797.3,24785.95,24787.9,0
2025-06-19T15:20:00+05:30,24789.15,24798.55,24787.45,24788.95,0
2025-06-19T15:21:00+05:30,24789.7,24796.0,24787.3,24791.35,0
2025-06-19T15:22:00+05:30,24791.5,24794.3,24786.5,24789.5,0
2025-06-19T15:23:00+05:30,24789.6,24793.85,24783.6,24787.6,0
2025-06-19T15:24:00+05:30,24787.65,24789.6,24776.95,24779.6,0
2025-06-19T15:25:00+05:30,24779.95,24780.65,24770.85,24773.0,0
2025-06-19T15:26:00+05:30,24773.25,24774.8,24764.55,24766.25,0
2025-06-19T15:27:00+05:30,24766.35,24769.25,24752.5,24754.05,0
2025-06-19T15:28:00+05:30,24755.85,24759.95,24748.25,24752.55,0
2025-06-19T15:29:00+05:30,24753.15,24754.75,24733.4,24744.7,0
2025-06-20T09:15:00+05:30,24787.65,24869.85,24783.65,24864.85,0
2025-06-20T09:16:00+05:30,24862.8,24864.15,24852.15,24862.4,0
2025-06-20T09:17:00+05:30,24866.15,24874.7,24865.75,24872.7,0
2025-06-20T09:18:00+05:30,24872.95,24881.5,24872.8,24875.5,0
2025-06-20T09:19:00+05:30,24875.05,24875.5,24858.85,24859.7,0
2025-06-20T09:20:00+05:30,24861.15,24874.35,24857.65,24860.6,0
2025-06-20T09:21:00+05:30,24859.85,24862.65,24840.0,24841.15,0
2025-06-20T09:22:00+05:30,24839.95,24847.95,24824.25,24827.95,0
2025-06-20T09:23:00+05:30,24826.9,24837.45,24823.85,24828.85,0
2025-06-20T09:24:00+05:30,24828.45,24842.8,24826.65,24840.4,0
2025-06-20T09:25:00+05:30,24840.35,24851.45,24840.0,24848.2,0
2025-06-20T09:26:00+05:30,24848.75,24849.05,24824.35,24824.35,0
2025-06-20T09:27:00+05:30,24824.9,24826.55,24814.85,24825.85,0
2025-06-20T09:28:00+05:30,24826.65,24847.1,24826.65,24843.9,0
2025-06-20T09:29:00+05:30,24843.05,24843.8,24829.8,24830.2,0
2025-06-20T09:30:00+05:30,24831.6,24847.1,24831.6,24842.15,0
2025-06-20T09:31:00+05:30,24840.55,24840.6,24836.4,24839.65,0
2025-06-20T09:32:00+05:30,24838.15,24840.1,24820.4,24821.95,0
2025-06-20T09:33:00+05:30,24820.55,24825.15,24818.2,24822.15,0
2025-06-20T09:34:00+05:30,24821.3,24834.6,24819.75,24832.0,0
2025-06-20T09:35:00+05:30,24831.55,24843.5,24829.35,24843.25,0
2025-06-20T09:36:00+05:30,24843.45,24847.45,24834.15,24834.2,0
2025-06-20T09:37:00+05:30,24833.1,24840.85,24833.1,24838.0,0
2025-06-20T09:38:00+05:30,24838.6,24842.35,24836.25,24842.35,0
2025-06-20T09:39:00+05:30,24842.0,24842.05,24834.55,24836.7,0
2025-06-20T09:40:00+05:30,24836.25,24841.55,24832.05,24838.75,0
2025-06-20T09:41:00+05:30,24837.95,24848.2,24836.8,24847.25,0
2025-06-20T09:42:00+05:30,24846.95,24871.25,24846.95,24870.75,0
2025-06-20T09:43:00+05:30,24870.65,24871.3,24864.95,24865.95,0
2025-06-20T09:44:00+05:30,24865.15,24874.35,24863.95,24874.35,0
2025-06-20T09:45:00+05:30,24874.25,24886.65,24874.25,24884.6,0
2025-06-20T09:46:00+05:30,24884.35,24893.05,24883.75,24889.7,0
2025-06-20T09:47:00+05:30,24890.05,24897.75,24889.75,24895.7,0
2025-06-20T09:48:00+05:30,24895.2,24896.45,24886.85,24890.25,0
2025-06-20T09:49:00+05:30,24891.45,24900.25,24890.15,24893.7,0
2025-06-20T09:50:00+05:30,24892.5,24895.2,24885.5,24886.3,0
2025-06-20T09:51:00+05:30,24885.65,24887.65,24872.55,24874.95,0
2025-06-20T09:52:00+05:30,24874.4,24876.85,24871.2,24873.95,0
2025-06-20T09:53:00+05:30,24874.0,24874.0,24863.8,24865.35,0
2025-06-20T09:54:00+05:30,24865.8,24873.2,24864.4,24872.15,0
2025-06-20T09:55:00+05:30,24872.4,24877.5,24870.7,24873.6,0
2025-06-20T09:56:00+05:30,24873.0,24873.05,24858.25,24860.75,0
2025-06-20T09:57:00+05:30,24860.55,24862.85,24853.0,24857.75,0
2025-06-20T09:58:00+05:30,24856.45,24863.8,24854.8,24863.05,0
2025-06-20T09:59:00+05:30,24862.75,24866.3,24861.15,24865.15,0
2025-06-20T10:00:00+05:30,24864.35,24871.55,24863.9,24865.2,0
2025-06-20T10:01:00+05:30,24864.95,24869.65,24864.3,24867.5,0
2025-06-20T10:02:00+05:30,24867.65,24868.25,24861.0,24867.8,0
2025-06-20T10:03:00+05:30,24867.35,24876.05,24865.8,24870.55,0
2025-06-20T10:04:00+05:30,24870.95,24878.3,24870.9,24876.6,0
2025-06-20T10:05:00+05:30,24876.1,24891.5,24875.6,24887.45,0
2025-06-20T10:06:00+05:30,24887.15,24894.95,24887.15,24891.1,0
2025-06-20T10:07:00+05:30,24891.2,24891.6,24879.65,24880.35,0
2025-06-20T10:08:00+05:30,24879.65,24885.2,24877.45,24884.35,0
2025-06-20T10:09:00+05:30,24883.5,24885.85,24881.45,24884.8,0
2025-06-20T10:10:00+05:30,24884.3,24888.3,24881.45,24887.5,0
2025-06-20T10:11:00+05:30,24886.45,24896.85,24884.4,24896.85,0
2025-06-20T10:12:00+05:30,24898.4,24915.55,24898.4,24913.65,0
2025-06-20T10:13:00+05:30,24914.4,24915.1,24909.4,24911.5,0
2025-06-20T10:14:00+05:30,24911.2,24919.15,24909.2,24919.05,0
2025-06-20T10:15:00+05:30,24918.85,24945.5,24918.85,24941.6,0
2025-06-20T10:16:00+05:30,24942.75,24952.5,24934.85,24935.35,0
2025-06-20T10:17:00+05:30,24936.35,24950.5,24935.85,24947.35,0
2025-06-20T10:18:00+05:30,24948.0,24964.55,24948.0,24961.5,0
2025-06-20T10:19:00+05:30,24962.0,24963.35,24957.55,24958.6,0
2025-06-20T10:20:00+05:30,24959.15,24974.55,24959.15,24967.9,0
2025-06-20T10:21:00+05:30,24967.55,24975.95,24965.7,24972.75,0
2025-06-20T10:22:00+05:30,24972.1,24978.9,24968.7,24977.4,0
2025-06-20T10:23:00+05:30,24977.5,24981.9,24973.2,24974.3,0
2025-06-20T10:24:00+05:30,24973.3,24980.25,24973.3,24978.95,0
2025-06-20T10:25:00+05:30,24979.3,24987.1,24977.55,24986.15,0
2025-06-20T10:26:00+05:30,24986.7,24997.8,24983.4,24996.55,0
2025-06-20T10:27:00+05:30,24996.95,25018.7,24996.95,25010.75,0
2025-06-20T10:28:00+05:30,25009.3,25009.75,25000.0,25002.95,0
2025-06-20T10:29:00+05:30,25004.0,25010.3,25002.05,25008.95,0
2025-06-20T10:30:00+05:30,25009.95,25024.6,25006.9,25023.5,0
2025-06-20T10:31:00+05:30,25022.05,25040.45,25022.05,25026.7,0
2025-06-20T10:32:00+05:30,25025.7,25032.5,25013.1,25030.0,0
2025-06-20T10:33:00+05:30,25030.15,25035.65,25023.75,25026.35,0
2025-06-20T10:34:00+05:30,25025.95,25031.4,25023.85,25024.65,0
2025-06-20T10:35:00+05:30,25025.45,25030.55,25022.5,25022.5,0
2025-06-20T10:36:00+05:30,25022.75,25022.75,25016.9,25020.3,0
2025-06-20T10:37:00+05:30,25020.15,25023.4,25015.65,25018.25,0
2025-06-20T10:38:00+05:30,25018.45,25020.05,25006.55,25008.25,0
2025-06-20T10:39:00+05:30,25007.7,25012.4,25004.85,25004.85,0
2025-06-20T10:40:00+05:30,25005.35,25008.4,25001.3,25006.5,0
2025-06-20T10:41:00+05:30,25007.3,25018.8,25005.8,25013.15,0
2025-06-20T10:42:00+05:30,25011.5,25013.4,25007.1,25009.35,0
2025-06-20T10:43:00+05:30,25009.7,25013.95,25003.65,25003.95,0
2025-06-20T10:44:00+05:30,25004.25,25004.65,24996.5,25001.6,0
2025-06-20T10:45:00+05:30,25002.95,25003.9,24998.5,25001.6,0
2025-06-20T10:46:00+05:30,25002.05,25005.5,25001.5,25003.4,0
2025-06-20T10:47:00+05:30,25003.65,25008.75,24996.2,25001.4,0
2025-06-20T10:48:00+05:30,25001.15,25003.95,24997.85,24999.15,0
2025-06-20T10:49:00+05:30,25000.35,25003.65,24996.1,25003.35,0
2025-06-20T10:50:00+05:30,25002.9,25009.85,25002.85,25007.6,0
2025-06-20T10:51:00+05:30,25007.55,25012.55,25007.55,25009.05,0
2025-06-20T10:52:00+05:30,25009.0,25021.85,25006.3,25021.85,0
2025-06-20T10:53:00+05:30,25020.0,25024.65,25017.35,25020.85,0
2025-06-20T10:54:00+05:30,25020.2,25022.4,25017.5,25020.8,0
2025-06-20T10:55:00+05:30,25020.7,25021.9,25013.0,25013.0,0
2025-06-20T10:56:00+05:30,25013.05,25015.1,25008.85,25009.55,0
2025-06-20T10:57:00+05:30,25009.3,25011.2,25004.95,25006.75,0
2025-06-20T10:58:00+05:30,25006.5,25007.05,24997.9,24998.0,0
2025-06-20T10:59:00+05:30,24996.35,24997.0,24991.4,24994.95,0
2025-06-20T11:00:00+05:30,24994.85,25004.05,24994.85,25003.4,0
2025-06-20T11:01:00+05:30,25002.7,25005.75,24999.0,25004.4,0
2025-06-20T11:02:00+05:30,25005.55,25009.05,25002.5,25003.0,0
2025-06-20T11:03:00+05:30,25003.15,25009.7,25002.15,25005.0,0
2025-06-20T11:04:00+05:30,25004.55,25012.05,25002.95,25009.65,0
2025-06-20T11:05:00+05:30,25009.5,25015.6,25008.7,25012.8,0
2025-06-20T11:06:00+05:30,25012.05,25015.45,25008.4,25011.75,0
2025-06-20T11:07:00+05:30,25011.9,25014.55,25009.55,25014.1,0
2025-06-20T11:08:00+05:30,25013.1,25015.3,25009.0,25012.8,0
2025-06-20T11:09:00+05:30,25012.6,25015.85,25011.6,25012.9,0
2025-06-20T11:10:00+05:30,25012.4,25015.45,25010.9,25011.25,0
2025-06-20T11:11:00+05:30,25011.1,25011.3,25002.8,25005.35,0
2025-06-20T11:12:00+05:30,25005.95,25008.3,25002.9,25004.95,0
2025-06-20T11:13:00+05:30,25005.95,25010.8,25004.95,25010.0,0
2025-06-20T11:14:00+05:30,25009.85,25017.4,25009.85,25016.55,0
2025-06-20T11:15:00+05:30,25016.65,25017.8,25012.3,25017.35,0
2025-06-20T11:16:00+05:30,25016.9,25019.8,25016.4,25019.2,0
2025-06-20T11:17:00+05:30,25019.25,25019.75,25011.0,25011.45,0
2025-06-20T11:18:00+05:30,25011.2,25012.3,25005.65,25008.6,0
2025-06-20T11:19:00+05:30,25008.8,25010.8,25006.05,25006.2,0
2025-06-20T11:20:00+05:30,25006.4,25011.9,25006.2,25009.0,0
2025-06-20T11:21:00+05:30,25008.4,25009.15,25005.7,25007.25,0
2025-06-20T11:22:00+05:30,25006.95,25008.6,25005.05,25008.35,0
2025-06-20T11:23:00+05:30,25008.95,25015.5,25007.1,25013.9,0
2025-06-20T11:24:00+05:30,25014.4,25018.7,25009.05,25010.6,0
2025-06-20T11:25:00+05:30,25009.35,25012.45,25007.6,25009.3,0
2025-06-20T11:26:00+05:30,25009.1,25012.0,25007.55,25009.05,0
2025-06-20T11:27:00+05:30,25008.2,25011.35,25006.7,25008.35,0
2025-06-20T11:28:00+05:30,25007.95,25011.3,25006.6,25006.75,0
2025-06-20T11:29:00+05:30,25006.95,25008.7,25004.0,25004.0,0
2025-06-20T11:30:00+05:30,25003.3,25015.55,25002.9,25015.45,0
2025-06-20T11:31:00+05:30,25015.1,25018.6,25013.7,25017.55,0
2025-06-20T11:32:00+05:30,25017.7,25017.7,25010.9,25011.3,0
2025-06-20T11:33:00+05:30,25010.4,25012.35,25009.2,25010.8,0
2025-06-20T11:34:00+05:30,25011.6,25017.3,25010.75,25016.35,0
2025-06-20T11:35:00+05:30,25016.9,25019.9,25015.3,25019.9,0
2025-06-20T11:36:00+05:30,25019.15,25020.75,25014.85,25017.0,0
2025-06-20T11:37:00+05:30,25017.2,25018.25,25011.65,25014.35,0
2025-06-20T11:38:00+05:30,25013.8,25019.35,25012.45,25017.6,0
2025-06-20T11:39:00+05:30,25017.7,25035.75,25016.9,25034.15,0
2025-06-20T11:40:00+05:30,25036.3,25044.1,25034.95,25042.45,0
2025-06-20T11:41:00+05:30,25042.6,25045.0,25030.0,25030.3,0
2025-06-20T11:42:00+05:30,25030.15,25035.85,25029.3,25029.75,0
2025-06-20T11:43:00+05:30,25029.85,25031.7,25023.45,25024.2,0
2025-06-20T11:44:00+05:30,25024.7,25026.4,25016.65,25019.4,0
2025-06-20T11:45:00+05:30,25019.05,25024.0,25017.75,25022.15,0
2025-06-20T11:46:00+05:30,25022.45,25032.2,25021.5,25027.05,0
2025-06-20T11:47:00+05:30,25026.6,25029.3,25024.7,25028.4,0
2025-06-20T11:48:00+05:30,25027.95,25031.45,25027.4,25028.75,0
2025-06-20T11:49:00+05:30,25029.4,25036.5,25028.25,25034.25,0
2025-06-20T11:50:00+05:30,25033.75,25039.75,25032.95,25037.05,0
2025-06-20T11:51:00+05:30,25037.1,25038.65,25031.35,25035.95,0
2025-06-20T11:52:00+05:30,25035.7,25042.55,25034.45,25040.55,0
2025-06-20T11:53:00+05:30,25041.25,25044.25,25039.3,25041.55,0
2025-06-20T11:54:00+05:30,25040.85,25041.4,25034.95,25038.85,0
2025-06-20T11:55:00+05:30,25038.35,25040.25,25031.05,25032.75,0
2025-06-20T11:56:00+05:30,25032.1,25034.75,25027.4,25032.6,0
2025-06-20T11:57:00+05:30,25033.25,25039.4,25033.1,25035.3,0
2025-06-20T11:58:00+05:30,25036.4,25039.7,25031.45,25031.45,0
2025-06-20T11:59:00+05:30,25031.75,25034.75,25029.4,25029.75,0
2025-06-20T12:00:00+05:30,25029.85,25032.35,25024.85,25026.65,0
2025-06-20T12:01:00+05:30,25027.8,25030.75,25024.2,25025.8,0
2025-06-20T12:02:00+05:30,25025.0,25028.0,25023.15,25023.95,0
2025-06-20T12:03:00+05:30,25024.25,25030.05,25022.35,25026.75,0
2025-06-20T12:04:00+05:30,25026.8,25031.2,25025.05,25028.3,0
2025-06-20T12:05:00+05:30,25028.0,25033.4,25026.7,25028.0,0
2025-06-20T12:06:00+05:30,25027.55,25032.4,25026.75,25030.75,0
2025-06-20T12:07:00+05:30,25031.95,25036.05,25028.25,25029.4,0
2025-06-20T12:08:00+05:30,25028.35,25032.25,25026.45,25030.05,0
2025-06-20T12:09:00+05:30,25029.55,25032.95,25028.55,25029.3,0
2025-06-20T12:10:00+05:30,25030.1,25031.95,25028.05,25030.65,0
2025-06-20T12:11:00+05:30,25030.05,25036.1,25030.05,25032.95,0
2025-06-20T12:12:00+05:30,25032.85,25036.9,25031.0,25034.5,0
2025-06-20T12:13:00+05:30,25035.8,25039.55,25033.3,25037.3,0
2025-06-20T12:14:00+05:30,25036.4,25043.2,25036.4,25040.1,0
2025-06-20T12:15:00+05:30,25039.75,25042.2,25037.85,25040.55,0
2025-06-20T12:16:00+05:30,25040.8,25042.5,25036.0,25038.75,0
2025-06-20T12:17:00+05:30,25038.9,25040.05,25028.7,25030.05,0
2025-06-20T12:18:00+05:30,25029.6,25031.5,25021.45,25023.15,0
2025-06-20T12:19:00+05:30,25023.9,25026.6,25019.0,25019.6,0
2025-06-20T12:20:00+05:30,25019.3,25021.6,25016.35,25017.3,0
2025-06-20T12:21:00+05:30,25017.05,25019.65,25009.9,25009.9,0
2025-06-20T12:22:00+05:30,25009.6,25012.75,25006.4,25011.3,0
2025-06-20T12:23:00+05:30,25010.35,25011.9,25001.0,25003.55,0
2025-06-20T12:24:00+05:30,25004.25,25004.25,24998.45,25001.45,0
2025-06-20T12:25:00+05:30,25003.25,25003.25,24989.45,24990.55,0
2025-06-20T12:26:00+05:30,24990.6,24994.9,24988.85,24993.8,0
2025-06-20T12:27:00+05:30,24994.4,24998.6,24990.65,24991.0,0
2025-06-20T12:28:00+05:30,24991.05,24993.2,24984.65,24984.65,0
2025-06-20T12:29:00+05:30,24984.9,24989.3,24979.85,24981.95,0
2025-06-20T12:30:00+05:30,24981.25,24988.3,24981.25,24982.9,0
2025-06-20T12:31:00+05:30,24983.65,24984.7,24975.35,24975.85,0
2025-06-20T12:32:00+05:30,24975.35,24979.3,24973.9,24978.0,0
2025-06-20T12:33:00+05:30,24977.5,24980.2,24975.85,24979.05,0
2025-06-20T12:34:00+05:30,24978.9,24978.9,24964.05,24966.35,0
2025-06-20T12:35:00+05:30,24965.65,24972.95,24964.6,24968.35,0
2025-06-20T12:36:00+05:30,24969.25,24975.1,24966.0,24971.4,0
2025-06-20T12:37:00+05:30,24972.35,24982.25,24970.35,24980.7,0
2025-06-20T12:38:00+05:30,24980.5,24984.75,24977.45,24980.5,0
2025-06-20T12:39:00+05:30,24980.45,24987.0,24980.3,24984.6,0
2025-06-20T12:40:00+05:30,24985.05,24986.85,24980.65,24984.1,0
2025-06-20T12:41:00+05:30,24984.0,24985.35,24981.3,24984.8,0
2025-06-20T12:42:00+05:30,24984.6,24997.8,24983.55,24995.85,0
2025-06-20T12:43:00+05:30,24995.35,24999.7,24991.65,24998.9,0
2025-06-20T12:44:00+05:30,24997.75,25002.25,24997.45,25000.9,0
2025-06-20T12:45:00+05:30,25000.2,25006.2,24997.85,25003.85,0
2025-06-20T12:46:00+05:30,25004.9,25014.25,25003.9,25014.05,0
2025-06-20T12:47:00+05:30,25012.65,25018.95,25009.95,25016.4,0
2025-06-20T12:48:00+05:30,25016.65,25019.15,25012.75,25016.9,0
2025-06-20T12:49:00+05:30,25017.6,25022.45,25015.3,25020.85,0
2025-06-20T12:50:00+05:30,25020.65,25024.2,25019.45,25022.85,0
2025-06-20T12:51:00+05:30,25023.3,25032.45,25022.9,25032.45,0
2025-06-20T12:52:00+05:30,25032.55,25032.9,25024.95,25029.3,0
2025-06-20T12:53:00+05:30,25028.0,25032.2,25027.25,25028.75,0
2025-06-20T12:54:00+05:30,25028.45,25030.6,25026.8,25027.9,0
2025-06-20T12:55:00+05:30,25028.25,25029.65,25024.65,25025.75,0
2025-06-20T12:56:00+05:30,25025.45,25028.5,25023.9,25024.8,0
2025-06-20T12:57:00+05:30,25025.0,25028.85,25024.2,25026.3,0
2025-06-20T12:58:00+05:30,25025.85,25031.15,25025.55,25029.4,0
2025-06-20T12:59:00+05:30,25029.15,25033.2,25022.05,25022.5,0
2025-06-20T13:00:00+05:30,25021.95,25024.9,25018.65,25020.7,0
2025-06-20T13:01:00+05:30,25021.8,25023.7,25018.1,25021.6,0
2025-06-20T13:02:00+05:30,25021.9,25028.5,25018.9,25025.5,0
2025-06-20T13:03:00+05:30,25025.85,25028.35,25019.55,25023.65,0
2025-06-20T13:04:00+05:30,25025.7,25029.4,25024.1,25025.5,0
2025-06-20T13:05:00+05:30,25024.25,25026.85,25018.65,25018.7,0
2025-06-20T13:06:00+05:30,25018.35,25029.4,25017.65,25027.2,0
2025-06-20T13:07:00+05:30,25027.7,25041.15,25027.0,25037.05,0
2025-06-20T13:08:00+05:30,25036.3,25039.1,25033.6,25038.35,0
2025-06-20T13:09:00+05:30,25037.7,25044.5,25036.25,25042.6,0
2025-06-20T13:10:00+05:30,25043.4,25046.3,25039.55,25042.1,0
2025-06-20T13:11:00+05:30,25042.0,25047.5,25042.0,25044.7,0
2025-06-20T13:12:00+05:30,25044.25,25046.8,25042.65,25044.45,0
2025-06-20T13:13:00+05:30,25045.9,25047.75,25038.8,25038.85,0
2025-06-20T13:14:00+05:30,25038.8,25040.75,25035.25,25038.25,0
2025-06-20T13:15:00+05:30,25038.9,25044.0,25037.2,25042.1,0
2025-06-20T13:16:00+05:30,25042.85,25046.65,25040.4,25045.5,0
2025-06-20T13:17:00+05:30,25045.3,25049.4,25044.45,25045.7,0
2025-06-20T13:18:00+05:30,25046.15,25059.5,25044.95,25058.85,0
2025-06-20T13:19:00+05:30,25060.45,25075.4,25060.0,25074.1,0
2025-06-20T13:20:00+05:30,25073.5,25078.35,25062.35,25063.2,0
2025-06-20T13:21:00+05:30,25063.95,25065.8,25061.3,25063.5,0
2025-06-20T13:22:00+05:30,25064.45,25068.5,25062.75,25064.4,0
2025-06-20T13:23:00+05:30,25064.45,25071.1,25063.05,25069.5,0
2025-06-20T13:24:00+05:30,25069.15,25071.8,25054.5,25055.05,0
2025-06-20T13:25:00+05:30,25055.5,25066.5,25053.9,25064.7,0
2025-06-20T13:26:00+05:30,25064.55,25067.15,25062.45,25065.85,0
2025-06-20T13:27:00+05:30,25065.95,25066.3,25061.45,25063.45,0
2025-06-20T13:28:00+05:30,25063.25,25069.35,25063.1,25068.7,0
2025-06-20T13:29:00+05:30,25067.9,25070.1,25065.7,25067.2,0
2025-06-20T13:30:00+05:30,25067.3,25071.0,25065.85,25070.2,0
2025-06-20T13:31:00+05:30,25070.5,25070.5,25065.85,25070.15,0
2025-06-20T13:32:00+05:30,25069.95,25073.65,25066.45,25067.6,0
2025-06-20T13:33:00+05:30,25066.9,25067.65,25061.1,25062.6,0
2025-06-20T13:34:00+05:30,25063.05,25063.05,25058.8,25060.9,0
2025-06-20T13:35:00+05:30,25060.85,25067.05,25059.75,25061.2,0
2025-06-20T13:36:00+05:30,25061.55,25063.25,25055.35,25055.35,0
2025-06-20T13:37:00+05:30,25055.9,25059.45,25051.8,25055.45,0
2025-06-20T13:38:00+05:30,25055.05,25058.8,25053.15,25054.2,0
2025-06-20T13:39:00+05:30,25055.25,25059.3,25049.6,25050.25,0
2025-06-20T13:40:00+05:30,25049.85,25051.6,25040.8,25044.6,0
2025-06-20T13:41:00+05:30,25044.1,25044.7,25038.25,25039.1,0
2025-06-20T13:42:00+05:30,25038.4,25047.5,25034.55,25043.9,0
2025-06-20T13:43:00+05:30,25044.15,25051.85,25044.15,25051.85,0
2025-06-20T13:44:00+05:30,25050.1,25053.45,25046.2,25047.55,0
2025-06-20T13:45:00+05:30,25047.75,25050.65,25045.35,25050.5,0
2025-06-20T13:46:00+05:30,25049.75,25051.0,25042.8,25049.55,0
2025-06-20T13:47:00+05:30,25048.9,25051.15,25045.95,25049.45,0
2025-06-20T13:48:00+05:30,25048.0,25052.45,25047.0,25051.2,0
2025-06-20T13:49:00+05:30,25050.4,25053.3,25049.05,25050.7,0
2025-06-20T13:50:00+05:30,25051.3,25053.6,25045.8,25046.4,0
2025-06-20T13:51:00+05:30,25046.85,25049.75,25045.6,25046.55,0
2025-06-20T13:52:00+05:30,25046.1,25053.0,25046.1,25051.6,0
2025-06-20T13:53:00+05:30,25051.0,25056.95,25050.4,25055.0,0
2025-06-20T13:54:00+05:30,25054.3,25058.65,25053.25,25058.2,0
2025-06-20T13:55:00+05:30,25057.35,25060.95,25055.7,25059.9,0
2025-06-20T13:56:00+05:30,25059.0,25060.9,25053.7,25055.25,0
2025-06-20T13:57:00+05:30,25054.5,25054.85,25043.6,25043.6,0
2025-06-20T13:58:00+05:30,25042.55,25043.7,25035.7,25037.55,0
2025-06-20T13:59:00+05:30,25037.45,25040.75,25037.1,25038.75,0
2025-06-20T14:00:00+05:30,25038.45,25043.4,25037.6,25040.65,0
2025-06-20T14:01:00+05:30,25041.3,25048.05,25039.15,25043.0,0
2025-06-20T14:02:00+05:30,25042.7,25045.5,25041.0,25043.25,0
2025-06-20T14:03:00+05:30,25042.75,25044.55,25040.8,25040.8,0
2025-06-20T14:04:00+05:30,25041.0,25043.35,25038.2,25039.45,0
2025-06-20T14:05:00+05:30,25038.75,25047.7,25037.9,25047.7,0
2025-06-20T14:06:00+05:30,25047.05,25050.55,25045.2,25047.1,0
2025-06-20T14:07:00+05:30,25047.9,25052.2,25047.15,25050.85,0
2025-06-20T14:08:00+05:30,25050.65,25051.5,25048.15,25050.45,0
2025-06-20T14:09:00+05:30,25049.45,25054.1,25047.15,25047.7,0
2025-06-20T14:10:00+05:30,25047.5,25048.9,25041.55,25041.55,0
2025-06-20T14:11:00+05:30,25041.05,25045.15,25038.55,25044.25,0
2025-06-20T14:12:00+05:30,25044.05,25048.25,25043.05,25046.0,0
2025-06-20T14:13:00+05:30,25047.0,25053.15,25045.6,25052.0,0
2025-06-20T14:14:00+05:30,25051.85,25053.25,25048.15,25049.65,0
2025-06-20T14:15:00+05:30,25050.45,25052.9,25049.2,25050.7,0
2025-06-20T14:16:00+05:30,25050.95,25054.65,25050.6,25054.15,0
2025-06-20T14:17:00+05:30,25053.65,25056.25,25052.0,25055.35,0
2025-06-20T14:18:00+05:30,25055.2,25061.15,25053.8,25059.9,0
2025-06-20T14:19:00+05:30,25060.7,25061.2,25048.45,25048.8,0
2025-06-20T14:20:00+05:30,25048.5,25049.7,25045.85,25046.0,0
2025-06-20T14:21:00+05:30,25045.15,25045.75,25038.55,25040.1,0
2025-06-20T14:22:00+05:30,25041.05,25048.9,25040.65,25047.2,0
2025-06-20T14:23:00+05:30,25047.6,25055.75,25046.35,25053.5,0
2025-06-20T14:24:00+05:30,25053.35,25059.15,25053.3,25056.6,0
2025-06-20T14:25:00+05:30,25056.55,25058.15,25052.7,25052.7,0
2025-06-20T14:26:00+05:30,25052.55,25056.15,25051.55,25051.75,0
2025-06-20T14:27:00+05:30,25052.3,25052.45,25044.05,25045.9,0
2025-06-20T14:28:00+05:30,25045.45,25047.3,25041.15,25041.35,0
2025-06-20T14:29:00+05:30,25041.15,25041.5,25035.65,25036.5,0
2025-06-20T14:30:00+05:30,25035.15,25040.8,25035.15,25038.85,0
2025-06-20T14:31:00+05:30,25039.3,25041.7,25037.0,25037.9,0
2025-06-20T14:32:00+05:30,25038.0,25044.05,25037.55,25042.9,0
2025-06-20T14:33:00+05:30,25042.55,25044.65,25039.4,25042.55,0
2025-06-20T14:34:00+05:30,25044.35,25044.4,25032.35,25032.8,0
2025-06-20T14:35:00+05:30,25032.3,25040.05,25031.4,25038.5,0
2025-06-20T14:36:00+05:30,25037.8,25042.25,25037.05,25038.5,0
2025-06-20T14:37:00+05:30,25039.9,25045.55,25038.15,25044.5,0
2025-06-20T14:38:00+05:30,25044.1,25048.35,25041.65,25046.2,0
2025-06-20T14:39:00+05:30,25046.75,25049.9,25043.7,25048.8,0
2025-06-20T14:40:00+05:30,25048.75,25051.55,25046.95,25049.45,0
2025-06-20T14:41:00+05:30,25049.75,25051.45,25047.15,25049.15,0
2025-06-20T14:42:00+05:30,25049.25,25050.35,25043.55,25044.25,0
2025-06-20T14:43:00+05:30,25044.75,25048.7,25044.55,25047.35,0
2025-06-20T14:44:00+05:30,25047.55,25049.05,25044.45,25046.05,0
2025-06-20T14:45:00+05:30,25045.3,25047.15,25041.25,25046.9,0
2025-06-20T14:46:00+05:30,25047.25,25047.55,25039.95,25039.95,0
2025-06-20T14:47:00+05:30,25040.6,25042.8,25036.55,25041.55,0
2025-06-20T14:48:00+05:30,25041.4,25050.15,25041.4,25048.3,0
2025-06-20T14:49:00+05:30,25047.95,25052.9,25046.85,25048.0,0
2025-06-20T14:50:00+05:30,25046.65,25047.75,25039.75,25040.2,0
2025-06-20T14:51:00+05:30,25039.5,25040.55,25035.6,25036.55,0
2025-06-20T14:52:00+05:30,25036.15,25040.6,25035.45,25038.95,0
2025-06-20T14:53:00+05:30,25039.85,25041.45,25037.15,25038.15,0
2025-06-20T14:54:00+05:30,25038.4,25043.5,25038.0,25038.5,0
2025-06-20T14:55:00+05:30,25038.75,25038.85,25031.75,25035.0,0
2025-06-20T14:56:00+05:30,25035.75,25038.15,25034.45,25035.8,0
2025-06-20T14:57:00+05:30,25035.9,25043.25,25034.4,25041.35,0
2025-06-20T14:58:00+05:30,25040.35,25042.55,25036.8,25041.7,0
2025-06-20T14:59:00+05:30,25042.1,25047.4,25037.6,25046.05,0
2025-06-20T15:00:00+05:30,25046.5,25067.05,25039.85,25063.15,0
2025-06-20T15:01:00+05:30,25063.55,25077.75,25061.15,25077.75,0
2025-06-20T15:02:00+05:30,25078.7,25088.2,25074.25,25086.2,0
2025-06-20T15:03:00+05:30,25087.0,25095.75,25082.6,25094.4,0
2025-06-20T15:04:00+05:30,25094.65,25102.65,25090.25,25101.9,0
2025-06-20T15:05:00+05:30,25101.95,25111.7,25098.9,25110.55,0
2025-06-20T15:06:00+05:30,25110.6,25118.15,25106.7,25116.8,0
2025-06-20T15:07:00+05:30,25116.05,25118.25,25104.15,25111.7,0
2025-06-20T15:08:00+05:30,25110.55,25114.9,25104.35,25113.9,0
2025-06-20T15:09:00+05:30,25114.15,25122.2,25111.2,25119.7,0
2025-06-20T15:10:00+05:30,25121.4,25129.05,25118.15,25126.35,0
2025-06-20T15:11:00+05:30,25126.65,25131.6,25123.65,25130.95,0
2025-06-20T15:12:00+05:30,25131.35,25132.8,25128.45,25129.55,0
2025-06-20T15:13:00+05:30,25128.9,25130.05,25123.45,25124.25,0
2025-06-20T15:14:00+05:30,25123.0,25123.0,25111.9,25116.6,0
2025-06-20T15:15:00+05:30,25116.05,25117.4,25112.45,25115.95,0
2025-06-20T15:16:00+05:30,25115.5,25120.3,25113.85,25116.05,0
2025-06-20T15:17:00+05:30,25116.7,25116.7,25109.45,25110.85,0
2025-06-20T15:18:00+05:30,25112.35,25123.25,25109.45,25122.45,0
2025-06-20T15:19:00+05:30,25122.5,25127.9,25119.75,25126.35,0
2025-06-20T15:20:00+05:30,25125.5,25135.0,25123.1,25133.5,0
2025-06-20T15:21:00+05:30,25134.55,25134.55,25127.05,25130.75,0
2025-06-20T15:22:00+05:30,25130.55,25132.1,25127.35,25129.85,0
2025-06-20T15:23:00+05:30,25131.15,25132.0,25125.95,25127.6,0
2025-06-20T15:24:00+05:30,25128.05,25128.05,25121.15,25121.15,0
2025-06-20T15:25:00+05:30,25123.2,25123.2,25115.05,25121.4,0
2025-06-20T15:26:00+05:30,25122.4,25122.4,25111.3,25111.3,0
2025-06-20T15:27:00+05:30,25111.2,25136.2,25110.75,25131.1,0
2025-06-20T15:28:00+05:30,25133.2,25133.2,25098.75,25098.75,0
2025-06-20T15:29:00+05:30,25096.55,25109.5,25072.8,25079.75,0
2025-06-23T09:15:00+05:30,24939.75,24988.1,24931.2,24968.35,0
2025-06-23T09:16:00+05:30,24966.85,24977.3,24962.3,24963.4,0
2025-06-23T09:17:00+05:30,24961.75,24964.4,24935.75,24935.75,0
2025-06-23T09:18:00+05:30,24936.7,24940.8,24929.55,24931.9,0
2025-06-23T09:19:00+05:30,24933.5,24933.9,24926.05,24930.0,0
2025-06-23T09:20:00+05:30,24930.95,24930.95,24911.15,24927.45,0
2025-06-23T09:21:00+05:30,24927.7,24943.95,24926.85,24943.0,0
2025-06-23T09:22:00+05:30,24943.55,24944.3,24934.35,24934.8,0
2025-06-23T09:23:00+05:30,24934.2,24941.25,24928.5,24930.55,0
2025-06-23T09:24:00+05:30,24929.5,24938.65,24925.85,24927.5,0
2025-06-23T09:25:00+05:30,24925.85,24927.65,24907.2,24907.5,0
2025-06-23T09:26:00+05:30,24909.05,24909.85,24895.05,24896.35,0
2025-06-23T09:27:00+05:30,24894.75,24900.9,24891.15,24898.75,0
2025-06-23T09:28:00+05:30,24896.2,24909.3,24891.0,24902.4,0
2025-06-23T09:29:00+05:30,24902.0,24910.45,24899.35,24908.25,0
2025-06-23T09:30:00+05:30,24908.9,24916.7,24904.2,24910.8,0
2025-06-23T09:31:00+05:30,24910.5,24914.0,24903.7,24904.35,0
2025-06-23T09:32:00+05:30,24905.7,24911.0,24889.6,24890.05,0
2025-06-23T09:33:00+05:30,24890.25,24891.05,24875.4,24875.65,0
2025-06-23T09:34:00+05:30,24875.25,24875.25,24858.75,24863.0,0
2025-06-23T09:35:00+05:30,24864.25,24876.85,24863.0,24874.8,0
2025-06-23T09:36:00+05:30,24874.35,24883.45,24874.35,24879.85,0
2025-06-23T09:37:00+05:30,24881.1,24888.6,24878.5,24884.85,0
2025-06-23T09:38:00+05:30,24885.0,24890.0,24884.25,24887.1,0
2025-06-23T09:39:00+05:30,24888.2,24895.6,24888.0,24895.6,0
2025-06-23T09:40:00+05:30,24896.95,24900.85,24889.65,24889.65,0
2025-06-23T09:41:00+05:30,24889.4,24890.35,24885.4,24889.0,0
2025-06-23T09:42:00+05:30,24887.45,24887.45,24866.45,24868.4,0
2025-06-23T09:43:00+05:30,24868.25,24877.25,24866.0,24877.1,0
2025-06-23T09:44:00+05:30,24877.5,24877.7,24869.3,24871.3,0
2025-06-23T09:45:00+05:30,24870.95,24871.0,24853.5,24858.75,0
2025-06-23T09:46:00+05:30,24858.15,24859.8,24854.7,24857.35,0
2025-06-23T09:47:00+05:30,24857.25,24857.95,24839.15,24840.15,0
2025-06-23T09:48:00+05:30,24839.95,24857.75,24834.55,24856.7,0
2025-06-23T09:49:00+05:30,24857.8,24860.95,24853.85,24857.05,0
2025-06-23T09:50:00+05:30,24857.15,24875.5,24856.25,24874.1,0
2025-06-23T09:51:00+05:30,24873.8,24874.6,24865.45,24868.4,0
2025-06-23T09:52:00+05:30,24868.25,24872.55,24866.3,24867.9,0
2025-06-23T09:53:00+05:30,24866.65,24872.5,24861.95,24871.05,0
2025-06-23T09:54:00+05:30,24871.1,24878.35,24867.35,24867.35,0
2025-06-23T09:55:00+05:30,24867.55,24867.55,24857.0,24861.9,0
2025-06-23T09:56:00+05:30,24861.8,24863.4,24856.6,24857.6,0
2025-06-23T09:57:00+05:30,24857.95,24861.6,24856.2,24857.45,0
2025-06-23T09:58:00+05:30,24856.6,24858.1,24853.8,24854.35,0
2025-06-23T09:59:00+05:30,24854.0,24856.45,24843.05,24853.65,0
2025-06-23T10:00:00+05:30,24854.6,24858.85,24851.55,24852.95,0
2025-06-23T10:01:00+05:30,24853.8,24854.3,24849.55,24853.4,0
2025-06-23T10:02:00+05:30,24853.7,24853.8,24840.8,24840.85,0
2025-06-23T10:03:00+05:30,24840.2,24848.1,24837.5,24843.95,0
2025-06-23T10:04:00+05:30,24844.05,24845.85,24824.85,24829.2,0
2025-06-23T10:05:00+05:30,24830.05,24847.9,24828.8,24846.25,0
2025-06-23T10:06:00+05:30,24845.35,24850.8,24843.5,24850.4,0
2025-06-23T10:07:00+05:30,24850.65,24852.05,24846.55,24848.5,0
2025-06-23T10:08:00+05:30,24848.85,24852.95,24848.25,24848.65,0
2025-06-23T10:09:00+05:30,24848.6,24853.4,24844.45,24853.4,0
2025-06-23T10:10:00+05:30,24853.05,24857.45,24850.1,24850.1,0
2025-06-23T10:11:00+05:30,24851.0,24854.2,24847.5,24853.2,0
2025-06-23T10:12:00+05:30,24853.0,24856.25,24851.65,24856.1,0
2025-06-23T10:13:00+05:30,24855.45,24856.5,24848.45,24848.6,0
2025-06-23T10:14:00+05:30,24849.4,24864.0,24848.1,24863.1,0
2025-06-23T10:15:00+05:30,24863.4,24863.4,24857.35,24859.1,0
2025-06-23T10:16:00+05:30,24859.95,24865.05,24859.45,24864.35,0
2025-06-23T10:17:00+05:30,24863.85,24864.7,24856.75,24860.75,0
2025-06-23T10:18:00+05:30,24862.45,24865.55,24859.75,24861.8,0
2025-06-23T10:19:00+05:30,24862.15,24866.85,24858.55,24865.75,0
2025-06-23T10:20:00+05:30,24865.55,24872.9,24865.55,24872.5,0
2025-06-23T10:21:00+05:30,24872.8,24881.15,24871.5,24878.4,0
2025-06-23T10:22:00+05:30,24878.1,24879.35,24872.85,24879.35,0
2025-06-23T10:23:00+05:30,24878.0,24881.05,24875.5,24878.65,0
2025-06-23T10:24:00+05:30,24878.25,24885.65,24878.25,24884.9,0
2025-06-23T10:25:00+05:30,24886.3,24892.1,24881.5,24883.25,0
2025-06-23T10:26:00+05:30,24882.15,24883.7,24877.6,24879.0,0
2025-06-23T10:27:00+05:30,24879.15,24893.05,24878.05,24892.3,0
2025-06-23T10:28:00+05:30,24892.2,24893.45,24889.15,24891.9,0
2025-06-23T10:29:00+05:30,24892.25,24894.3,24888.7,24893.75,0
2025-06-23T10:30:00+05:30,24893.3,24896.35,24893.3,24895.45,0
2025-06-23T10:31:00+05:30,24895.6,24898.6,24893.75,24895.45,0
2025-06-23T10:32:00+05:30,24895.5,24899.15,24891.7,24898.3,0
2025-06-23T10:33:00+05:30,24897.9,24902.45,24896.95,24899.55,0
2025-06-23T10:34:00+05:30,24900.15,24905.9,24900.15,24903.75,0
2025-06-23T10:35:00+05:30,24903.55,24906.4,24900.6,24901.25,0
2025-06-23T10:36:00+05:30,24901.35,24902.15,24893.75,24896.0,0
2025-06-23T10:37:00+05:30,24896.45,24897.3,24885.55,24888.0,0
2025-06-23T10:38:00+05:30,24888.1,24895.75,24887.05,24894.0,0
2025-06-23T10:39:00+05:30,24894.55,24905.0,24894.1,24903.35,0
2025-06-23T10:40:00+05:30,24903.15,24904.7,24899.45,24900.5,0
2025-06-23T10:41:00+05:30,24900.6,24905.15,24898.2,24904.8,0
2025-06-23T10:42:00+05:30,24904.75,24920.6,24904.2,24920.6,0
2025-06-23T10:43:00+05:30,24919.4,24925.1,24918.9,24919.6,0
2025-06-23T10:44:00+05:30,24919.35,24921.55,24912.8,24919.75,0
2025-06-23T10:45:00+05:30,24920.1,24927.1,24918.6,24924.85,0
2025-06-23T10:46:00+05:30,24923.55,24932.05,24923.55,24929.8,0
2025-06-23T10:47:00+05:30,24928.95,24935.55,24928.45,24934.3,0
2025-06-23T10:48:00+05:30,24934.7,24935.65,24929.25,24935.4,0
2025-06-23T10:49:00+05:30,24935.5,24936.1,24930.35,24934.0,0
2025-06-23T10:50:00+05:30,24933.05,24939.05,24923.45,24924.3,0
2025-06-23T10:51:00+05:30,24924.0,24924.9,24912.45,24921.85,0
2025-06-23T10:52:00+05:30,24922.6,24924.5,24916.2,24918.1,0
2025-06-23T10:53:00+05:30,24917.95,24917.95,24911.15,24914.3,0
2025-06-23T10:54:00+05:30,24913.8,24916.45,24911.8,24915.35,0
2025-06-23T10:55:00+05:30,24915.9,24919.7,24908.85,24909.75,0
2025-06-23T10:56:00+05:30,24909.95,24916.2,24908.4,24913.55,0
2025-06-23T10:57:00+05:30,24912.85,24921.4,24912.35,24918.25,0
2025-06-23T10:58:00+05:30,24919.0,24920.1,24916.8,24918.4,0
2025-06-23T10:59:00+05:30,24918.45,24920.6,24916.9,24918.5,0
2025-06-23T11:00:00+05:30,24918.05,24920.2,24914.6,24918.05,0
2025-06-23T11:01:00+05:30,24919.25,24919.85,24913.0,24919.55,0
2025-06-23T11:02:00+05:30,24920.0,24920.0,24912.45,24912.45,0
2025-06-23T11:03:00+05:30,24912.5,24916.55,24910.45,24916.55,0
2025-06-23T11:04:00+05:30,24916.65,24916.65,24909.4,24912.15,0
2025-06-23T11:05:00+05:30,24911.65,24914.65,24909.95,24912.55,0
2025-06-23T11:06:00+05:30,24912.3,24914.6,24902.6,24903.05,0
2025-06-23T11:07:00+05:30,24904.25,24907.9,24903.45,24907.0,0
2025-06-23T11:08:00+05:30,24906.95,24914.4,24906.4,24912.7,0
2025-06-23T11:09:00+05:30,24912.9,24924.35,24911.35,24919.35,0
2025-06-23T11:10:00+05:30,24920.05,24922.8,24915.1,24917.65,0
2025-06-23T11:11:00+05:30,24916.0,24919.95,24914.7,24916.4,0
2025-06-23T11:12:00+05:30,24916.65,24924.05,24916.4,24921.6,0
2025-06-23T11:13:00+05:30,24921.1,24928.1,24920.8,24926.3,0
2025-06-23T11:14:00+05:30,24927.2,24933.4,24926.45,24928.55,0
2025-06-23T11:15:00+05:30,24929.45,24933.25,24927.95,24929.2,0
2025-06-23T11:16:00+05:30,24928.8,24930.5,24923.95,24923.95,0
2025-06-23T11:17:00+05:30,24923.75,24927.6,24921.4,24925.65,0
2025-06-23T11:18:00+05:30,24926.45,24930.2,24924.7,24927.2,0
2025-06-23T11:19:00+05:30,24927.55,24927.55,24922.9,24925.25,0
2025-06-23T11:20:00+05:30,24925.65,24926.75,24922.1,24925.85,0
2025-06-23T11:21:00+05:30,24925.7,24929.65,24920.35,24921.35,0
2025-06-23T11:22:00+05:30,24920.55,24932.85,24920.55,24932.25,0
2025-06-23T11:23:00+05:30,24931.45,24932.7,24927.8,24931.85,0
2025-06-23T11:24:00+05:30,24932.05,24944.2,24931.35,24943.5,0
2025-06-23T11:25:00+05:30,24943.1,24948.85,24941.45,24946.5,0
2025-06-23T11:26:00+05:30,24946.15,24949.15,24937.15,24938.15,0
2025-06-23T11:27:00+05:30,24937.3,24942.05,24936.95,24940.25,0
2025-06-23T11:28:00+05:30,24940.05,24948.3,24940.05,24945.0,0
2025-06-23T11:29:00+05:30,24944.4,24948.55,24942.5,24945.95,0
2025-06-23T11:30:00+05:30,24945.15,24949.65,24944.95,24944.95,0
2025-06-23T11:31:00+05:30,24946.0,24950.55,24945.25,24947.55,0
2025-06-23T11:32:00+05:30,24947.35,24953.95,24947.35,24953.75,0
2025-06-23T11:33:00+05:30,24953.5,24956.2,24950.7,24953.4,0
2025-06-23T11:34:00+05:30,24953.9,24955.8,24951.6,24953.25,0
2025-06-23T11:35:00+05:30,24953.3,24955.35,24945.85,24949.2,0
2025-06-23T11:36:00+05:30,24949.3,24951.8,24947.35,24949.7,0
2025-06-23T11:37:00+05:30,24950.95,24951.1,24946.85,24949.7,0
2025-06-23T11:38:00+05:30,24949.25,24961.35,24949.25,24959.6,0
2025-06-23T11:39:00+05:30,24958.95,24960.8,24952.1,24956.2,0
2025-06-23T11:40:00+05:30,24955.9,24959.4,24955.75,24958.9,0
2025-06-23T11:41:00+05:30,24960.4,24963.35,24958.15,24962.3,0
2025-06-23T11:42:00+05:30,24962.2,24964.1,24958.0,24962.3,0
2025-06-23T11:43:00+05:30,24962.6,24968.8,24962.6,24965.85,0
2025-06-23T11:44:00+05:30,24966.15,24967.65,24961.55,24963.05,0
2025-06-23T11:45:00+05:30,24962.35,24963.4,24952.7,24952.7,0
2025-06-23T11:46:00+05:30,24952.75,24959.7,24951.95,24954.25,0
2025-06-23T11:47:00+05:30,24954.0,24955.9,24950.6,24952.8,0
2025-06-23T11:48:00+05:30,24952.65,24954.2,24946.1,24950.55,0
2025-06-23T11:49:00+05:30,24950.25,24957.6,24950.25,24954.4,0
2025-06-23T11:50:00+05:30,24955.05,24956.35,24950.1,24951.7,0
2025-06-23T11:51:00+05:30,24951.05,24952.9,24937.05,24939.5,0
2025-06-23T11:52:00+05:30,24939.55,24946.85,24939.55,24946.45,0
2025-06-23T11:53:00+05:30,24945.95,24947.1,24935.2,24935.85,0
2025-06-23T11:54:00+05:30,24935.3,24939.25,24928.8,24931.65,0
2025-06-23T11:55:00+05:30,24930.95,24938.95,24928.95,24938.55,0
2025-06-23T11:56:00+05:30,24938.0,24938.15,24933.1,24935.4,0
2025-06-23T11:57:00+05:30,24935.0,24936.45,24931.55,24934.05,0
2025-06-23T11:58:00+05:30,24933.1,24936.0,24930.85,24931.9,0
2025-06-23T11:59:00+05:30,24931.6,24936.2,24929.7,24935.65,0
2025-06-23T12:00:00+05:30,24934.8,24940.45,24933.0,24939.15,0
2025-06-23T12:01:00+05:30,24938.8,24940.35,24934.6,24939.5,0
2025-06-23T12:02:00+05:30,24938.65,24941.95,24935.0,24940.35,0
2025-06-23T12:03:00+05:30,24939.75,24941.15,24934.45,24934.95,0
2025-06-23T12:04:00+05:30,24934.65,24935.9,24932.3,24934.6,0
2025-06-23T12:05:00+05:30,24933.75,24939.95,24933.75,24939.95,0
2025-06-23T12:06:00+05:30,24939.0,24943.85,24937.05,24943.75,0
2025-06-23T12:07:00+05:30,24941.8,24947.9,24941.8,24943.85,0
2025-06-23T12:08:00+05:30,24943.45,24948.8,24942.2,24947.4,0
2025-06-23T12:09:00+05:30,24947.05,24948.75,24945.35,24948.15,0
2025-06-23T12:10:00+05:30,24947.65,24950.3,24946.65,24949.6,0
2025-06-23T12:11:00+05:30,24948.7,24952.15,24948.7,24952.0,0
2025-06-23T12:12:00+05:30,24951.8,24952.3,24944.45,24944.45,0
2025-06-23T12:13:00+05:30,24944.65,24945.6,24940.05,24941.05,0
2025-06-23T12:14:00+05:30,24940.65,24944.2,24939.8,24941.9,0
2025-06-23T12:15:00+05:30,24941.6,24947.7,24941.6,24946.95,0
2025-06-23T12:16:00+05:30,24947.05,24949.45,24945.0,24946.85,0
2025-06-23T12:17:00+05:30,24946.15,24950.55,24946.15,24950.55,0
2025-06-23T12:18:00+05:30,24950.1,24952.5,24948.7,24949.3,0
2025-06-23T12:19:00+05:30,24948.6,24950.0,24946.6,24948.85,0
2025-06-23T12:20:00+05:30,24947.95,24950.05,24946.0,24949.9,0
2025-06-23T12:21:00+05:30,24949.6,24952.85,24948.25,24951.95,0
2025-06-23T12:22:00+05:30,24952.15,24955.2,24950.45,24954.1,0
2025-06-23T12:23:00+05:30,24953.0,24955.9,24948.85,24950.4,0
2025-06-23T12:24:00+05:30,24950.25,24951.45,24944.35,24949.25,0
2025-06-23T12:25:00+05:30,24948.1,24949.65,24942.85,24944.1,0
2025-06-23T12:26:00+05:30,24943.75,24948.45,24943.2,24945.6,0
2025-06-23T12:27:00+05:30,24945.8,24948.0,24941.2,24943.75,0
2025-06-23T12:28:00+05:30,24943.05,24943.95,24939.6,24942.4,0
2025-06-23T12:29:00+05:30,24941.5,24944.6,24939.9,24943.9,0
2025-06-23T12:30:00+05:30,24943.25,24950.3,24943.25,24949.8,0
2025-06-23T12:31:00+05:30,24949.25,24952.55,24945.65,24950.9,0
2025-06-23T12:32:00+05:30,24949.8,24953.65,24944.05,24945.55,0
2025-06-23T12:33:00+05:30,24944.35,24947.5,24942.35,24944.75,0
2025-06-23T12:34:00+05:30,24944.15,24945.25,24941.7,24943.45,0
2025-06-23T12:35:00+05:30,24943.1,24945.65,24940.8,24944.7,0
2025-06-23T12:36:00+05:30,24943.9,24946.2,24942.6,24944.35,0
2025-06-23T12:37:00+05:30,24943.85,24945.65,24942.35,24944.45,0
2025-06-23T12:38:00+05:30,24944.35,24945.3,24939.2,24941.3,0
2025-06-23T12:39:00+05:30,24940.5,24944.9,24938.3,24944.1,0
2025-06-23T12:40:00+05:30,24943.05,24951.45,24942.85,24950.4,0
2025-06-23T12:41:00+05:30,24949.95,24954.4,24949.95,24953.35,0
2025-06-23T12:42:00+05:30,24951.9,24959.1,24951.4,24958.6,0
2025-06-23T12:43:00+05:30,24958.7,24963.2,24957.05,24962.75,0
2025-06-23T12:44:00+05:30,24961.5,24963.05,24960.4,24961.1,0
2025-06-23T12:45:00+05:30,24960.85,24964.15,24956.15,24957.85,0
2025-06-23T12:46:00+05:30,24957.15,24958.1,24952.55,24956.8,0
2025-06-23T12:47:00+05:30,24956.1,24956.85,24947.65,24951.25,0
2025-06-23T12:48:00+05:30,24949.55,24951.2,24942.3,24943.5,0
2025-06-23T12:49:00+05:30,24942.7,24947.25,24942.1,24945.6,0
2025-06-23T12:50:00+05:30,24943.75,24947.85,24942.1,24946.7,0
2025-06-23T12:51:00+05:30,24945.8,24949.1,24945.8,24947.55,0
2025-06-23T12:52:00+05:30,24947.4,24952.3,24946.2,24950.45,0
2025-06-23T12:53:00+05:30,24949.95,24952.5,24946.25,24949.85,0
2025-06-23T12:54:00+05:30,24949.5,24950.45,24946.9,24949.2,0
2025-06-23T12:55:00+05:30,24947.9,24950.75,24946.05,24947.85,0
2025-06-23T12:56:00+05:30,24947.3,24948.8,24944.9,24948.0,0
2025-06-23T12:57:00+05:30,24947.35,24950.75,24946.65,24949.4,0
2025-06-23T12:58:00+05:30,24949.0,24950.25,24945.85,24947.75,0
2025-06-23T12:59:00+05:30,24946.95,24950.8,24945.95,24950.0,0
2025-06-23T13:00:00+05:30,24948.85,24952.45,24947.9,24950.75,0
2025-06-23T13:01:00+05:30,24949.85,24953.0,24949.2,24951.7,0
2025-06-23T13:02:00+05:30,24950.65,24953.3,24948.0,24952.5,0
2025-06-23T13:03:00+05:30,24951.95,24953.9,24950.5,24952.6,0
2025-06-23T13:04:00+05:30,24952.3,24954.15,24948.4,24950.25,0
2025-06-23T13:05:00+05:30,24950.1,24950.85,24945.6,24946.7,0
2025-06-23T13:06:00+05:30,24946.2,24952.85,24945.4,24951.35,0
2025-06-23T13:07:00+05:30,24950.85,24952.45,24949.3,24950.45,0
2025-06-23T13:08:00+05:30,24949.85,24952.7,24948.3,24949.9,0
2025-06-23T13:09:00+05:30,24949.45,24951.55,24947.95,24949.05,0
2025-06-23T13:10:00+05:30,24948.75,24952.95,24947.65,24950.9,0
2025-06-23T13:11:00+05:30,24950.4,24954.6,24950.0,24952.85,0
2025-06-23T13:12:00+05:30,24952.45,24957.2,24952.25,24956.95,0
2025-06-23T13:13:00+05:30,24955.9,24962.05,24955.7,24961.5,0
2025-06-23T13:14:00+05:30,24960.7,24963.55,24959.3,24963.55,0
2025-06-23T13:15:00+05:30,24962.4,24966.95,24961.8,24965.5,0
2025-06-23T13:16:00+05:30,24965.6,24973.2,24964.55,24970.05,0
2025-06-23T13:17:00+05:30,24969.55,24976.7,24969.15,24975.55,0
2025-06-23T13:18:00+05:30,24974.7,24977.6,24974.2,24975.15,0
2025-06-23T13:19:00+05:30,24974.7,24976.25,24971.55,24976.25,0
2025-06-23T13:20:00+05:30,24975.8,25003.05,24975.8,25002.6,0
2025-06-23T13:21:00+05:30,25000.7,25020.85,25000.7,25020.8,0
2025-06-23T13:22:00+05:30,25021.9,25032.5,25017.35,25019.85,0
2025-06-23T13:23:00+05:30,25018.85,25021.45,25015.3,25019.05,0
2025-06-23T13:24:00+05:30,25017.45,25023.6,25015.8,25021.55,0
2025-06-23T13:25:00+05:30,25020.3,25029.05,25020.3,25025.4,0
2025-06-23T13:26:00+05:30,25024.1,25025.1,25019.9,25024.7,0
2025-06-23T13:27:00+05:30,25024.25,25029.85,25024.25,25026.65,0
2025-06-23T13:28:00+05:30,25026.8,25038.8,25025.05,25035.95,0
2025-06-23T13:29:00+05:30,25036.1,25039.7,25029.05,25030.4,0
2025-06-23T13:30:00+05:30,25028.9,25042.6,25028.9,25042.4,0
2025-06-23T13:31:00+05:30,25041.85,25046.05,25040.25,25041.45,0
2025-06-23T13:32:00+05:30,25040.65,25041.3,25030.4,25031.65,0
2025-06-23T13:33:00+05:30,25031.2,25031.6,25025.0,25026.85,0
2025-06-23T13:34:00+05:30,25026.45,25031.15,25024.65,25031.15,0
2025-06-23T13:35:00+05:30,25028.4,25035.3,25028.35,25031.9,0
2025-06-23T13:36:00+05:30,25030.6,25031.35,25018.2,25020.55,0
2025-06-23T13:37:00+05:30,25020.2,25025.4,25019.2,25023.4,0
2025-06-23T13:38:00+05:30,25022.95,25030.0,25022.5,25030.0,0
2025-06-23T13:39:00+05:30,25029.5,25032.3,25027.95,25028.6,0
2025-06-23T13:40:00+05:30,25028.3,25033.9,25027.1,25033.9,0
2025-06-23T13:41:00+05:30,25032.2,25033.7,25026.8,25030.1,0
2025-06-23T13:42:00+05:30,25029.1,25031.85,25025.0,25026.1,0
2025-06-23T13:43:00+05:30,25025.75,25027.2,25023.5,25024.1,0
2025-06-23T13:44:00+05:30,25022.85,25023.65,25019.5,25021.45,0
2025-06-23T13:45:00+05:30,25020.45,25023.8,25015.95,25020.95,0
2025-06-23T13:46:00+05:30,25019.3,25020.8,25016.75,25018.2,0
2025-06-23T13:47:00+05:30,25017.25,25018.9,25013.35,25014.5,0
2025-06-23T13:48:00+05:30,25014.65,25019.6,25013.45,25015.25,0
2025-06-23T13:49:00+05:30,25014.5,25020.0,25014.1,25016.3,0
2025-06-23T13:50:00+05:30,25015.5,25024.0,25014.35,25020.9,0
2025-06-23T13:51:00+05:30,25019.7,25028.05,25019.05,25025.35,0
2025-06-23T13:52:00+05:30,25024.7,25026.35,25016.65,25018.35,0
2025-06-23T13:53:00+05:30,25017.3,25020.5,25013.95,25019.55,0
2025-06-23T13:54:00+05:30,25018.15,25019.75,25016.2,25018.45,0
2025-06-23T13:55:00+05:30,25017.2,25023.3,25016.05,25017.45,0
2025-06-23T13:56:00+05:30,25016.8,25023.6,25016.8,25020.1,0
2025-06-23T13:57:00+05:30,25019.0,25021.5,25013.6,25016.65,0
2025-06-23T13:58:00+05:30,25016.45,25020.6,25013.65,25016.9,0
2025-06-23T13:59:00+05:30,25016.8,25019.55,25014.6,25019.35,0
2025-06-23T14:00:00+05:30,25018.85,25027.8,25017.9,25026.6,0
2025-06-23T14:01:00+05:30,25025.95,25043.05,25024.6,25036.7,0
2025-06-23T14:02:00+05:30,25036.05,25044.9,25034.85,25044.9,0
2025-06-23T14:03:00+05:30,25044.0,25045.45,25035.95,25040.25,0
2025-06-23T14:04:00+05:30,25039.5,25049.1,25036.4,25048.75,0
2025-06-23T14:05:00+05:30,25045.95,25057.0,25041.65,25042.15,0
2025-06-23T14:06:00+05:30,25041.35,25043.95,25038.95,25041.35,0
2025-06-23T14:07:00+05:30,25039.9,25042.75,25036.35,25037.1,0
2025-06-23T14:08:00+05:30,25036.15,25038.15,25030.4,25032.55,0
2025-06-23T14:09:00+05:30,25032.1,25032.7,25028.45,25030.9,0
2025-06-23T14:10:00+05:30,25030.35,25033.25,25027.0,25028.4,0
2025-06-23T14:11:00+05:30,25026.8,25028.5,25023.7,25028.5,0
2025-06-23T14:12:00+05:30,25026.8,25029.15,25021.45,25022.8,0
2025-06-23T14:13:00+05:30,25021.9,25023.2,25014.4,25016.35,0
2025-06-23T14:14:00+05:30,25014.65,25015.85,25010.5,25015.1,0
2025-06-23T14:15:00+05:30,25013.6,25018.6,25012.8,25016.0,0
2025-06-23T14:16:00+05:30,25014.6,25015.5,25008.05,25009.6,0
2025-06-23T14:17:00+05:30,25008.75,25012.15,25007.65,25011.2,0
2025-06-23T14:18:00+05:30,25010.1,25011.5,25007.95,25010.8,0
2025-06-23T14:19:00+05:30,25009.45,25011.0,25000.9,25002.1,0
2025-06-23T14:20:00+05:30,25000.75,25003.7,24999.95,25003.15,0
2025-06-23T14:21:00+05:30,25001.95,25002.15,24995.85,25000.2,0
2025-06-23T14:22:00+05:30,24999.15,25001.9,24994.15,24994.75,0
2025-06-23T14:23:00+05:30,24993.9,24995.8,24986.7,24991.35,0
2025-06-23T14:24:00+05:30,24990.55,24997.3,24988.6,24991.2,0
2025-06-23T14:25:00+05:30,24990.55,24996.6,24988.15,24993.85,0
2025-06-23T14:26:00+05:30,24993.7,24995.9,24989.95,24992.15,0
2025-06-23T14:27:00+05:30,24990.4,24991.3,24984.75,24987.45,0
2025-06-23T14:28:00+05:30,24986.7,25001.1,24984.3,25001.1,0
2025-06-23T14:29:00+05:30,25001.15,25002.0,24996.7,24999.85,0
2025-06-23T14:30:00+05:30,24999.25,24999.25,24982.7,24984.3,0
2025-06-23T14:31:00+05:30,24983.15,24990.45,24982.0,24990.45,0
2025-06-23T14:32:00+05:30,24989.25,24995.15,24988.6,24991.55,0
2025-06-23T14:33:00+05:30,24991.3,24996.9,24987.35,24993.1,0
2025-06-23T14:34:00+05:30,24992.15,24992.75,24986.9,24990.65,0
2025-06-23T14:35:00+05:30,24989.45,24993.1,24986.0,24993.1,0
2025-06-23T14:36:00+05:30,24992.9,24996.95,24987.8,24994.45,0
2025-06-23T14:37:00+05:30,24993.7,24994.7,24988.45,24989.55,0
2025-06-23T14:38:00+05:30,24988.8,24991.2,24985.5,24988.3,0
2025-06-23T14:39:00+05:30,24987.85,24988.75,24979.15,24980.55,0
2025-06-23T14:40:00+05:30,24980.1,24983.55,24978.7,24981.4,0
2025-06-23T14:41:00+05:30,24980.3,24983.9,24979.25,24983.3,0
2025-06-23T14:42:00+05:30,24982.8,24987.45,24982.15,24984.7,0
2025-06-23T14:43:00+05:30,24984.45,24987.4,24978.0,24979.8,0
2025-06-23T14:44:00+05:30,24979.25,24985.7,24978.7,24985.5,0
2025-06-23T14:45:00+05:30,24985.25,24991.2,24983.3,24987.1,0
2025-06-23T14:46:00+05:30,24986.55,24989.95,24982.15,24983.7,0
2025-06-23T14:47:00+05:30,24983.45,24983.45,24972.5,24977.95,0
2025-06-23T14:48:00+05:30,24977.6,24984.1,24976.8,24979.2,0
2025-06-23T14:49:00+05:30,24978.7,24983.2,24976.95,24983.2,0
2025-06-23T14:50:00+05:30,24982.0,24987.85,24980.95,24984.15,0
2025-06-23T14:51:00+05:30,24984.2,24985.5,24979.95,24981.5,0
2025-06-23T14:52:00+05:30,24980.8,24984.55,24977.65,24979.8,0
2025-06-23T14:53:00+05:30,24979.15,24984.65,24975.5,24982.25,0
2025-06-23T14:54:00+05:30,24981.95,24984.9,24978.85,24984.9,0
2025-06-23T14:55:00+05:30,24984.6,24987.3,24983.3,24986.65,0
2025-06-23T14:56:00+05:30,24986.1,24988.25,24982.85,24986.95,0
2025-06-23T14:57:00+05:30,24985.1,24988.1,24983.45,24984.25,0
2025-06-23T14:58:00+05:30,24983.1,24990.3,24981.0,24989.4,0
2025-06-23T14:59:00+05:30,24988.5,24990.05,24985.2,24987.05,0
2025-06-23T15:00:00+05:30,24987.8,24991.8,24983.3,24989.2,0
2025-06-23T15:01:00+05:30,24989.1,24994.8,24988.5,24990.4,0
2025-06-23T15:02:00+05:30,24990.8,24992.35,24989.15,24991.8,0
2025-06-23T15:03:00+05:30,24991.3,24992.9,24987.95,24989.3,0
2025-06-23T15:04:00+05:30,24989.15,24990.1,24986.35,24987.65,0
2025-06-23T15:05:00+05:30,24986.8,24989.7,24982.8,24984.0,0
2025-06-23T15:06:00+05:30,24983.9,24984.4,24980.35,24981.05,0
2025-06-23T15:07:00+05:30,24981.3,24981.55,24977.3,24978.85,0
2025-06-23T15:08:00+05:30,24978.45,24982.8,24976.85,24981.6,0
2025-06-23T15:09:00+05:30,24981.45,24981.55,24978.0,24981.2,0
2025-06-23T15:10:00+05:30,24982.25,24987.45,24981.85,24986.35,0
2025-06-23T15:11:00+05:30,24985.35,24985.9,24982.55,24983.6,0
2025-06-23T15:12:00+05:30,24983.4,24984.2,24980.1,24982.7,0
2025-06-23T15:13:00+05:30,24982.45,24984.6,24981.15,24984.6,0
2025-06-23T15:14:00+05:30,24983.05,24985.3,24979.55,24979.9,0
2025-06-23T15:15:00+05:30,24980.6,24980.6,24977.4,24978.25,0
2025-06-23T15:16:00+05:30,24980.35,24981.1,24975.65,24980.55,0
2025-06-23T15:17:00+05:30,24981.2,24986.0,24980.25,24983.5,0
2025-06-23T15:18:00+05:30,24984.4,24984.4,24976.6,24977.25,0
2025-06-23T15:19:00+05:30,24978.4,24979.35,24974.45,24975.1,0
2025-06-23T15:20:00+05:30,24975.9,24976.15,24969.0,24970.4,0
2025-06-23T15:21:00+05:30,24971.6,24972.6,24968.6,24972.6,0
2025-06-23T15:22:00+05:30,24973.6,24973.8,24968.55,24968.6,0
2025-06-23T15:23:00+05:30,24969.6,24971.9,24965.5,24966.2,0
2025-06-23T15:24:00+05:30,24966.35,24967.85,24964.0,24966.05,0
2025-06-23T15:25:00+05:30,24964.05,24969.4,24963.95,24965.6,0
2025-06-23T15:26:00+05:30,24966.2,24967.7,24962.65,24965.35,0
2025-06-23T15:27:00+05:30,24965.7,24966.75,24954.6,24954.6,0
2025-06-23T15:28:00+05:30,24954.95,24960.75,24951.7,24959.65,0
2025-06-23T15:29:00+05:30,24958.9,24961.85,24955.3,24958.9,0
2025-06-24T09:15:00+05:30,25179.9,25219.85,25150.0,25216.5,0
2025-06-24T09:16:00+05:30,25216.6,25250.85,25216.6,25235.45,0
2025-06-24T09:17:00+05:30,25236.95,25243.9,25228.1,25228.85,0
2025-06-24T09:18:00+05:30,25228.6,25231.2,25217.55,25228.5,0
2025-06-24T09:19:00+05:30,25227.6,25236.0,25223.15,25234.4,0
2025-06-24T09:20:00+05:30,25234.8,25246.4,25234.7,25242.15,0
2025-06-24T09:21:00+05:30,25243.25,25248.1,25239.95,25243.65,0
2025-06-24T09:22:00+05:30,25242.6,25243.25,25228.35,25229.3,0
2025-06-24T09:23:00+05:30,25228.2,25240.4,25225.9,25235.35,0
2025-06-24T09:24:00+05:30,25234.65,25236.9,25226.25,25228.5,0
2025-06-24T09:25:00+05:30,25229.4,25229.4,25215.35,25217.0,0
2025-06-24T09:26:00+05:30,25219.85,25221.35,25197.25,25206.45,0
2025-06-24T09:27:00+05:30,25207.0,25208.5,25194.3,25207.2,0
2025-06-24T09:28:00+05:30,25206.8,25217.4,25202.05,25211.0,0
2025-06-24T09:29:00+05:30,25210.75,25210.95,25197.45,25199.5,0
2025-06-24T09:30:00+05:30,25199.9,25208.9,25193.05,25199.75,0
2025-06-24T09:31:00+05:30,25201.85,25206.4,25197.65,25198.65,0
2025-06-24T09:32:00+05:30,25197.8,25206.65,25195.5,25201.45,0
2025-06-24T09:33:00+05:30,25202.1,25205.5,25196.2,25200.15,0
2025-06-24T09:34:00+05:30,25200.25,25210.7,25199.2,25207.6,0
2025-06-24T09:35:00+05:30,25207.85,25208.5,25188.3,25188.35,0
2025-06-24T09:36:00+05:30,25188.45,25188.45,25164.25,25164.25,0
2025-06-24T09:37:00+05:30,25165.8,25167.95,25147.7,25149.75,0
2025-06-24T09:38:00+05:30,25149.15,25155.1,25140.25,25154.8,0
2025-06-24T09:39:00+05:30,25155.15,25168.4,25153.95,25163.3,0
2025-06-24T09:40:00+05:30,25163.25,25164.15,25154.9,25155.25,0
2025-06-24T09:41:00+05:30,25156.55,25160.75,25147.9,25160.45,0
2025-06-24T09:42:00+05:30,25163.65,25181.5,25162.65,25180.4,0
2025-06-24T09:43:00+05:30,25180.35,25191.9,25178.2,25188.6,0
2025-06-24T09:44:00+05:30,25188.7,25189.15,25174.65,25176.3,0
2025-06-24T09:45:00+05:30,25176.4,25177.2,25164.85,25167.1,0
2025-06-24T09:46:00+05:30,25166.95,25167.65,25149.7,25150.55,0
2025-06-24T09:47:00+05:30,25152.55,25156.75,25150.8,25151.4,0
2025-06-24T09:48:00+05:30,25152.6,25154.35,25118.75,25119.4,0
2025-06-24T09:49:00+05:30,25119.5,25138.7,25118.5,25138.15,0
2025-06-24T09:50:00+05:30,25137.9,25157.8,25137.35,25157.8,0
2025-06-24T09:51:00+05:30,25158.5,25163.05,25153.4,25154.1,0
2025-06-24T09:52:00+05:30,25154.3,25157.35,25152.75,25154.25,0
2025-06-24T09:53:00+05:30,25154.85,25154.9,25138.45,25142.1,0
2025-06-24T09:54:00+05:30,25141.85,25166.7,25141.0,25166.7,0
2025-06-24T09:55:00+05:30,25165.55,25172.95,25161.55,25170.45,0
2025-06-24T09:56:00+05:30,25170.1,25172.9,25166.15,25170.9,0
2025-06-24T09:57:00+05:30,25172.45,25201.25,25170.95,25200.3,0
2025-06-24T09:58:00+05:30,25203.35,25209.85,25196.05,25196.85,0
2025-06-24T09:59:00+05:30,25197.85,25197.85,25189.9,25193.0,0
2025-06-24T10:00:00+05:30,25193.45,25208.2,25191.25,25202.7,0
2025-06-24T10:01:00+05:30,25201.95,25206.3,25195.1,25197.35,0
2025-06-24T10:02:00+05:30,25197.55,25217.1,25194.1,25208.3,0
2025-06-24T10:03:00+05:30,25210.05,25219.4,25208.35,25215.25,0
2025-06-24T10:04:00+05:30,25216.75,25218.85,25205.6,25207.1,0
2025-06-24T10:05:00+05:30,25207.15,25216.7,25206.15,25212.4,0
2025-06-24T10:06:00+05:30,25212.65,25216.05,25207.05,25208.65,0
2025-06-24T10:07:00+05:30,25210.35,25210.4,25195.1,25195.1,0
2025-06-24T10:08:00+05:30,25195.25,25200.9,25189.75,25193.3,0
2025-06-24T10:09:00+05:30,25192.9,25205.2,25192.3,25204.95,0
2025-06-24T10:10:00+05:30,25204.25,25224.7,25202.1,25222.65,0
2025-06-24T10:11:00+05:30,25222.35,25247.3,25221.3,25228.35,0
2025-06-24T10:12:00+05:30,25229.8,25237.6,25226.75,25235.85,0
2025-06-24T10:13:00+05:30,25236.1,25239.45,25230.3,25232.15,0
2025-06-24T10:14:00+05:30,25233.0,25235.95,25229.05,25232.6,0
2025-06-24T10:15:00+05:30,25233.35,25239.85,25232.6,25238.0,0
2025-06-24T10:16:00+05:30,25238.4,25238.55,25232.8,25233.55,0
2025-06-24T10:17:00+05:30,25233.15,25257.95,25232.6,25254.3,0
2025-06-24T10:18:00+05:30,25254.0,25254.0,25239.9,25240.25,0
2025-06-24T10:19:00+05:30,25240.35,25243.9,25236.2,25236.8,0
2025-06-24T10:20:00+05:30,25236.7,25237.4,25206.65,25212.7,0
2025-06-24T10:21:00+05:30,25212.85,25218.5,25212.45,25214.3,0
2025-06-24T10:22:00+05:30,25215.15,25236.05,25214.15,25225.25,0
2025-06-24T10:23:00+05:30,25225.4,25234.5,25221.85,25231.6,0
2025-06-24T10:24:00+05:30,25231.8,25232.55,25224.6,25224.6,0
2025-06-24T10:25:00+05:30,25225.85,25225.85,25218.2,25220.15,0
2025-06-24T10:26:00+05:30,25220.55,25222.05,25215.15,25217.25,0
2025-06-24T10:27:00+05:30,25216.75,25234.25,25216.05,25226.4,0
2025-06-24T10:28:00+05:30,25227.4,25233.35,25225.0,25232.6,0
2025-06-24T10:29:00+05:30,25231.25,25236.45,25229.3,25233.5,0
2025-06-24T10:30:00+05:30,25234.8,25238.5,25232.0,25233.05,0
2025-06-24T10:31:00+05:30,25233.5,25246.3,25231.9,25246.3,0
2025-06-24T10:32:00+05:30,25247.1,25247.5,25236.15,25238.4,0
2025-06-24T10:33:00+05:30,25238.3,25240.7,25235.1,25235.15,0
2025-06-24T10:34:00+05:30,25235.0,25235.35,25219.7,25219.7,0
2025-06-24T10:35:00+05:30,25220.05,25224.9,25212.35,25224.9,0
2025-06-24T10:36:00+05:30,25225.4,25225.4,25214.55,25219.2,0
2025-06-24T10:37:00+05:30,25219.8,25223.9,25218.8,25220.3,0
2025-06-24T10:38:00+05:30,25220.7,25220.7,25216.0,25216.85,0
2025-06-24T10:39:00+05:30,25217.1,25217.65,25214.15,25215.1,0
2025-06-24T10:40:00+05:30,25215.55,25228.2,25213.35,25218.9,0
2025-06-24T10:41:00+05:30,25218.7,25218.7,25191.25,25202.0,0
2025-06-24T10:42:00+05:30,25201.9,25210.1,25200.15,25202.85,0
2025-06-24T10:43:00+05:30,25203.1,25207.4,25200.15,25201.6,0
2025-06-24T10:44:00+05:30,25202.15,25216.45,25200.95,25213.7,0
2025-06-24T10:45:00+05:30,25214.0,25214.25,25209.95,25212.65,0
2025-06-24T10:46:00+05:30,25212.7,25212.7,25207.35,25209.8,0
2025-06-24T10:47:00+05:30,25211.0,25217.0,25208.0,25217.0,0
2025-06-24T10:48:00+05:30,25214.35,25215.85,25206.1,25208.85,0
2025-06-24T10:49:00+05:30,25209.45,25209.45,25195.65,25196.4,0
2025-06-24T10:50:00+05:30,25196.9,25197.55,25169.75,25170.25,0
2025-06-24T10:51:00+05:30,25171.05,25185.8,25167.1,25185.8,0
2025-06-24T10:52:00+05:30,25187.8,25195.0,25184.9,25193.95,0
2025-06-24T10:53:00+05:30,25193.85,25204.75,25192.95,25203.25,0
2025-06-24T10:54:00+05:30,25203.0,25213.55,25197.8,25210.2,0
2025-06-24T10:55:00+05:30,25209.8,25209.8,25202.45,25202.9,0
2025-06-24T10:56:00+05:30,25202.95,25207.3,25202.95,25206.9,0
2025-06-24T10:57:00+05:30,25208.75,25226.45,25206.35,25216.45,0
2025-06-24T10:58:00+05:30,25216.85,25223.5,25213.6,25219.85,0
2025-06-24T10:59:00+05:30,25219.7,25225.55,25218.25,25223.0,0
2025-06-24T11:00:00+05:30,25221.85,25234.15,25218.55,25222.75,0
2025-06-24T11:01:00+05:30,25221.95,25229.7,25220.55,25225.45,0
2025-06-24T11:02:00+05:30,25224.9,25229.45,25224.9,25225.5,0
2025-06-24T11:03:00+05:30,25226.7,25236.75,25225.6,25231.1,0
2025-06-24T11:04:00+05:30,25231.65,25240.05,25229.75,25235.55,0
2025-06-24T11:05:00+05:30,25235.15,25251.5,25233.7,25245.8,0
2025-06-24T11:06:00+05:30,25246.45,25263.3,25244.45,25262.95,0
2025-06-24T11:07:00+05:30,25263.5,25276.45,25260.95,25266.0,0
2025-06-24T11:08:00+05:30,25266.5,25267.35,25254.75,25257.05,0
2025-06-24T11:09:00+05:30,25259.5,25264.8,25255.75,25264.15,0
2025-06-24T11:10:00+05:30,25263.95,25267.25,25252.65,25256.5,0
2025-06-24T11:11:00+05:30,25256.7,25263.05,25251.45,25257.65,0
2025-06-24T11:12:00+05:30,25261.15,25265.8,25258.85,25263.9,0
2025-06-24T11:13:00+05:30,25263.85,25269.4,25262.45,25266.2,0
2025-06-24T11:14:00+05:30,25265.15,25265.95,25256.1,25256.4,0
2025-06-24T11:15:00+05:30,25256.75,25281.55,25255.45,25268.35,0
2025-06-24T11:16:00+05:30,25268.4,25274.7,25267.55,25268.7,0
2025-06-24T11:17:00+05:30,25269.6,25269.6,25257.3,25258.8,0
2025-06-24T11:18:00+05:30,25259.2,25260.2,25247.9,25252.65,0
2025-06-24T11:19:00+05:30,25254.0,25256.25,25250.8,25254.85,0
2025-06-24T11:20:00+05:30,25255.9,25256.4,25252.05,25254.35,0
2025-06-24T11:21:00+05:30,25254.3,25261.8,25252.5,25257.45,0
2025-06-24T11:22:00+05:30,25256.95,25257.1,25250.25,25251.8,0
2025-06-24T11:23:00+05:30,25251.65,25267.4,25250.8,25257.3,0
2025-06-24T11:24:00+05:30,25257.35,25263.6,25252.95,25261.65,0
2025-06-24T11:25:00+05:30,25261.7,25262.65,25257.7,25260.7,0
2025-06-24T11:26:00+05:30,25260.45,25271.3,25260.45,25270.85,0
2025-06-24T11:27:00+05:30,25270.5,25270.85,25265.05,25265.55,0
2025-06-24T11:28:00+05:30,25265.6,25272.85,25264.8,25270.65,0
2025-06-24T11:29:00+05:30,25270.4,25286.25,25269.75,25283.5,0
2025-06-24T11:30:00+05:30,25283.4,25287.65,25275.6,25277.8,0
2025-06-24T11:31:00+05:30,25278.65,25279.1,25267.9,25268.2,0
2025-06-24T11:32:00+05:30,25268.55,25276.75,25267.9,25272.75,0
2025-06-24T11:33:00+05:30,25272.25,25281.85,25271.75,25281.85,0
2025-06-24T11:34:00+05:30,25283.55,25284.9,25277.8,25277.8,0
2025-06-24T11:35:00+05:30,25277.3,25278.95,25272.7,25278.45,0
2025-06-24T11:36:00+05:30,25277.65,25288.45,25275.35,25282.45,0
2025-06-24T11:37:00+05:30,25282.25,25282.8,25271.0,25272.45,0
2025-06-24T11:38:00+05:30,25272.5,25273.9,25266.65,25269.25,0
2025-06-24T11:39:00+05:30,25269.2,25273.15,25266.7,25266.7,0
2025-06-24T11:40:00+05:30,25267.75,25276.4,25267.75,25276.35,0
2025-06-24T11:41:00+05:30,25277.0,25285.0,25275.15,25282.1,0
2025-06-24T11:42:00+05:30,25283.5,25283.5,25274.65,25275.8,0
2025-06-24T11:43:00+05:30,25275.75,25276.45,25267.35,25271.2,0
2025-06-24T11:44:00+05:30,25271.5,25281.65,25269.75,25281.35,0
2025-06-24T11:45:00+05:30,25282.2,25285.25,25274.8,25275.2,0
2025-06-24T11:46:00+05:30,25275.85,25276.1,25269.45,25271.3,0
2025-06-24T11:47:00+05:30,25271.15,25272.35,25268.1,25268.3,0
2025-06-24T11:48:00+05:30,25268.15,25273.15,25266.7,25270.85,0
2025-06-24T11:49:00+05:30,25270.75,25276.0,25266.8,25273.15,0
2025-06-24T11:50:00+05:30,25273.95,25275.2,25269.95,25270.7,0
2025-06-24T11:51:00+05:30,25270.1,25280.7,25269.7,25278.6,0
2025-06-24T11:52:00+05:30,25278.1,25278.1,25271.95,25274.8,0
2025-06-24T11:53:00+05:30,25274.7,25276.9,25273.45,25275.25,0
2025-06-24T11:54:00+05:30,25274.65,25277.5,25273.55,25276.8,0
2025-06-24T11:55:00+05:30,25276.2,25282.55,25274.25,25280.9,0
2025-06-24T11:56:00+05:30,25280.95,25293.3,25279.75,25292.2,0
2025-06-24T11:57:00+05:30,25292.25,25292.3,25284.9,25286.5,0
2025-06-24T11:58:00+05:30,25286.1,25288.1,25281.65,25285.85,0
2025-06-24T11:59:00+05:30,25286.6,25292.35,25285.65,25291.45,0
2025-06-24T12:00:00+05:30,25291.65,25297.3,25288.05,25291.95,0
2025-06-24T12:01:00+05:30,25291.9,25291.9,25286.8,25289.9,0
2025-06-24T12:02:00+05:30,25290.45,25290.5,25285.85,25289.9,0
2025-06-24T12:03:00+05:30,25289.1,25292.4,25287.95,25292.05,0
2025-06-24T12:04:00+05:30,25292.2,25295.8,25290.1,25295.3,0
2025-06-24T12:05:00+05:30,25295.35,25301.6,25295.2,25300.75,0
2025-06-24T12:06:00+05:30,25300.8,25301.1,25297.05,25299.1,0
2025-06-24T12:07:00+05:30,25298.5,25311.4,25297.5,25305.25,0
2025-06-24T12:08:00+05:30,25304.5,25305.65,25301.15,25304.5,0
2025-06-24T12:09:00+05:30,25305.0,25306.25,25299.55,25306.25,0
2025-06-24T12:10:00+05:30,25305.7,25308.25,25303.5,25306.45,0
2025-06-24T12:11:00+05:30,25306.2,25306.9,25297.8,25303.3,0
2025-06-24T12:12:00+05:30,25303.5,25317.7,25302.55,25314.25,0
2025-06-24T12:13:00+05:30,25315.3,25316.5,25309.6,25311.95,0
2025-06-24T12:14:00+05:30,25312.0,25312.5,25304.9,25308.75,0
2025-06-24T12:15:00+05:30,25307.45,25311.1,25306.5,25309.15,0
2025-06-24T12:16:00+05:30,25309.0,25309.5,25299.75,25305.9,0
2025-06-24T12:17:00+05:30,25305.75,25305.75,25295.05,25296.45,0
2025-06-24T12:18:00+05:30,25295.65,25300.2,25293.05,25293.35,0
2025-06-24T12:19:00+05:30,25292.55,25293.5,25283.55,25284.8,0
2025-06-24T12:20:00+05:30,25284.35,25291.75,25282.7,25291.15,0
2025-06-24T12:21:00+05:30,25290.3,25294.7,25287.35,25293.05,0
2025-06-24T12:22:00+05:30,25292.8,25294.0,25283.95,25286.65,0
2025-06-24T12:23:00+05:30,25285.9,25295.8,25285.05,25295.45,0
2025-06-24T12:24:00+05:30,25295.8,25295.8,25291.5,25293.9,0
2025-06-24T12:25:00+05:30,25293.7,25294.05,25288.6,25292.15,0
2025-06-24T12:26:00+05:30,25291.9,25291.9,25272.8,25278.45,0
2025-06-24T12:27:00+05:30,25278.3,25285.35,25267.7,25283.65,0
2025-06-24T12:28:00+05:30,25282.6,25283.95,25279.3,25282.25,0
2025-06-24T12:29:00+05:30,25281.25,25289.1,25280.95,25286.35,0
2025-06-24T12:30:00+05:30,25289.15,25291.25,25285.2,25286.9,0
2025-06-24T12:31:00+05:30,25286.85,25286.85,25275.65,25282.8,0
2025-06-24T12:32:00+05:30,25282.6,25287.6,25280.95,25286.8,0
2025-06-24T12:33:00+05:30,25286.9,25286.9,25278.85,25285.25,0
2025-06-24T12:34:00+05:30,25285.2,25290.95,25284.05,25287.55,0
2025-06-24T12:35:00+05:30,25287.35,25287.35,25282.15,25282.15,0
2025-06-24T12:36:00+05:30,25281.65,25282.0,25262.55,25272.05,0
2025-06-24T12:37:00+05:30,25272.6,25272.6,25241.55,25241.55,0
2025-06-24T12:38:00+05:30,25242.3,25252.9,25234.65,25234.65,0
2025-06-24T12:39:00+05:30,25235.5,25252.0,25231.25,25248.8,0
2025-06-24T12:40:00+05:30,25248.35,25248.75,25204.5,25206.2,0
2025-06-24T12:41:00+05:30,25208.65,25221.2,25206.7,25216.0,0
2025-06-24T12:42:00+05:30,25214.55,25214.55,25178.9,25179.25,0
2025-06-24T12:43:00+05:30,25179.0,25190.05,25147.85,25153.05,0
2025-06-24T12:44:00+05:30,25151.25,25186.3,25143.95,25181.15,0
2025-06-24T12:45:00+05:30,25181.95,25184.7,25166.0,25183.7,0
2025-06-24T12:46:00+05:30,25184.95,25210.2,25184.95,25208.2,0
2025-06-24T12:47:00+05:30,25209.9,25224.1,25204.95,25218.85,0
2025-06-24T12:48:00+05:30,25216.0,25233.0,25216.0,25230.6,0
2025-06-24T12:49:00+05:30,25230.3,25240.05,25221.85,25239.9,0
2025-06-24T12:50:00+05:30,25239.7,25252.15,25239.7,25245.3,0
2025-06-24T12:51:00+05:30,25243.85,25259.45,25242.05,25257.0,0
2025-06-24T12:52:00+05:30,25256.85,25272.4,25256.15,25270.4,0
2025-06-24T12:53:00+05:30,25270.9,25278.65,25262.5,25266.65,0
2025-06-24T12:54:00+05:30,25266.05,25276.5,25262.8,25270.1,0
2025-06-24T12:55:00+05:30,25269.75,25271.6,25267.7,25271.4,0
2025-06-24T12:56:00+05:30,25270.15,25273.65,25266.3,25272.1,0
2025-06-24T12:57:00+05:30,25271.5,25272.6,25258.8,25265.65,0
2025-06-24T12:58:00+05:30,25265.85,25266.85,25259.45,25261.65,0
2025-06-24T12:59:00+05:30,25261.05,25262.65,25239.3,25245.15,0
2025-06-24T13:00:00+05:30,25245.8,25248.0,25202.65,25202.65,0
2025-06-24T13:01:00+05:30,25203.8,25224.2,25201.6,25210.75,0
2025-06-24T13:02:00+05:30,25211.65,25219.9,25202.85,25204.1,0
2025-06-24T13:03:00+05:30,25204.65,25223.15,25204.65,25223.05,0
2025-06-24T13:04:00+05:30,25223.7,25228.5,25219.1,25224.6,0
2025-06-24T13:05:00+05:30,25223.95,25224.7,25216.75,25220.75,0
2025-06-24T13:06:00+05:30,25221.0,25229.6,25215.85,25229.6,0
2025-06-24T13:07:00+05:30,25230.4,25237.75,25230.25,25237.45,0
2025-06-24T13:08:00+05:30,25236.55,25237.95,25228.85,25231.25,0
2025-06-24T13:09:00+05:30,25230.4,25240.85,25229.5,25239.9,0
2025-06-24T13:10:00+05:30,25239.35,25240.4,25232.2,25239.65,0
2025-06-24T13:11:00+05:30,25239.35,25239.35,25201.65,25208.1,0
2025-06-24T13:12:00+05:30,25207.6,25231.8,25207.4,25219.65,0
2025-06-24T13:13:00+05:30,25220.3,25226.7,25217.35,25220.0,0
2025-06-24T13:14:00+05:30,25220.8,25222.0,25182.35,25182.35,0
2025-06-24T13:15:00+05:30,25183.35,25202.1,25181.1,25191.1,0
2025-06-24T13:16:00+05:30,25186.6,25194.8,25174.85,25178.4,0
2025-06-24T13:17:00+05:30,25178.9,25189.25,25163.7,25169.1,0
2025-06-24T13:18:00+05:30,25168.5,25189.55,25167.9,25188.65,0
2025-06-24T13:19:00+05:30,25187.6,25189.0,25179.35,25180.9,0
2025-06-24T13:20:00+05:30,25179.8,25190.6,25169.4,25172.95,0
2025-06-24T13:21:00+05:30,25171.7,25174.95,25154.6,25158.65,0
2025-06-24T13:22:00+05:30,25159.5,25175.85,25156.15,25174.55,0
2025-06-24T13:23:00+05:30,25173.5,25173.5,25138.3,25144.65,0
2025-06-24T13:24:00+05:30,25144.75,25145.55,25119.5,25119.5,0
2025-06-24T13:25:00+05:30,25119.3,25146.6,25117.1,25143.9,0
2025-06-24T13:26:00+05:30,25143.65,25150.85,25133.45,25134.95,0
2025-06-24T13:27:00+05:30,25134.3,25139.35,25131.6,25135.0,0
2025-06-24T13:28:00+05:30,25134.5,25143.65,25130.75,25132.5,0
2025-06-24T13:29:00+05:30,25133.1,25138.8,25130.5,25134.75,0
2025-06-24T13:30:00+05:30,25135.75,25158.05,25134.6,25157.6,0
2025-06-24T13:31:00+05:30,25157.45,25157.45,25131.35,25131.35,0
2025-06-24T13:32:00+05:30,25132.8,25133.0,25101.95,25106.15,0
2025-06-24T13:33:00+05:30,25107.35,25116.85,25087.4,25092.75,0
2025-06-24T13:34:00+05:30,25092.85,25100.6,25090.8,25098.4,0
2025-06-24T13:35:00+05:30,25097.05,25098.65,25078.05,25079.35,0
2025-06-24T13:36:00+05:30,25079.1,25080.8,25043.15,25060.7,0
2025-06-24T13:37:00+05:30,25062.5,25065.2,25032.1,25034.3,0
2025-06-24T13:38:00+05:30,25033.8,25063.2,25031.5,25057.55,0
2025-06-24T13:39:00+05:30,25056.2,25064.3,25049.0,25057.15,0
2025-06-24T13:40:00+05:30,25055.4,25060.35,25049.7,25059.8,0
2025-06-24T13:41:00+05:30,25059.45,25089.05,25057.8,25089.05,0
2025-06-24T13:42:00+05:30,25088.45,25090.0,25079.85,25082.4,0
2025-06-24T13:43:00+05:30,25080.85,25080.85,25041.6,25042.95,0
2025-06-24T13:44:00+05:30,25041.9,25051.95,25037.0,25043.5,0
2025-06-24T13:45:00+05:30,25044.15,25050.4,25039.6,25041.05,0
2025-06-24T13:46:00+05:30,25041.35,25044.55,25007.6,25013.05,0
2025-06-24T13:47:00+05:30,25014.05,25032.7,25008.0,25030.95,0
2025-06-24T13:48:00+05:30,25032.15,25045.75,25026.2,25030.7,0
2025-06-24T13:49:00+05:30,25030.55,25035.55,25020.65,25027.75,0
2025-06-24T13:50:00+05:30,25028.25,25039.65,25023.4,25038.45,0
2025-06-24T13:51:00+05:30,25036.4,25053.45,25036.2,25050.55,0
2025-06-24T13:52:00+05:30,25049.6,25071.3,25042.8,25068.45,0
2025-06-24T13:53:00+05:30,25067.0,25069.4,25057.5,25067.0,0
2025-06-24T13:54:00+05:30,25066.45,25082.1,25064.4,25082.0,0
2025-06-24T13:55:00+05:30,25080.75,25080.75,25059.0,25061.95,0
2025-06-24T13:56:00+05:30,25061.75,25065.7,25051.5,25064.95,0
2025-06-24T13:57:00+05:30,25064.4,25071.8,25061.95,25066.2,0
2025-06-24T13:58:00+05:30,25065.75,25072.45,25060.2,25070.2,0
2025-06-24T13:59:00+05:30,25070.4,25085.55,25065.15,25083.75,0
2025-06-24T14:00:00+05:30,25082.25,25092.75,25074.85,25090.5,0
2025-06-24T14:01:00+05:30,25090.7,25091.05,25078.55,25078.55,0
2025-06-24T14:02:00+05:30,25077.75,25078.15,25064.35,25065.0,0
2025-06-24T14:03:00+05:30,25064.65,25064.65,25046.85,25048.7,0
2025-06-24T14:04:00+05:30,25048.25,25050.8,25029.1,25029.1,0
2025-06-24T14:05:00+05:30,25029.8,25034.1,25018.05,25024.85,0
2025-06-24T14:06:00+05:30,25025.3,25028.6,24999.7,25009.65,0
2025-06-24T14:07:00+05:30,25011.75,25018.6,25005.9,25005.9,0
2025-06-24T14:08:00+05:30,25007.5,25029.5,25007.5,25027.15,0
2025-06-24T14:09:00+05:30,25027.5,25040.55,25025.75,25033.25,0
2025-06-24T14:10:00+05:30,25034.1,25040.65,25026.45,25029.7,0
2025-06-24T14:11:00+05:30,25030.15,25030.15,25013.0,25013.0,0
2025-06-24T14:12:00+05:30,25015.1,25030.55,25014.8,25022.35,0
2025-06-24T14:13:00+05:30,25022.75,25038.95,25022.0,25037.95,0
2025-06-24T14:14:00+05:30,25040.3,25049.1,25037.7,25040.15,0
2025-06-24T14:15:00+05:30,25042.85,25051.55,25040.4,25048.2,0
2025-06-24T14:16:00+05:30,25049.55,25050.95,25033.2,25033.6,0
2025-06-24T14:17:00+05:30,25033.95,25050.65,25033.35,25048.8,0
2025-06-24T14:18:00+05:30,25050.1,25053.75,25049.25,25050.55,0
2025-06-24T14:19:00+05:30,25051.35,25053.1,25042.95,25046.0,0
2025-06-24T14:20:00+05:30,25047.05,25055.35,25044.75,25046.0,0
2025-06-24T14:21:00+05:30,25046.25,25046.5,25016.0,25016.35,0
2025-06-24T14:22:00+05:30,25016.95,25040.5,25015.9,25039.35,0
2025-06-24T14:23:00+05:30,25039.15,25048.4,25032.7,25033.5,0
2025-06-24T14:24:00+05:30,25033.75,25039.1,25032.85,25036.25,0
2025-06-24T14:25:00+05:30,25036.7,25044.25,25036.7,25042.35,0
2025-06-24T14:26:00+05:30,25041.4,25042.55,25027.45,25029.85,0
2025-06-24T14:27:00+05:30,25028.85,25031.25,25020.85,25026.55,0
2025-06-24T14:28:00+05:30,25026.95,25027.25,25020.35,25023.65,0
2025-06-24T14:29:00+05:30,25024.6,25039.15,25019.25,25038.65,0
2025-06-24T14:30:00+05:30,25039.15,25051.75,25034.05,25048.6,0
2025-06-24T14:31:00+05:30,25045.9,25066.75,25043.0,25061.75,0
2025-06-24T14:32:00+05:30,25062.2,25075.0,25060.45,25063.5,0
2025-06-24T14:33:00+05:30,25065.5,25066.4,25050.0,25052.55,0
2025-06-24T14:34:00+05:30,25052.25,25056.15,25045.1,25054.6,0
2025-06-24T14:35:00+05:30,25054.85,25066.4,25053.9,25063.7,0
2025-06-24T14:36:00+05:30,25064.5,25067.25,25056.7,25060.45,0
2025-06-24T14:37:00+05:30,25058.95,25062.0,25050.4,25061.0,0
2025-06-24T14:38:00+05:30,25061.3,25064.05,25056.0,25063.6,0
2025-06-24T14:39:00+05:30,25062.45,25072.3,25059.35,25070.55,0
2025-06-24T14:40:00+05:30,25070.45,25077.05,25069.65,25070.1,0
2025-06-24T14:41:00+05:30,25069.8,25073.0,25066.35,25070.2,0
2025-06-24T14:42:00+05:30,25068.05,25074.55,25061.1,25073.25,0
2025-06-24T14:43:00+05:30,25073.65,25073.65,25064.6,25065.45,0
2025-06-24T14:44:00+05:30,25065.2,25069.05,25054.6,25054.7,0
2025-06-24T14:45:00+05:30,25055.15,25057.0,25037.9,25037.9,0
2025-06-24T14:46:00+05:30,25037.95,25042.2,25029.65,25042.2,0
2025-06-24T14:47:00+05:30,25039.9,25053.5,25039.9,25052.5,0
2025-06-24T14:48:00+05:30,25054.2,25055.5,25044.4,25044.55,0
2025-06-24T14:49:00+05:30,25044.05,25047.85,25040.3,25042.8,0
2025-06-24T14:50:00+05:30,25042.45,25047.8,25039.0,25046.8,0
2025-06-24T14:51:00+05:30,25047.35,25047.35,25030.7,25031.6,0
2025-06-24T14:52:00+05:30,25033.15,25042.5,25033.15,25039.8,0
2025-06-24T14:53:00+05:30,25039.85,25039.85,25029.9,25034.7,0
2025-06-24T14:54:00+05:30,25034.95,25045.1,25030.45,25044.55,0
2025-06-24T14:55:00+05:30,25044.9,25047.9,25043.65,25044.75,0
2025-06-24T14:56:00+05:30,25044.35,25044.35,25034.15,25037.5,0
2025-06-24T14:57:00+05:30,25037.45,25040.4,25034.2,25034.75,0
2025-06-24T14:58:00+05:30,25035.5,25035.7,25024.7,25024.7,0
2025-06-24T14:59:00+05:30,25026.2,25032.2,25015.5,25032.2,0
2025-06-24T15:00:00+05:30,25032.95,25045.25,25030.55,25045.25,0
2025-06-24T15:01:00+05:30,25046.35,25048.5,25031.95,25037.0,0
2025-06-24T15:02:00+05:30,25038.6,25041.9,25030.55,25036.2,0
2025-06-24T15:03:00+05:30,25037.25,25037.6,25026.9,25026.9,0
2025-06-24T15:04:00+05:30,25028.05,25031.3,25022.6,25027.35,0
2025-06-24T15:05:00+05:30,25028.2,25033.15,25024.8,25029.4,0
2025-06-24T15:06:00+05:30,25030.2,25033.5,25025.35,25033.35,0
2025-06-24T15:07:00+05:30,25033.55,25039.9,25027.1,25028.55,0
2025-06-24T15:08:00+05:30,25028.65,25036.6,25027.65,25035.55,0
2025-06-24T15:09:00+05:30,25036.55,25047.0,25032.5,25044.9,0
2025-06-24T15:10:00+05:30,25044.25,25044.75,25031.45,25037.75,0
2025-06-24T15:11:00+05:30,25039.15,25039.3,25033.6,25037.4,0
2025-06-24T15:12:00+05:30,25038.35,25041.45,25032.6,25034.6,0
2025-06-24T15:13:00+05:30,25035.6,25041.1,25034.75,25040.55,0
2025-06-24T15:14:00+05:30,25038.75,25042.95,25035.35,25041.5,0
2025-06-24T15:15:00+05:30,25042.5,25045.45,25038.85,25042.1,0
2025-06-24T15:16:00+05:30,25043.2,25052.1,25042.2,25052.1,0
2025-06-24T15:17:00+05:30,25052.95,25054.05,25050.35,25051.4,0
2025-06-24T15:18:00+05:30,25051.8,25051.85,25040.05,25042.45,0
2025-06-24T15:19:00+05:30,25043.8,25055.7,25043.05,25055.0,0
2025-06-24T15:20:00+05:30,25054.65,25059.15,25051.1,25054.25,0
2025-06-24T15:21:00+05:30,25054.55,25058.85,25053.8,25056.35,0
2025-06-24T15:22:00+05:30,25056.9,25063.05,25055.75,25062.05,0
2025-06-24T15:23:00+05:30,25063.5,25067.6,25061.2,25066.75,0
2025-06-24T15:24:00+05:30,25067.45,25071.25,25064.9,25069.4,0
2025-06-24T15:25:00+05:30,25069.65,25071.25,25062.3,25067.45,0
2025-06-24T15:26:00+05:30,25068.05,25072.0,25065.9,25071.6,0
2025-06-24T15:27:00+05:30,25070.6,25073.6,25069.05,25069.55,0
2025-06-24T15:28:00+05:30,25071.75,25077.85,25067.55,25072.6,0
2025-06-24T15:29:00+05:30,25073.3,25078.35,25064.65,25071.55,0
2025-06-25T09:15:00+05:30,25150.35,25167.6,25140.75,25146.6,0
2025-06-25T09:16:00+05:30,25146.9,25146.9,25125.05,25133.05,0
2025-06-25T09:17:00+05:30,25133.3,25159.7,25131.1,25157.9,0
2025-06-25T09:18:00+05:30,25156.45,25164.8,25152.8,25153.25,0
2025-06-25T09:19:00+05:30,25152.9,25166.2,25150.75,25161.85,0
2025-06-25T09:20:00+05:30,25161.9,25169.5,25159.25,25168.2,0
2025-06-25T09:21:00+05:30,25166.95,25184.95,25166.95,25182.7,0
2025-06-25T09:22:00+05:30,25182.2,25182.6,25170.2,25170.45,0
2025-06-25T09:23:00+05:30,25172.05,25172.05,25160.2,25160.4,0
2025-06-25T09:24:00+05:30,25160.9,25161.95,25148.95,25154.5,0
2025-06-25T09:25:00+05:30,25155.2,25177.75,25154.65,25175.4,0
2025-06-25T09:26:00+05:30,25174.65,25175.65,25171.0,25171.8,0
2025-06-25T09:27:00+05:30,25172.2,25176.65,25171.25,25171.95,0
2025-06-25T09:28:00+05:30,25170.4,25170.4,25158.6,25158.6,0
2025-06-25T09:29:00+05:30,25159.2,25160.85,25155.25,25159.9,0
2025-06-25T09:30:00+05:30,25159.45,25170.85,25159.45,25167.85,0
2025-06-25T09:31:00+05:30,25167.1,25173.15,25164.0,25171.5,0
2025-06-25T09:32:00+05:30,25171.45,25183.35,25171.45,25179.05,0
2025-06-25T09:33:00+05:30,25178.25,25178.9,25168.95,25172.25,0
2025-06-25T09:34:00+05:30,25171.8,25180.15,25166.55,25179.4,0
2025-06-25T09:35:00+05:30,25178.25,25178.45,25170.7,25173.9,0
2025-06-25T09:36:00+05:30,25173.05,25181.3,25173.05,25177.9,0
2025-06-25T09:37:00+05:30,25178.2,25184.6,25176.3,25184.05,0
2025-06-25T09:38:00+05:30,25183.9,25186.9,25174.3,25174.8,0
2025-06-25T09:39:00+05:30,25174.7,25176.15,25168.4,25168.4,0
2025-06-25T09:40:00+05:30,25168.35,25181.7,25167.05,25181.0,0
2025-06-25T09:41:00+05:30,25181.05,25190.3,25179.95,25189.4,0
2025-06-25T09:42:00+05:30,25189.75,25192.65,25185.85,25187.4,0
2025-06-25T09:43:00+05:30,25187.15,25188.6,25183.7,25187.15,0
2025-06-25T09:44:00+05:30,25186.95,25188.4,25183.55,25188.25,0
2025-06-25T09:45:00+05:30,25188.3,25197.55,25188.0,25193.55,0
2025-06-25T09:46:00+05:30,25193.85,25198.15,25193.25,25194.1,0
2025-06-25T09:47:00+05:30,25194.7,25195.8,25189.7,25194.85,0
2025-06-25T09:48:00+05:30,25193.85,25196.9,25192.25,25196.0,0
2025-06-25T09:49:00+05:30,25196.55,25200.45,25178.75,25180.9,0
2025-06-25T09:50:00+05:30,25181.7,25183.9,25179.45,25183.9,0
2025-06-25T09:51:00+05:30,25183.95,25196.15,25183.8,25195.2,0
2025-06-25T09:52:00+05:30,25195.95,25196.25,25190.3,25193.75,0
2025-06-25T09:53:00+05:30,25194.8,25194.8,25190.15,25191.85,0
2025-06-25T09:54:00+05:30,25192.1,25192.1,25184.35,25187.35,0
2025-06-25T09:55:00+05:30,25187.8,25196.3,25186.8,25194.75,0
2025-06-25T09:56:00+05:30,25194.5,25196.5,25190.65,25191.15,0
2025-06-25T09:57:00+05:30,25190.7,25193.95,25188.5,25191.55,0
2025-06-25T09:58:00+05:30,25191.8,25201.95,25191.1,25200.95,0
2025-06-25T09:59:00+05:30,25201.1,25204.7,25195.65,25203.75,0
2025-06-25T10:00:00+05:30,25203.9,25207.15,25200.5,25204.85,0
2025-06-25T10:01:00+05:30,25205.15,25206.2,25201.7,25205.7,0
2025-06-25T10:02:00+05:30,25205.8,25208.6,25204.5,25206.2,0
2025-06-25T10:03:00+05:30,25206.7,25206.7,25193.8,25195.1,0
2025-06-25T10:04:00+05:30,25196.6,25198.5,25193.75,25198.3,0
2025-06-25T10:05:00+05:30,25198.05,25202.0,25196.95,25200.8,0
2025-06-25T10:06:00+05:30,25200.4,25202.6,25196.0,25197.8,0
2025-06-25T10:07:00+05:30,25198.2,25200.9,25195.45,25196.05,0
2025-06-25T10:08:00+05:30,25195.9,25196.4,25188.15,25191.4,0
2025-06-25T10:09:00+05:30,25191.0,25193.75,25189.95,25193.05,0
2025-06-25T10:10:00+05:30,25192.7,25194.35,25183.45,25185.4,0
2025-06-25T10:11:00+05:30,25185.8,25185.8,25179.55,25179.55,0
2025-06-25T10:12:00+05:30,25180.1,25186.15,25178.05,25184.8,0
2025-06-25T10:13:00+05:30,25185.3,25185.3,25177.55,25180.5,0
2025-06-25T10:14:00+05:30,25179.5,25179.9,25173.05,25173.9,0
2025-06-25T10:15:00+05:30,25174.9,25177.45,25172.65,25175.7,0
2025-06-25T10:16:00+05:30,25176.9,25182.65,25173.2,25181.9,0
2025-06-25T10:17:00+05:30,25182.5,25190.1,25182.5,25190.1,0
2025-06-25T10:18:00+05:30,25189.3,25193.55,25189.1,25192.1,0
2025-06-25T10:19:00+05:30,25192.05,25193.35,25189.55,25191.0,0
2025-06-25T10:20:00+05:30,25191.55,25200.75,25188.5,25199.7,0
2025-06-25T10:21:00+05:30,25199.65,25200.5,25196.05,25199.55,0
2025-06-25T10:22:00+05:30,25199.7,25201.3,25196.5,25200.75,0
2025-06-25T10:23:00+05:30,25201.05,25206.2,25201.05,25206.2,0
2025-06-25T10:24:00+05:30,25205.35,25207.2,25202.85,25205.45,0
2025-06-25T10:25:00+05:30,25204.55,25207.25,25203.3,25205.8,0
2025-06-25T10:26:00+05:30,25206.3,25206.3,25202.35,25205.25,0
2025-06-25T10:27:00+05:30,25204.7,25209.45,25203.6,25208.75,0
2025-06-25T10:28:00+05:30,25208.4,25208.75,25202.9,25203.45,0
2025-06-25T10:29:00+05:30,25203.65,25208.6,25202.2,25207.7,0
2025-06-25T10:30:00+05:30,25207.2,25208.2,25202.3,25205.3,0
2025-06-25T10:31:00+05:30,25205.95,25208.8,25202.7,25208.15,0
2025-06-25T10:32:00+05:30,25208.0,25208.8,25205.0,25207.85,0
2025-06-25T10:33:00+05:30,25208.15,25212.3,25206.7,25210.85,0
2025-06-25T10:34:00+05:30,25211.3,25211.3,25205.1,25206.15,0
2025-06-25T10:35:00+05:30,25207.6,25212.9,25205.2,25212.3,0
2025-06-25T10:36:00+05:30,25212.1,25213.6,25208.75,25212.45,0
2025-06-25T10:37:00+05:30,25212.6,25215.4,25211.15,25212.6,0
2025-06-25T10:38:00+05:30,25212.3,25216.1,25211.3,25214.6,0
2025-06-25T10:39:00+05:30,25215.1,25217.4,25212.6,25214.05,0
2025-06-25T10:40:00+05:30,25214.2,25214.9,25211.2,25213.25,0
2025-06-25T10:41:00+05:30,25213.8,25214.65,25211.85,25213.15,0
2025-06-25T10:42:00+05:30,25213.0,25214.35,25209.9,25211.3,0
2025-06-25T10:43:00+05:30,25211.35,25211.35,25205.35,25206.65,0
2025-06-25T10:44:00+05:30,25206.7,25206.7,25200.05,25201.4,0
2025-06-25T10:45:00+05:30,25201.15,25201.15,25188.15,25191.75,0
2025-06-25T10:46:00+05:30,25191.55,25195.1,25189.85,25193.95,0
2025-06-25T10:47:00+05:30,25194.85,25200.7,25194.05,25197.15,0
2025-06-25T10:48:00+05:30,25197.0,25200.15,25195.35,25198.8,0
2025-06-25T10:49:00+05:30,25198.4,25199.3,25196.5,25198.4,0
2025-06-25T10:50:00+05:30,25198.75,25203.35,25197.1,25202.95,0
2025-06-25T10:51:00+05:30,25203.8,25206.8,25203.3,25206.15,0
2025-06-25T10:52:00+05:30,25206.25,25211.85,25204.0,25210.5,0
2025-06-25T10:53:00+05:30,25210.9,25214.95,25209.35,25214.35,0
2025-06-25T10:54:00+05:30,25213.95,25215.05,25210.55,25212.6,0
2025-06-25T10:55:00+05:30,25212.15,25218.05,25211.75,25214.7,0
2025-06-25T10:56:00+05:30,25216.05,25216.05,25202.5,25202.5,0
2025-06-25T10:57:00+05:30,25202.6,25204.8,25200.45,25201.45,0
2025-06-25T10:58:00+05:30,25202.75,25207.6,25201.8,25206.45,0
2025-06-25T10:59:00+05:30,25206.55,25207.5,25202.45,25205.25,0
2025-06-25T11:00:00+05:30,25204.35,25206.85,25200.95,25206.75,0
2025-06-25T11:01:00+05:30,25206.7,25207.55,25204.85,25205.55,0
2025-06-25T11:02:00+05:30,25205.75,25208.2,25204.8,25207.6,0
2025-06-25T11:03:00+05:30,25207.85,25210.3,25206.8,25209.8,0
2025-06-25T11:04:00+05:30,25209.35,25210.6,25206.0,25206.65,0
2025-06-25T11:05:00+05:30,25207.95,25209.9,25205.8,25208.1,0
2025-06-25T11:06:00+05:30,25208.25,25209.9,25204.75,25208.9,0
2025-06-25T11:07:00+05:30,25209.0,25210.4,25206.85,25207.75,0
2025-06-25T11:08:00+05:30,25207.15,25212.4,25206.6,25206.6,0
2025-06-25T11:09:00+05:30,25207.7,25209.15,25203.9,25206.9,0
2025-06-25T11:10:00+05:30,25206.85,25209.2,25203.85,25204.1,0
2025-06-25T11:11:00+05:30,25205.2,25205.2,25200.3,25201.05,0
2025-06-25T11:12:00+05:30,25201.7,25201.7,25190.7,25192.35,0
2025-06-25T11:13:00+05:30,25192.85,25195.8,25192.05,25194.6,0
2025-06-25T11:14:00+05:30,25195.1,25196.2,25193.85,25195.35,0
2025-06-25T11:15:00+05:30,25195.5,25199.2,25194.3,25198.35,0
2025-06-25T11:16:00+05:30,25197.45,25199.3,25194.45,25198.7,0
2025-06-25T11:17:00+05:30,25199.1,25201.05,25197.5,25201.05,0
2025-06-25T11:18:00+05:30,25199.8,25204.85,25199.0,25203.45,0
2025-06-25T11:19:00+05:30,25203.35,25208.65,25202.45,25208.25,0
2025-06-25T11:20:00+05:30,25208.2,25208.2,25205.55,25206.45,0
2025-06-25T11:21:00+05:30,25207.05,25211.95,25205.05,25211.45,0
2025-06-25T11:22:00+05:30,25212.0,25214.8,25210.85,25210.85,0
2025-06-25T11:23:00+05:30,25211.0,25212.2,25207.25,25209.3,0
2025-06-25T11:24:00+05:30,25209.0,25210.3,25206.65,25208.75,0
2025-06-25T11:25:00+05:30,25208.55,25212.4,25208.3,25210.9,0
2025-06-25T11:26:00+05:30,25210.3,25214.7,25209.75,25213.8,0
2025-06-25T11:27:00+05:30,25214.1,25215.25,25209.45,25214.5,0
2025-06-25T11:28:00+05:30,25214.45,25215.3,25212.65,25213.8,0
2025-06-25T11:29:00+05:30,25214.1,25214.15,25210.95,25212.2,0
2025-06-25T11:30:00+05:30,25212.3,25216.0,25209.65,25213.85,0
2025-06-25T11:31:00+05:30,25213.5,25218.4,25212.45,25218.05,0
2025-06-25T11:32:00+05:30,25218.25,25220.5,25215.9,25216.4,0
2025-06-25T11:33:00+05:30,25217.25,25217.6,25215.05,25216.15,0
2025-06-25T11:34:00+05:30,25217.05,25218.15,25213.95,25214.65,0
2025-06-25T11:35:00+05:30,25214.8,25218.45,25214.1,25217.75,0
2025-06-25T11:36:00+05:30,25219.45,25220.25,25215.6,25215.7,0
2025-06-25T11:37:00+05:30,25216.05,25217.4,25214.1,25216.3,0
2025-06-25T11:38:00+05:30,25216.5,25218.25,25215.15,25216.9,0
2025-06-25T11:39:00+05:30,25217.1,25217.35,25212.2,25212.2,0
2025-06-25T11:40:00+05:30,25212.3,25212.75,25207.45,25210.25,0
2025-06-25T11:41:00+05:30,25209.9,25211.1,25208.15,25209.95,0
2025-06-25T11:42:00+05:30,25210.55,25213.35,25209.05,25212.05,0
2025-06-25T11:43:00+05:30,25211.5,25213.45,25210.95,25211.9,0
2025-06-25T11:44:00+05:30,25212.15,25212.4,25209.05,25210.0,0
2025-06-25T11:45:00+05:30,25209.6,25211.3,25207.2,25208.8,0
2025-06-25T11:46:00+05:30,25209.25,25212.3,25208.65,25209.25,0
2025-06-25T11:47:00+05:30,25209.65,25214.2,25208.95,25211.0,0
2025-06-25T11:48:00+05:30,25211.7,25211.7,25204.85,25206.55,0
2025-06-25T11:49:00+05:30,25206.85,25212.05,25205.9,25209.9,0
2025-06-25T11:50:00+05:30,25209.8,25212.3,25208.75,25211.1,0
2025-06-25T11:51:00+05:30,25211.3,25211.85,25208.0,25208.0,0
2025-06-25T11:52:00+05:30,25208.3,25211.25,25207.25,25208.35,0
2025-06-25T11:53:00+05:30,25209.35,25213.15,25207.85,25211.95,0
2025-06-25T11:54:00+05:30,25212.3,25212.65,25208.9,25209.7,0
2025-06-25T11:55:00+05:30,25210.0,25212.2,25209.25,25210.6,0
2025-06-25T11:56:00+05:30,25210.45,25213.9,25209.55,25212.3,0
2025-06-25T11:57:00+05:30,25212.95,25213.7,25210.1,25211.8,0
2025-06-25T11:58:00+05:30,25212.25,25214.0,25210.75,25212.95,0
2025-06-25T11:59:00+05:30,25213.1,25214.8,25212.1,25212.95,0
2025-06-25T12:00:00+05:30,25212.9,25215.15,25210.05,25210.05,0
2025-06-25T12:01:00+05:30,25204.85,25204.85,25189.95,25197.85,0
2025-06-25T12:02:00+05:30,25199.4,25201.75,25197.85,25200.35,0
2025-06-25T12:03:00+05:30,25200.0,25202.25,25198.0,25200.65,0
2025-06-25T12:04:00+05:30,25201.05,25201.7,25197.05,25198.35,0
2025-06-25T12:05:00+05:30,25198.9,25198.9,25191.7,25195.35,0
2025-06-25T12:06:00+05:30,25195.45,25196.0,25191.15,25194.9,0
2025-06-25T12:07:00+05:30,25195.2,25199.3,25193.7,25196.4,0
2025-06-25T12:08:00+05:30,25196.55,25196.55,25192.5,25192.7,0
2025-06-25T12:09:00+05:30,25193.5,25197.75,25191.1,25195.95,0
2025-06-25T12:10:00+05:30,25196.35,25196.8,25193.7,25195.5,0
2025-06-25T12:11:00+05:30,25196.2,25196.6,25192.25,25195.25,0
2025-06-25T12:12:00+05:30,25195.6,25197.4,25192.65,25194.75,0
2025-06-25T12:13:00+05:30,25195.05,25196.6,25191.05,25193.8,0
2025-06-25T12:14:00+05:30,25193.95,25194.45,25190.6,25194.35,0
2025-06-25T12:15:00+05:30,25194.1,25196.55,25190.55,25195.9,0
2025-06-25T12:16:00+05:30,25196.15,25203.75,25194.1,25203.4,0
2025-06-25T12:17:00+05:30,25202.9,25204.6,25201.4,25204.6,0
2025-06-25T12:18:00+05:30,25203.4,25203.9,25200.05,25200.6,0
2025-06-25T12:19:00+05:30,25200.35,25200.35,25181.1,25182.65,0
2025-06-25T12:20:00+05:30,25181.45,25190.85,25180.3,25190.35,0
2025-06-25T12:21:00+05:30,25190.45,25192.4,25187.8,25191.95,0
2025-06-25T12:22:00+05:30,25192.4,25195.0,25188.65,25195.0,0
2025-06-25T12:23:00+05:30,25194.7,25198.8,25191.5,25197.65,0
2025-06-25T12:24:00+05:30,25195.65,25201.5,25193.65,25200.75,0
2025-06-25T12:25:00+05:30,25201.9,25205.3,25198.45,25203.9,0
2025-06-25T12:26:00+05:30,25203.75,25205.3,25201.4,25201.9,0
2025-06-25T12:27:00+05:30,25203.3,25204.25,25199.1,25201.95,0
2025-06-25T12:28:00+05:30,25201.25,25205.1,25199.8,25204.3,0
2025-06-25T12:29:00+05:30,25204.15,25207.05,25201.85,25204.85,0
2025-06-25T12:30:00+05:30,25205.0,25206.25,25200.45,25202.85,0
2025-06-25T12:31:00+05:30,25204.75,25206.7,25202.5,25205.6,0
2025-06-25T12:32:00+05:30,25204.75,25211.25,25200.65,25210.85,0
2025-06-25T12:33:00+05:30,25211.75,25212.1,25204.75,25211.6,0
2025-06-25T12:34:00+05:30,25212.05,25212.05,25205.1,25206.65,0
2025-06-25T12:35:00+05:30,25206.0,25209.1,25203.0,25205.7,0
2025-06-25T12:36:00+05:30,25207.3,25214.95,25203.35,25214.5,0
2025-06-25T12:37:00+05:30,25215.75,25217.3,25212.35,25214.8,0
2025-06-25T12:38:00+05:30,25216.35,25216.4,25209.25,25212.1,0
2025-06-25T12:39:00+05:30,25213.05,25216.35,25209.95,25214.4,0
2025-06-25T12:40:00+05:30,25215.8,25215.8,25212.2,25213.2,0
2025-06-25T12:41:00+05:30,25214.05,25215.9,25209.2,25210.25,0
2025-06-25T12:42:00+05:30,25211.8,25211.8,25205.3,25206.75,0
2025-06-25T12:43:00+05:30,25207.7,25207.7,25203.45,25205.6,0
2025-06-25T12:44:00+05:30,25207.3,25207.65,25204.5,25205.45,0
2025-06-25T12:45:00+05:30,25206.45,25206.45,25200.8,25202.6,0
2025-06-25T12:46:00+05:30,25203.4,25203.45,25197.35,25198.35,0
2025-06-25T12:47:00+05:30,25199.85,25199.85,25196.15,25197.25,0
2025-06-25T12:48:00+05:30,25197.6,25197.6,25190.15,25190.7,0
2025-06-25T12:49:00+05:30,25192.45,25193.9,25189.7,25192.55,0
2025-06-25T12:50:00+05:30,25193.15,25193.15,25189.0,25193.05,0
2025-06-25T12:51:00+05:30,25193.1,25193.1,25188.65,25192.0,0
2025-06-25T12:52:00+05:30,25192.4,25197.75,25190.35,25197.1,0
2025-06-25T12:53:00+05:30,25197.5,25198.95,25195.2,25196.25,0
2025-06-25T12:54:00+05:30,25197.2,25200.0,25194.9,25198.6,0
2025-06-25T12:55:00+05:30,25199.25,25200.05,25196.7,25199.0,0
2025-06-25T12:56:00+05:30,25200.1,25204.75,25197.85,25204.75,0
2025-06-25T12:57:00+05:30,25204.9,25209.5,25202.7,25208.4,0
2025-06-25T12:58:00+05:30,25209.65,25209.8,25205.65,25206.0,0
2025-06-25T12:59:00+05:30,25207.95,25210.95,25203.55,25208.2,0
2025-06-25T13:00:00+05:30,25209.8,25212.8,25208.2,25211.3,0
2025-06-25T13:01:00+05:30,25212.25,25212.8,25205.95,25207.25,0
2025-06-25T13:02:00+05:30,25208.85,25211.15,25207.55,25209.9,0
2025-06-25T13:03:00+05:30,25211.35,25214.7,25208.85,25214.7,0
2025-06-25T13:04:00+05:30,25215.8,25218.4,25214.45,25216.65,0
2025-06-25T13:05:00+05:30,25218.1,25225.85,25215.4,25225.4,0
2025-06-25T13:06:00+05:30,25226.7,25230.55,25224.5,25225.25,0
2025-06-25T13:07:00+05:30,25228.6,25228.7,25218.6,25220.75,0
2025-06-25T13:08:00+05:30,25222.25,25224.35,25218.35,25223.75,0
2025-06-25T13:09:00+05:30,25225.0,25227.0,25222.7,25223.9,0
2025-06-25T13:10:00+05:30,25225.2,25226.45,25222.45,25225.5,0
2025-06-25T13:11:00+05:30,25227.05,25228.9,25224.9,25227.5,0
2025-06-25T13:12:00+05:30,25228.2,25235.7,25226.95,25234.2,0
2025-06-25T13:13:00+05:30,25235.1,25244.85,25233.3,25243.85,0
2025-06-25T13:14:00+05:30,25244.3,25245.35,25237.05,25240.4,0
2025-06-25T13:15:00+05:30,25242.1,25242.55,25238.35,25238.65,0
2025-06-25T13:16:00+05:30,25239.65,25240.55,25233.3,25234.75,0
2025-06-25T13:17:00+05:30,25236.35,25238.3,25234.2,25235.65,0
2025-06-25T13:18:00+05:30,25237.45,25237.45,25227.35,25228.4,0
2025-06-25T13:19:00+05:30,25229.85,25231.6,25227.8,25230.5,0
2025-06-25T13:20:00+05:30,25231.0,25238.55,25229.1,25237.25,0
2025-06-25T13:21:00+05:30,25238.25,25241.15,25237.4,25238.65,0
2025-06-25T13:22:00+05:30,25239.25,25249.6,25238.5,25245.8,0
2025-06-25T13:23:00+05:30,25247.4,25248.9,25245.75,25246.8,0
2025-06-25T13:24:00+05:30,25247.5,25248.55,25244.8,25247.65,0
2025-06-25T13:25:00+05:30,25247.3,25254.25,25247.3,25250.25,0
2025-06-25T13:26:00+05:30,25252.55,25254.5,25248.55,25248.8,0
2025-06-25T13:27:00+05:30,25250.05,25250.6,25246.25,25248.7,0
2025-06-25T13:28:00+05:30,25249.25,25253.7,25248.85,25248.85,0
2025-06-25T13:29:00+05:30,25252.45,25259.85,25249.9,25258.7,0
2025-06-25T13:30:00+05:30,25259.65,25266.8,25258.8,25260.25,0
2025-06-25T13:31:00+05:30,25261.6,25261.6,25253.9,25254.6,0
2025-06-25T13:32:00+05:30,25256.8,25256.8,25252.95,25253.9,0
2025-06-25T13:33:00+05:30,25254.25,25254.6,25248.95,25249.0,0
2025-06-25T13:34:00+05:30,25250.2,25251.75,25247.25,25248.6,0
2025-06-25T13:35:00+05:30,25251.05,25252.45,25245.55,25247.1,0
2025-06-25T13:36:00+05:30,25248.95,25250.9,25244.5,25248.9,0
2025-06-25T13:37:00+05:30,25249.7,25252.85,25248.1,25250.9,0
2025-06-25T13:38:00+05:30,25253.45,25256.1,25250.05,25253.4,0
2025-06-25T13:39:00+05:30,25255.65,25256.15,25248.8,25248.8,0
2025-06-25T13:40:00+05:30,25249.95,25253.1,25248.05,25251.35,0
2025-06-25T13:41:00+05:30,25252.1,25255.35,25249.7,25251.05,0
2025-06-25T13:42:00+05:30,25251.9,25254.7,25250.15,25253.55,0
2025-06-25T13:43:00+05:30,25255.85,25255.85,25249.2,25250.55,0
2025-06-25T13:44:00+05:30,25251.15,25258.75,25249.5,25257.85,0
2025-06-25T13:45:00+05:30,25259.15,25261.05,25254.15,25256.15,0
2025-06-25T13:46:00+05:30,25256.6,25256.6,25251.35,25251.9,0
2025-06-25T13:47:00+05:30,25253.35,25253.35,25250.4,25251.7,0
2025-06-25T13:48:00+05:30,25252.65,25255.6,25250.7,25253.9,0
2025-06-25T13:49:00+05:30,25255.6,25255.6,25251.3,25253.85,0
2025-06-25T13:50:00+05:30,25255.0,25255.0,25249.1,25250.55,0
2025-06-25T13:51:00+05:30,25250.35,25252.3,25248.95,25250.9,0
2025-06-25T13:52:00+05:30,25251.5,25251.85,25245.7,25247.3,0
2025-06-25T13:53:00+05:30,25248.0,25249.8,25246.6,25248.35,0
2025-06-25T13:54:00+05:30,25249.35,25249.85,25240.85,25241.15,0
2025-06-25T13:55:00+05:30,25241.95,25244.7,25238.0,25242.5,0
2025-06-25T13:56:00+05:30,25244.55,25246.7,25238.8,25240.0,0
2025-06-25T13:57:00+05:30,25240.45,25242.4,25237.55,25237.6,0
2025-06-25T13:58:00+05:30,25239.5,25240.05,25235.35,25235.75,0
2025-06-25T13:59:00+05:30,25237.25,25238.9,25234.75,25236.05,0
2025-06-25T14:00:00+05:30,25236.1,25236.65,25229.3,25229.75,0
2025-06-25T14:01:00+05:30,25231.45,25233.3,25228.2,25232.05,0
2025-06-25T14:02:00+05:30,25233.25,25235.25,25230.45,25231.05,0
2025-06-25T14:03:00+05:30,25232.5,25232.5,25224.55,25225.9,0
2025-06-25T14:04:00+05:30,25227.55,25228.0,25224.3,25226.6,0
2025-06-25T14:05:00+05:30,25227.8,25232.3,25225.35,25232.15,0
2025-06-25T14:06:00+05:30,25232.8,25238.05,25231.65,25235.25,0
2025-06-25T14:07:00+05:30,25235.1,25242.3,25232.75,25242.3,0
2025-06-25T14:08:00+05:30,25243.55,25244.3,25241.7,25244.1,0
2025-06-25T14:09:00+05:30,25243.75,25246.85,25242.5,25243.95,0
2025-06-25T14:10:00+05:30,25244.85,25244.85,25240.15,25240.9,0
2025-06-25T14:11:00+05:30,25242.2,25242.2,25238.4,25241.6,0
2025-06-25T14:12:00+05:30,25242.95,25246.1,25240.6,25244.7,0
2025-06-25T14:13:00+05:30,25246.1,25246.5,25242.95,25245.75,0
2025-06-25T14:14:00+05:30,25246.0,25246.7,25243.8,25246.05,0
2025-06-25T14:15:00+05:30,25247.05,25248.65,25245.45,25248.35,0
2025-06-25T14:16:00+05:30,25248.5,25250.25,25244.8,25250.1,0
2025-06-25T14:17:00+05:30,25251.35,25253.0,25249.05,25251.25,0
2025-06-25T14:18:00+05:30,25252.35,25252.65,25249.55,25250.9,0
2025-06-25T14:19:00+05:30,25251.85,25251.85,25248.75,25249.6,0
2025-06-25T14:20:00+05:30,25250.4,25252.55,25246.35,25252.3,0
2025-06-25T14:21:00+05:30,25252.5,25253.45,25247.95,25250.25,0
2025-06-25T14:22:00+05:30,25251.15,25251.15,25247.6,25248.95,0
2025-06-25T14:23:00+05:30,25250.25,25250.65,25247.85,25249.9,0
2025-06-25T14:24:00+05:30,25250.0,25255.05,25249.2,25255.0,0
2025-06-25T14:25:00+05:30,25255.65,25256.55,25252.25,25254.95,0
2025-06-25T14:26:00+05:30,25255.1,25256.8,25252.4,25255.75,0
2025-06-25T14:27:00+05:30,25257.2,25260.35,25255.2,25258.8,0
2025-06-25T14:28:00+05:30,25259.25,25262.05,25258.1,25260.9,0
2025-06-25T14:29:00+05:30,25261.05,25261.35,25256.1,25258.25,0
2025-06-25T14:30:00+05:30,25257.45,25259.2,25248.6,25248.6,0
2025-06-25T14:31:00+05:30,25250.65,25251.95,25247.6,25251.05,0
2025-06-25T14:32:00+05:30,25252.55,25255.15,25249.65,25253.6,0
2025-06-25T14:33:00+05:30,25254.6,25254.6,25215.75,25215.75,0
2025-06-25T14:34:00+05:30,25218.1,25235.2,25217.15,25233.75,0
2025-06-25T14:35:00+05:30,25234.4,25240.0,25231.05,25239.4,0
2025-06-25T14:36:00+05:30,25241.1,25241.1,25235.45,25237.85,0
2025-06-25T14:37:00+05:30,25238.75,25239.4,25234.65,25237.75,0
2025-06-25T14:38:00+05:30,25238.95,25240.85,25236.85,25238.75,0
2025-06-25T14:39:00+05:30,25240.0,25241.9,25237.2,25240.5,0
2025-06-25T14:40:00+05:30,25240.55,25242.6,25238.15,25241.55,0
2025-06-25T14:41:00+05:30,25243.6,25244.7,25241.05,25242.9,0
2025-06-25T14:42:00+05:30,25243.85,25246.2,25240.7,25244.0,0
2025-06-25T14:43:00+05:30,25244.85,25244.85,25239.8,25241.5,0
2025-06-25T14:44:00+05:30,25242.25,25246.8,25240.8,25245.85,0
2025-06-25T14:45:00+05:30,25246.1,25250.7,25242.45,25244.15,0
2025-06-25T14:46:00+05:30,25245.55,25245.55,25233.7,25237.85,0
2025-06-25T14:47:00+05:30,25238.8,25239.3,25235.5,25236.3,0
2025-06-25T14:48:00+05:30,25238.2,25238.2,25232.65,25235.75,0
2025-06-25T14:49:00+05:30,25236.65,25237.85,25226.1,25228.0,0
2025-06-25T14:50:00+05:30,25228.5,25231.55,25222.65,25230.15,0
2025-06-25T14:51:00+05:30,25231.4,25236.3,25229.8,25235.35,0
2025-06-25T14:52:00+05:30,25235.7,25236.8,25233.4,25236.2,0
2025-06-25T14:53:00+05:30,25236.75,25240.4,25235.8,25240.05,0
2025-06-25T14:54:00+05:30,25240.45,25240.5,25236.95,25239.15,0
2025-06-25T14:55:00+05:30,25239.8,25239.8,25235.7,25236.05,0
2025-06-25T14:56:00+05:30,25237.1,25240.05,25235.4,25236.4,0
2025-06-25T14:57:00+05:30,25236.85,25239.65,25234.4,25237.45,0
2025-06-25T14:58:00+05:30,25238.3,25240.05,25236.4,25236.9,0
2025-06-25T14:59:00+05:30,25237.8,25238.0,25233.25,25235.8,0
2025-06-25T15:00:00+05:30,25236.35,25250.65,25236.35,25248.6,0
2025-06-25T15:01:00+05:30,25249.65,25250.05,25242.95,25248.6,0
2025-06-25T15:02:00+05:30,25249.35,25254.0,25248.1,25253.85,0
2025-06-25T15:03:00+05:30,25254.4,25255.75,25253.55,25255.25,0
2025-06-25T15:04:00+05:30,25255.45,25255.55,25251.5,25253.9,0
2025-06-25T15:05:00+05:30,25254.85,25254.85,25252.05,25253.15,0
2025-06-25T15:06:00+05:30,25253.6,25254.5,25248.6,25249.95,0
2025-06-25T15:07:00+05:30,25250.1,25250.1,25242.0,25242.8,0
2025-06-25T15:08:00+05:30,25243.25,25243.35,25240.85,25241.45,0
2025-06-25T15:09:00+05:30,25242.25,25243.8,25238.75,25240.95,0
2025-06-25T15:10:00+05:30,25240.3,25241.75,25237.85,25240.45,0
2025-06-25T15:11:00+05:30,25241.55,25243.25,25240.1,25242.2,0
2025-06-25T15:12:00+05:30,25242.55,25243.15,25240.95,25242.0,0
2025-06-25T15:13:00+05:30,25242.5,25242.5,25237.95,25241.3,0
2025-06-25T15:14:00+05:30,25242.25,25249.95,25241.45,25248.8,0
2025-06-25T15:15:00+05:30,25248.6,25249.65,25245.05,25245.9,0
2025-06-25T15:16:00+05:30,25247.35,25247.9,25241.45,25244.15,0
2025-06-25T15:17:00+05:30,25244.5,25245.45,25241.85,25242.35,0
2025-06-25T15:18:00+05:30,25243.3,25245.0,25241.35,25244.4,0
2025-06-25T15:19:00+05:30,25245.2,25245.8,25242.35,25245.55,0
2025-06-25T15:20:00+05:30,25246.4,25246.9,25243.1,25244.8,0
2025-06-25T15:21:00+05:30,25245.55,25246.45,25243.3,25244.8,0
2025-06-25T15:22:00+05:30,25245.2,25245.65,25241.4,25242.0,0
2025-06-25T15:23:00+05:30,25243.0,25244.4,25241.15,25243.15,0
2025-06-25T15:24:00+05:30,25243.85,25244.05,25239.0,25241.1,0
2025-06-25T15:25:00+05:30,25241.6,25242.05,25237.45,25239.45,0
2025-06-25T15:26:00+05:30,25240.55,25244.95,25235.5,25244.15,0
2025-06-25T15:27:00+05:30,25246.5,25247.95,25242.35,25243.35,0
2025-06-25T15:28:00+05:30,25243.6,25247.05,25239.9,25242.75,0
2025-06-25T15:29:00+05:30,25239.05,25242.85,25234.65,25236.35,0
2025-06-26T09:15:00+05:30,25268.95,25293.65,25259.9,25282.35,0
2025-06-26T09:16:00+05:30,25281.6,25298.95,25280.3,25294.4,0
2025-06-26T09:17:00+05:30,25295.5,25299.5,25293.45,25294.75,0
2025-06-26T09:18:00+05:30,25294.8,25296.45,25285.25,25287.9,0
2025-06-26T09:19:00+05:30,25287.6,25287.6,25281.05,25283.65,0
2025-06-26T09:20:00+05:30,25282.75,25309.1,25282.75,25306.05,0
2025-06-26T09:21:00+05:30,25308.45,25331.65,25308.45,25321.7,0
2025-06-26T09:22:00+05:30,25322.45,25334.15,25322.2,25331.25,0
2025-06-26T09:23:00+05:30,25330.85,25340.9,25326.6,25338.7,0
2025-06-26T09:24:00+05:30,25340.75,25340.95,25330.35,25331.75,0
2025-06-26T09:25:00+05:30,25331.8,25336.05,25321.55,25325.45,0
2025-06-26T09:26:00+05:30,25323.7,25341.15,25323.7,25336.85,0
2025-06-26T09:27:00+05:30,25336.9,25343.45,25332.45,25339.6,0
2025-06-26T09:28:00+05:30,25340.1,25349.6,25337.45,25349.5,0
2025-06-26T09:29:00+05:30,25349.65,25351.85,25345.6,25348.7,0
2025-06-26T09:30:00+05:30,25350.45,25367.3,25349.6,25363.35,0
2025-06-26T09:31:00+05:30,25365.1,25369.4,25358.0,25366.15,0
2025-06-26T09:32:00+05:30,25366.6,25367.4,25358.65,25358.65,0
2025-06-26T09:33:00+05:30,25359.0,25381.2,25359.0,25378.6,0
2025-06-26T09:34:00+05:30,25380.95,25389.95,25370.75,25370.75,0
2025-06-26T09:35:00+05:30,25372.3,25374.1,25360.0,25366.15,0
2025-06-26T09:36:00+05:30,25367.25,25370.1,25358.5,25361.2,0
2025-06-26T09:37:00+05:30,25361.5,25362.8,25352.4,25356.3,0
2025-06-26T09:38:00+05:30,25356.05,25368.25,25355.45,25363.45,0
2025-06-26T09:39:00+05:30,25364.0,25364.75,25352.3,25354.4,0
2025-06-26T09:40:00+05:30,25354.55,25356.55,25350.3,25352.25,0
2025-06-26T09:41:00+05:30,25352.5,25353.7,25340.4,25350.0,0
2025-06-26T09:42:00+05:30,25349.2,25352.75,25340.7,25342.45,0
2025-06-26T09:43:00+05:30,25342.55,25347.1,25336.7,25341.7,0
2025-06-26T09:44:00+05:30,25341.5,25347.8,25340.85,25347.1,0
2025-06-26T09:45:00+05:30,25346.75,25370.6,25346.75,25365.8,0
2025-06-26T09:46:00+05:30,25366.3,25367.2,25360.15,25362.6,0
2025-06-26T09:47:00+05:30,25360.95,25377.55,25360.7,25374.05,0
2025-06-26T09:48:00+05:30,25374.2,25388.95,25374.2,25380.5,0
2025-06-26T09:49:00+05:30,25380.55,25386.3,25374.35,25384.2,0
2025-06-26T09:50:00+05:30,25384.1,25387.15,25380.7,25380.8,0
2025-06-26T09:51:00+05:30,25380.45,25392.0,25379.4,25386.85,0
2025-06-26T09:52:00+05:30,25386.55,25388.0,25371.7,25388.0,0
2025-06-26T09:53:00+05:30,25389.45,25395.1,25386.4,25390.25,0
2025-06-26T09:54:00+05:30,25389.55,25393.4,25387.2,25392.15,0
2025-06-26T09:55:00+05:30,25392.9,25406.3,25390.3,25404.8,0
2025-06-26T09:56:00+05:30,25406.9,25414.0,25403.35,25412.2,0
2025-06-26T09:57:00+05:30,25411.85,25414.65,25400.65,25411.55,0
2025-06-26T09:58:00+05:30,25411.35,25421.8,25409.9,25410.0,0
2025-06-26T09:59:00+05:30,25410.25,25420.7,25406.95,25418.1,0
2025-06-26T10:00:00+05:30,25419.45,25428.6,25413.4,25426.15,0
2025-06-26T10:01:00+05:30,25428.2,25437.9,25425.7,25430.0,0
2025-06-26T10:02:00+05:30,25431.4,25431.4,25419.65,25428.6,0
2025-06-26T10:03:00+05:30,25429.9,25429.9,25419.5,25421.45,0
2025-06-26T10:04:00+05:30,25420.65,25425.45,25415.85,25418.35,0
2025-06-26T10:05:00+05:30,25418.8,25419.5,25407.9,25413.15,0
2025-06-26T10:06:00+05:30,25412.65,25412.65,25402.05,25403.9,0
2025-06-26T10:07:00+05:30,25403.25,25403.25,25384.55,25385.3,0
2025-06-26T10:08:00+05:30,25388.2,25400.0,25386.75,25398.55,0
2025-06-26T10:09:00+05:30,25398.1,25406.6,25396.9,25396.9,0
2025-06-26T10:10:00+05:30,25396.3,25405.15,25395.85,25405.15,0
2025-06-26T10:11:00+05:30,25406.55,25409.45,25397.4,25402.85,0
2025-06-26T10:12:00+05:30,25404.2,25404.2,25398.85,25400.15,0
2025-06-26T10:13:00+05:30,25400.8,25401.4,25392.3,25395.45,0
2025-06-26T10:14:00+05:30,25395.1,25395.9,25384.95,25386.2,0
2025-06-26T10:15:00+05:30,25385.9,25395.2,25384.75,25393.35,0
2025-06-26T10:16:00+05:30,25393.0,25395.8,25391.85,25394.2,0
2025-06-26T10:17:00+05:30,25393.5,25394.95,25389.25,25389.25,0
2025-06-26T10:18:00+05:30,25389.1,25389.1,25371.25,25385.35,0
2025-06-26T10:19:00+05:30,25385.45,25386.2,25379.85,25380.5,0
2025-06-26T10:20:00+05:30,25379.85,25382.1,25370.9,25372.6,0
2025-06-26T10:21:00+05:30,25371.65,25373.95,25361.75,25373.95,0
2025-06-26T10:22:00+05:30,25373.55,25387.55,25373.55,25374.4,0
2025-06-26T10:23:00+05:30,25373.85,25373.85,25363.55,25367.55,0
2025-06-26T10:24:00+05:30,25367.0,25374.2,25366.75,25373.7,0
2025-06-26T10:25:00+05:30,25373.4,25379.8,25373.25,25377.65,0
2025-06-26T10:26:00+05:30,25377.25,25377.5,25367.85,25369.8,0
2025-06-26T10:27:00+05:30,25369.85,25374.2,25367.05,25373.25,0
2025-06-26T10:28:00+05:30,25372.9,25375.45,25363.15,25366.15,0
2025-06-26T10:29:00+05:30,25365.75,25365.75,25361.05,25362.3,0
2025-06-26T10:30:00+05:30,25362.5,25371.0,25361.35,25367.2,0
2025-06-26T10:31:00+05:30,25366.95,25367.2,25356.45,25359.0,0
2025-06-26T10:32:00+05:30,25358.8,25363.0,25351.85,25354.45,0
2025-06-26T10:33:00+05:30,25354.9,25361.0,25352.4,25359.55,0
2025-06-26T10:34:00+05:30,25359.8,25368.05,25358.4,25360.6,0
2025-06-26T10:35:00+05:30,25361.5,25366.45,25359.85,25366.45,0
2025-06-26T10:36:00+05:30,25365.9,25375.8,25363.15,25366.75,0
2025-06-26T10:37:00+05:30,25366.45,25370.45,25363.55,25370.45,0
2025-06-26T10:38:00+05:30,25370.2,25373.05,25369.1,25372.5,0
2025-06-26T10:39:00+05:30,25372.25,25372.25,25367.9,25370.0,0
2025-06-26T10:40:00+05:30,25369.55,25370.85,25359.25,25359.25,0
2025-06-26T10:41:00+05:30,25354.05,25354.05,25320.35,25324.05,0
2025-06-26T10:42:00+05:30,25323.75,25343.65,25323.75,25335.6,0
2025-06-26T10:43:00+05:30,25336.8,25338.45,25330.6,25338.1,0
2025-06-26T10:44:00+05:30,25337.9,25337.9,25304.05,25306.8,0
2025-06-26T10:45:00+05:30,25306.9,25326.4,25305.8,25320.95,0
2025-06-26T10:46:00+05:30,25320.5,25320.9,25292.5,25306.2,0
2025-06-26T10:47:00+05:30,25306.1,25317.45,25304.5,25316.75,0
2025-06-26T10:48:00+05:30,25317.15,25328.85,25315.45,25328.85,0
2025-06-26T10:49:00+05:30,25329.4,25334.55,25326.5,25334.55,0
2025-06-26T10:50:00+05:30,25332.7,25345.35,25328.05,25338.7,0
2025-06-26T10:51:00+05:30,25338.85,25339.2,25333.15,25333.15,0
2025-06-26T10:52:00+05:30,25334.55,25335.8,25318.3,25320.5,0
2025-06-26T10:53:00+05:30,25323.05,25330.65,25322.6,25327.55,0
2025-06-26T10:54:00+05:30,25328.55,25334.1,25326.25,25329.2,0
2025-06-26T10:55:00+05:30,25330.9,25332.05,25326.45,25328.7,0
2025-06-26T10:56:00+05:30,25329.45,25335.15,25327.65,25332.8,0
2025-06-26T10:57:00+05:30,25332.5,25335.85,25323.75,25325.1,0
2025-06-26T10:58:00+05:30,25325.4,25327.75,25316.85,25319.25,0
2025-06-26T10:59:00+05:30,25319.95,25321.7,25316.45,25318.4,0
2025-06-26T11:00:00+05:30,25319.05,25328.55,25318.1,25326.2,0
2025-06-26T11:01:00+05:30,25327.6,25365.2,25327.6,25353.5,0
2025-06-26T11:02:00+05:30,25354.5,25354.5,25341.95,25342.8,0
2025-06-26T11:03:00+05:30,25343.5,25346.6,25336.5,25340.75,0
2025-06-26T11:04:00+05:30,25340.6,25346.9,25338.4,25345.3,0
2025-06-26T11:05:00+05:30,25345.95,25345.95,25340.5,25342.1,0
2025-06-26T11:06:00+05:30,25343.2,25344.25,25336.9,25341.15,0
2025-06-26T11:07:00+05:30,25341.0,25341.95,25334.25,25341.45,0
2025-06-26T11:08:00+05:30,25341.7,25346.95,25340.1,25341.25,0
2025-06-26T11:09:00+05:30,25341.1,25341.85,25326.9,25332.3,0
2025-06-26T11:10:00+05:30,25332.35,25340.85,25330.75,25339.2,0
2025-06-26T11:11:00+05:30,25339.35,25342.0,25334.45,25340.9,0
2025-06-26T11:12:00+05:30,25341.05,25342.45,25333.05,25333.05,0
2025-06-26T11:13:00+05:30,25333.65,25334.1,25322.35,25331.6,0
2025-06-26T11:14:00+05:30,25331.95,25338.55,25331.7,25337.75,0
2025-06-26T11:15:00+05:30,25337.85,25338.9,25330.3,25332.55,0
2025-06-26T11:16:00+05:30,25333.25,25333.75,25313.9,25323.9,0
2025-06-26T11:17:00+05:30,25324.05,25327.5,25321.5,25326.1,0
2025-06-26T11:18:00+05:30,25328.05,25331.2,25325.3,25328.3,0
2025-06-26T11:19:00+05:30,25329.2,25332.6,25326.15,25327.75,0
2025-06-26T11:20:00+05:30,25329.85,25331.35,25324.3,25329.7,0
2025-06-26T11:21:00+05:30,25330.0,25333.95,25328.35,25329.85,0
2025-06-26T11:22:00+05:30,25329.9,25331.45,25327.9,25328.75,0
2025-06-26T11:23:00+05:30,25329.3,25329.6,25323.5,25326.65,0
2025-06-26T11:24:00+05:30,25326.35,25349.65,25326.35,25348.7,0
2025-06-26T11:25:00+05:30,25348.1,25348.1,25335.45,25338.15,0
2025-06-26T11:26:00+05:30,25338.65,25341.75,25330.65,25330.65,0
2025-06-26T11:27:00+05:30,25331.25,25336.4,25328.85,25335.15,0
2025-06-26T11:28:00+05:30,25334.1,25339.9,25334.1,25339.5,0
2025-06-26T11:29:00+05:30,25338.25,25339.5,25334.95,25337.35,0
2025-06-26T11:30:00+05:30,25338.0,25354.05,25338.0,25354.05,0
2025-06-26T11:31:00+05:30,25353.65,25358.95,25348.6,25352.1,0
2025-06-26T11:32:00+05:30,25352.55,25356.3,25352.25,25352.8,0
2025-06-26T11:33:00+05:30,25352.55,25370.35,25352.05,25368.05,0
2025-06-26T11:34:00+05:30,25369.7,25370.3,25360.3,25362.15,0
2025-06-26T11:35:00+05:30,25361.5,25362.0,25350.4,25352.6,0
2025-06-26T11:36:00+05:30,25351.35,25358.45,25351.35,25357.25,0
2025-06-26T11:37:00+05:30,25356.9,25357.4,25346.1,25347.4,0
2025-06-26T11:38:00+05:30,25345.9,25347.9,25338.8,25341.75,0
2025-06-26T11:39:00+05:30,25342.0,25344.9,25336.55,25339.7,0
2025-06-26T11:40:00+05:30,25340.85,25342.55,25339.65,25340.3,0
2025-06-26T11:41:00+05:30,25340.25,25340.3,25321.2,25323.3,0
2025-06-26T11:42:00+05:30,25325.4,25330.05,25324.9,25329.35,0
2025-06-26T11:43:00+05:30,25329.4,25329.4,25306.35,25307.7,0
2025-06-26T11:44:00+05:30,25309.35,25320.8,25308.0,25318.85,0
2025-06-26T11:45:00+05:30,25318.6,25329.85,25318.35,25328.65,0
2025-06-26T11:46:00+05:30,25328.2,25334.05,25327.75,25334.05,0
2025-06-26T11:47:00+05:30,25333.7,25346.9,25332.65,25345.3,0
2025-06-26T11:48:00+05:30,25346.35,25352.45,25346.35,25346.8,0
2025-06-26T11:49:00+05:30,25347.45,25348.95,25344.25,25346.35,0
2025-06-26T11:50:00+05:30,25346.6,25349.35,25344.75,25345.7,0
2025-06-26T11:51:00+05:30,25346.25,25349.65,25344.3,25344.75,0
2025-06-26T11:52:00+05:30,25344.2,25346.15,25338.35,25342.9,0
2025-06-26T11:53:00+05:30,25342.55,25344.65,25340.5,25342.95,0
2025-06-26T11:54:00+05:30,25343.15,25344.75,25339.6,25342.0,0
2025-06-26T11:55:00+05:30,25342.55,25347.8,25342.55,25347.8,0
2025-06-26T11:56:00+05:30,25347.15,25351.35,25341.45,25342.0,0
2025-06-26T11:57:00+05:30,25342.2,25347.4,25341.15,25345.45,0
2025-06-26T11:58:00+05:30,25346.7,25348.15,25343.15,25347.05,0
2025-06-26T11:59:00+05:30,25346.55,25347.0,25338.9,25344.15,0
2025-06-26T12:00:00+05:30,25344.75,25349.65,25342.45,25349.0,0
2025-06-26T12:01:00+05:30,25348.1,25352.4,25346.65,25349.75,0
2025-06-26T12:02:00+05:30,25350.35,25350.95,25346.25,25346.6,0
2025-06-26T12:03:00+05:30,25348.6,25371.65,25345.75,25371.55,0
2025-06-26T12:04:00+05:30,25373.8,25391.05,25373.8,25388.5,0
2025-06-26T12:05:00+05:30,25388.3,25409.1,25386.1,25391.8,0
2025-06-26T12:06:00+05:30,25391.95,25399.05,25389.6,25390.2,0
2025-06-26T12:07:00+05:30,25389.8,25393.7,25386.15,25391.85,0
2025-06-26T12:08:00+05:30,25394.8,25397.6,25390.95,25394.35,0
2025-06-26T12:09:00+05:30,25395.8,25396.2,25381.2,25381.2,0
2025-06-26T12:10:00+05:30,25382.0,25386.2,25378.7,25385.1,0
2025-06-26T12:11:00+05:30,25384.25,25387.05,25381.2,25385.6,0
2025-06-26T12:12:00+05:30,25386.05,25393.1,25382.85,25393.1,0
2025-06-26T12:13:00+05:30,25393.35,25395.15,25384.3,25387.05,0
2025-06-26T12:14:00+05:30,25387.4,25400.55,25387.4,25396.4,0
2025-06-26T12:15:00+05:30,25399.35,25399.9,25391.65,25395.2,0
2025-06-26T12:16:00+05:30,25396.85,25413.35,25395.05,25409.1,0
2025-06-26T12:17:00+05:30,25408.85,25413.5,25402.7,25404.2,0
2025-06-26T12:18:00+05:30,25406.25,25406.55,25397.45,25397.85,0
2025-06-26T12:19:00+05:30,25398.3,25399.7,25392.55,25393.55,0
2025-06-26T12:20:00+05:30,25395.65,25396.75,25392.05,25392.25,0
2025-06-26T12:21:00+05:30,25394.0,25398.5,25391.75,25393.25,0
2025-06-26T12:22:00+05:30,25394.4,25398.8,25391.55,25397.25,0
2025-06-26T12:23:00+05:30,25397.7,25404.85,25395.4,25401.4,0
2025-06-26T12:24:00+05:30,25403.35,25405.85,25400.4,25402.45,0
2025-06-26T12:25:00+05:30,25402.9,25403.7,25395.8,25396.85,0
2025-06-26T12:26:00+05:30,25396.95,25400.0,25395.8,25399.85,0
2025-06-26T12:27:00+05:30,25399.65,25408.1,25398.35,25407.15,0
2025-06-26T12:28:00+05:30,25406.3,25407.1,25397.8,25402.8,0
2025-06-26T12:29:00+05:30,25404.5,25410.35,25403.6,25406.9,0
2025-06-26T12:30:00+05:30,25407.9,25413.2,25404.95,25408.6,0
2025-06-26T12:31:00+05:30,25409.75,25421.2,25406.4,25415.95,0
2025-06-26T12:32:00+05:30,25417.1,25417.95,25403.95,25406.55,0
2025-06-26T12:33:00+05:30,25407.4,25407.55,25398.35,25402.7,0
2025-06-26T12:34:00+05:30,25404.55,25404.55,25398.9,25401.05,0
2025-06-26T12:35:00+05:30,25402.0,25406.5,25399.7,25401.4,0
2025-06-26T12:36:00+05:30,25401.55,25408.55,25399.95,25407.55,0
2025-06-26T12:37:00+05:30,25408.0,25408.75,25403.75,25406.45,0
2025-06-26T12:38:00+05:30,25406.4,25408.4,25403.95,25407.5,0
2025-06-26T12:39:00+05:30,25408.9,25409.8,25406.0,25406.7,0
2025-06-26T12:40:00+05:30,25407.05,25407.55,25389.95,25395.65,0
2025-06-26T12:41:00+05:30,25396.45,25401.9,25394.35,25401.9,0
2025-06-26T12:42:00+05:30,25403.1,25410.9,25398.6,25408.9,0
2025-06-26T12:43:00+05:30,25409.7,25410.45,25403.55,25405.05,0
2025-06-26T12:44:00+05:30,25405.25,25406.45,25400.3,25402.2,0
2025-06-26T12:45:00+05:30,25403.2,25403.2,25397.25,25398.9,0
2025-06-26T12:46:00+05:30,25400.4,25400.4,25382.85,25391.25,0
2025-06-26T12:47:00+05:30,25392.5,25392.65,25369.05,25376.55,0
2025-06-26T12:48:00+05:30,25377.35,25377.85,25365.0,25368.95,0
2025-06-26T12:49:00+05:30,25371.25,25379.4,25367.05,25378.3,0
2025-06-26T12:50:00+05:30,25379.1,25382.25,25374.9,25379.15,0
2025-06-26T12:51:00+05:30,25377.85,25378.9,25370.55,25378.9,0
2025-06-26T12:52:00+05:30,25378.7,25383.45,25351.3,25361.15,0
2025-06-26T12:53:00+05:30,25364.5,25367.05,25360.0,25364.6,0
2025-06-26T12:54:00+05:30,25365.35,25365.95,25356.2,25358.45,0
2025-06-26T12:55:00+05:30,25359.2,25366.6,25356.25,25365.85,0
2025-06-26T12:56:00+05:30,25366.65,25373.95,25362.1,25371.95,0
2025-06-26T12:57:00+05:30,25373.1,25375.75,25365.15,25375.05,0
2025-06-26T12:58:00+05:30,25376.15,25377.9,25369.5,25371.4,0
2025-06-26T12:59:00+05:30,25372.3,25372.3,25366.9,25371.45,0
2025-06-26T13:00:00+05:30,25373.0,25387.8,25371.0,25384.25,0
2025-06-26T13:01:00+05:30,25386.35,25391.75,25384.35,25390.35,0
2025-06-26T13:02:00+05:30,25391.85,25391.85,25386.5,25391.1,0
2025-06-26T13:03:00+05:30,25392.7,25392.85,25386.7,25390.35,0
2025-06-26T13:04:00+05:30,25392.15,25396.9,25388.9,25393.05,0
2025-06-26T13:05:00+05:30,25394.35,25399.15,25382.35,25386.1,0
2025-06-26T13:06:00+05:30,25387.4,25390.2,25384.65,25387.8,0
2025-06-26T13:07:00+05:30,25389.2,25394.9,25386.8,25391.1,0
2025-06-26T13:08:00+05:30,25389.6,25391.5,25382.2,25388.35,0
2025-06-26T13:09:00+05:30,25391.0,25391.0,25379.9,25379.9,0
2025-06-26T13:10:00+05:30,25381.0,25384.25,25377.2,25382.75,0
2025-06-26T13:11:00+05:30,25383.8,25383.8,25370.2,25370.2,0
2025-06-26T13:12:00+05:30,25371.65,25397.0,25371.05,25389.85,0
2025-06-26T13:13:00+05:30,25390.65,25390.9,25383.55,25385.1,0
2025-06-26T13:14:00+05:30,25386.35,25397.0,25384.1,25392.45,0
2025-06-26T13:15:00+05:30,25393.5,25408.7,25391.2,25404.95,0
2025-06-26T13:16:00+05:30,25405.95,25430.15,25403.9,25430.15,0
2025-06-26T13:17:00+05:30,25429.75,25438.35,25418.75,25418.8,0
2025-06-26T13:18:00+05:30,25420.75,25420.75,25403.1,25416.25,0
2025-06-26T13:19:00+05:30,25417.55,25433.2,25416.4,25430.9,0
2025-06-26T13:20:00+05:30,25433.6,25446.55,25431.85,25443.25,0
2025-06-26T13:21:00+05:30,25444.25,25451.55,25433.0,25435.55,0
2025-06-26T13:22:00+05:30,25437.0,25437.1,25421.5,25424.45,0
2025-06-26T13:23:00+05:30,25425.9,25428.6,25416.45,25419.5,0
2025-06-26T13:24:00+05:30,25419.7,25420.0,25408.65,25408.65,0
2025-06-26T13:25:00+05:30,25411.65,25417.55,25408.5,25414.9,0
2025-06-26T13:26:00+05:30,25416.7,25416.7,25400.5,25403.25,0
2025-06-26T13:27:00+05:30,25403.05,25403.05,25389.3,25396.35,0
2025-06-26T13:28:00+05:30,25397.95,25412.75,25395.3,25410.1,0
2025-06-26T13:29:00+05:30,25411.15,25411.15,25400.0,25400.4,0
2025-06-26T13:30:00+05:30,25402.2,25408.05,25395.6,25408.05,0
2025-06-26T13:31:00+05:30,25409.2,25411.9,25405.0,25410.75,0
2025-06-26T13:32:00+05:30,25411.75,25414.4,25409.2,25411.85,0
2025-06-26T13:33:00+05:30,25412.1,25413.35,25403.85,25403.85,0
2025-06-26T13:34:00+05:30,25404.45,25409.0,25400.05,25408.75,0
2025-06-26T13:35:00+05:30,25409.45,25422.1,25409.45,25414.6,0
2025-06-26T13:36:00+05:30,25416.25,25417.8,25410.6,25414.95,0
2025-06-26T13:37:00+05:30,25415.95,25423.4,25413.3,25423.4,0
2025-06-26T13:38:00+05:30,25424.4,25426.85,25422.9,25426.15,0
2025-06-26T13:39:00+05:30,25426.6,25427.5,25424.95,25425.9,0
2025-06-26T13:40:00+05:30,25427.15,25432.05,25427.15,25429.65,0
2025-06-26T13:41:00+05:30,25431.95,25440.45,25429.15,25439.35,0
2025-06-26T13:42:00+05:30,25439.85,25447.3,25438.15,25445.15,0
2025-06-26T13:43:00+05:30,25445.3,25446.2,25433.55,25435.05,0
2025-06-26T13:44:00+05:30,25436.9,25442.75,25435.2,25442.05,0
2025-06-26T13:45:00+05:30,25442.85,25452.25,25442.6,25447.25,0
2025-06-26T13:46:00+05:30,25448.15,25473.6,25448.1,25464.8,0
2025-06-26T13:47:00+05:30,25466.95,25471.8,25462.15,25464.0,0
2025-06-26T13:48:00+05:30,25464.2,25475.4,25462.05,25467.3,0
2025-06-26T13:49:00+05:30,25467.75,25468.25,25459.0,25463.05,0
2025-06-26T13:50:00+05:30,25463.6,25464.7,25458.35,25463.3,0
2025-06-26T13:51:00+05:30,25465.65,25476.95,25464.45,25473.35,0
2025-06-26T13:52:00+05:30,25474.45,25479.3,25469.65,25472.9,0
2025-06-26T13:53:00+05:30,25474.05,25481.15,25472.1,25479.75,0
2025-06-26T13:54:00+05:30,25480.9,25484.8,25478.85,25482.5,0
2025-06-26T13:55:00+05:30,25483.35,25486.75,25473.65,25477.85,0
2025-06-26T13:56:00+05:30,25479.1,25479.1,25470.0,25470.4,0
2025-06-26T13:57:00+05:30,25471.65,25479.65,25469.15,25478.75,0
2025-06-26T13:58:00+05:30,25479.25,25497.2,25477.5,25492.8,0
2025-06-26T13:59:00+05:30,25494.8,25502.9,25494.0,25500.45,0
2025-06-26T14:00:00+05:30,25500.7,25503.3,25494.55,25494.55,0
2025-06-26T14:01:00+05:30,25495.5,25523.35,25494.9,25519.9,0
2025-06-26T14:02:00+05:30,25520.15,25527.5,25513.0,25513.0,0
2025-06-26T14:03:00+05:30,25514.95,25520.15,25512.85,25519.4,0
2025-06-26T14:04:00+05:30,25519.8,25520.65,25513.25,25513.25,0
2025-06-26T14:05:00+05:30,25512.95,25512.95,25496.0,25497.7,0
2025-06-26T14:06:00+05:30,25499.8,25499.8,25485.7,25485.7,0
2025-06-26T14:07:00+05:30,25486.05,25492.5,25483.45,25486.15,0
2025-06-26T14:08:00+05:30,25487.5,25492.0,25480.4,25486.35,0
2025-06-26T14:09:00+05:30,25488.1,25490.35,25475.3,25480.3,0
2025-06-26T14:10:00+05:30,25481.85,25490.1,25477.1,25484.65,0
2025-06-26T14:11:00+05:30,25486.15,25492.4,25478.9,25479.3,0
2025-06-26T14:12:00+05:30,25480.0,25495.05,25478.7,25493.6,0
2025-06-26T14:13:00+05:30,25495.15,25514.05,25493.35,25512.0,0
2025-06-26T14:14:00+05:30,25514.2,25516.9,25510.0,25515.95,0
2025-06-26T14:15:00+05:30,25517.6,25518.35,25504.7,25510.55,0
2025-06-26T14:16:00+05:30,25512.25,25518.9,25509.85,25516.4,0
2025-06-26T14:17:00+05:30,25517.5,25522.4,25512.25,25518.1,0
2025-06-26T14:18:00+05:30,25518.9,25521.85,25515.7,25519.7,0
2025-06-26T14:19:00+05:30,25520.0,25525.2,25518.2,25523.15,0
2025-06-26T14:20:00+05:30,25525.65,25528.55,25519.7,25526.1,0
2025-06-26T14:21:00+05:30,25528.6,25529.5,25496.5,25498.9,0
2025-06-26T14:22:00+05:30,25501.6,25513.9,25499.0,25510.75,0
2025-06-26T14:23:00+05:30,25512.55,25512.55,25506.6,25507.6,0
2025-06-26T14:24:00+05:30,25509.35,25513.3,25506.85,25512.55,0
2025-06-26T14:25:00+05:30,25514.25,25515.75,25511.7,25513.35,0
2025-06-26T14:26:00+05:30,25516.2,25519.3,25512.3,25515.1,0
2025-06-26T14:27:00+05:30,25515.8,25518.75,25508.0,25509.45,0
2025-06-26T14:28:00+05:30,25511.6,25514.3,25507.05,25512.65,0
2025-06-26T14:29:00+05:30,25514.6,25518.2,25508.3,25509.8,0
2025-06-26T14:30:00+05:30,25512.2,25516.55,25507.55,25509.05,0
2025-06-26T14:31:00+05:30,25510.1,25514.4,25506.95,25507.15,0
2025-06-26T14:32:00+05:30,25509.05,25509.8,25501.7,25506.9,0
2025-06-26T14:33:00+05:30,25508.35,25518.25,25507.4,25507.4,0
2025-06-26T14:34:00+05:30,25506.9,25508.8,25497.05,25505.9,0
2025-06-26T14:35:00+05:30,25507.55,25511.65,25503.5,25504.05,0
2025-06-26T14:36:00+05:30,25504.5,25508.2,25502.1,25507.85,0
2025-06-26T14:37:00+05:30,25509.25,25513.4,25507.0,25511.35,0
2025-06-26T14:38:00+05:30,25511.8,25512.0,25503.85,25505.05,0
2025-06-26T14:39:00+05:30,25506.15,25507.15,25501.55,25503.15,0
2025-06-26T14:40:00+05:30,25505.05,25507.65,25499.55,25501.9,0
2025-06-26T14:41:00+05:30,25502.3,25503.95,25493.3,25494.25,0
2025-06-26T14:42:00+05:30,25494.6,25500.55,25492.6,25493.1,0
2025-06-26T14:43:00+05:30,25494.25,25503.95,25493.55,25498.95,0
2025-06-26T14:44:00+05:30,25501.0,25507.9,25499.35,25505.6,0
2025-06-26T14:45:00+05:30,25509.0,25509.6,25500.25,25502.95,0
2025-06-26T14:46:00+05:30,25503.5,25504.55,25498.8,25501.6,0
2025-06-26T14:47:00+05:30,25502.4,25502.45,25495.9,25497.5,0
2025-06-26T14:48:00+05:30,25499.45,25500.05,25493.6,25494.1,0
2025-06-26T14:49:00+05:30,25495.05,25495.25,25489.55,25489.6,0
2025-06-26T14:50:00+05:30,25490.65,25495.25,25483.0,25483.85,0
2025-06-26T14:51:00+05:30,25485.0,25492.85,25482.85,25487.1,0
2025-06-26T14:52:00+05:30,25487.5,25487.5,25480.35,25485.45,0
2025-06-26T14:53:00+05:30,25486.6,25502.55,25485.45,25500.05,0
2025-06-26T14:54:00+05:30,25500.3,25513.25,25500.3,25513.25,0
2025-06-26T14:55:00+05:30,25513.2,25529.45,25513.2,25529.45,0
2025-06-26T14:56:00+05:30,25529.0,25541.0,25529.0,25539.45,0
2025-06-26T14:57:00+05:30,25538.7,25540.75,25532.85,25536.75,0
2025-06-26T14:58:00+05:30,25537.85,25547.8,25537.65,25543.65,0
2025-06-26T14:59:00+05:30,25543.95,25545.55,25538.9,25544.2,0
2025-06-26T15:00:00+05:30,25543.85,25549.5,25542.35,25546.65,0
2025-06-26T15:01:00+05:30,25546.75,25552.0,25546.1,25550.6,0
2025-06-26T15:02:00+05:30,25551.45,25553.0,25544.75,25547.95,0
2025-06-26T15:03:00+05:30,25547.5,25547.5,25538.4,25545.05,0
2025-06-26T15:04:00+05:30,25544.6,25563.25,25543.6,25560.25,0
2025-06-26T15:05:00+05:30,25559.6,25565.3,25555.9,25560.05,0
2025-06-26T15:06:00+05:30,25558.75,25561.1,25543.3,25543.3,0
2025-06-26T15:07:00+05:30,25545.35,25545.35,25538.25,25541.2,0
2025-06-26T15:08:00+05:30,25540.75,25553.35,25540.2,25552.4,0
2025-06-26T15:09:00+05:30,25552.0,25554.1,25548.25,25554.1,0
2025-06-26T15:10:00+05:30,25553.3,25557.25,25550.3,25552.6,0
2025-06-26T15:11:00+05:30,25553.05,25553.25,25540.15,25540.25,0
2025-06-26T15:12:00+05:30,25540.65,25543.8,25534.95,25543.8,0
2025-06-26T15:13:00+05:30,25542.75,25543.7,25539.65,25540.4,0
2025-06-26T15:14:00+05:30,25540.35,25542.45,25539.25,25542.1,0
2025-06-26T15:15:00+05:30,25541.05,25548.55,25539.15,25545.35,0
2025-06-26T15:16:00+05:30,25544.15,25550.2,25543.75,25544.7,0
2025-06-26T15:17:00+05:30,25545.1,25545.25,25534.75,25543.7,0
2025-06-26T15:18:00+05:30,25542.4,25542.4,25536.7,25538.0,0
2025-06-26T15:19:00+05:30,25538.8,25542.05,25535.65,25541.5,0
2025-06-26T15:20:00+05:30,25540.8,25546.15,25539.7,25543.35,0
2025-06-26T15:21:00+05:30,25542.95,25548.85,25542.35,25547.9,0
2025-06-26T15:22:00+05:30,25547.3,25560.05,25547.3,25559.5,0
2025-06-26T15:23:00+05:30,25557.8,25563.7,25557.8,25561.6,0
2025-06-26T15:24:00+05:30,25560.9,25561.8,25547.3,25552.8,0
2025-06-26T15:25:00+05:30,25552.15,25558.45,25550.35,25551.45,0
2025-06-26T15:26:00+05:30,25552.3,25553.95,25544.6,25546.4,0
2025-06-26T15:27:00+05:30,25548.0,25549.4,25539.5,25544.55,0
2025-06-26T15:28:00+05:30,25542.65,25545.95,25536.15,25541.2,0
2025-06-26T15:29:00+05:30,25539.55,25544.2,25528.6,25530.4,0
2025-06-27T09:15:00+05:30,25576.65,25622.5,25537.35,25616.2,0
2025-06-27T09:16:00+05:30,25617.25,25620.75,25595.7,25599.95,0
2025-06-27T09:17:00+05:30,25600.15,25603.3,25583.45,25590.1,0
2025-06-27T09:18:00+05:30,25590.05,25600.2,25582.15,25598.05,0
2025-06-27T09:19:00+05:30,25598.75,25598.75,25587.75,25597.1,0
2025-06-27T09:20:00+05:30,25597.8,25597.8,25584.55,25590.55,0
2025-06-27T09:21:00+05:30,25591.4,25591.4,25573.1,25575.05,0
2025-06-27T09:22:00+05:30,25576.4,25577.55,25570.2,25575.1,0
2025-06-27T09:23:00+05:30,25575.0,25580.95,25573.15,25578.65,0
2025-06-27T09:24:00+05:30,25578.3,25587.4,25570.55,25587.4,0
2025-06-27T09:25:00+05:30,25586.95,25588.1,25578.5,25578.5,0
2025-06-27T09:26:00+05:30,25579.3,25586.05,25573.95,25582.5,0
2025-06-27T09:27:00+05:30,25582.85,25584.2,25563.6,25566.85,0
2025-06-27T09:28:00+05:30,25566.65,25568.5,25555.4,25555.75,0
2025-06-27T09:29:00+05:30,25556.65,25557.55,25538.6,25538.6,0
2025-06-27T09:30:00+05:30,25537.3,25538.75,25523.55,25531.3,0
2025-06-27T09:31:00+05:30,25531.8,25536.8,25525.65,25531.05,0
2025-06-27T09:32:00+05:30,25531.45,25554.75,25529.4,25554.35,0
2025-06-27T09:33:00+05:30,25555.4,25562.9,25554.65,25557.05,0
2025-06-27T09:34:00+05:30,25559.25,25564.15,25555.05,25563.8,0
2025-06-27T09:35:00+05:30,25565.25,25571.35,25558.65,25571.35,0
2025-06-27T09:36:00+05:30,25572.0,25573.8,25567.2,25568.4,0
2025-06-27T09:37:00+05:30,25569.45,25570.9,25557.25,25558.0,0
2025-06-27T09:38:00+05:30,25557.6,25566.5,25553.85,25566.5,0
2025-06-27T09:39:00+05:30,25567.1,25570.15,25560.25,25560.35,0
2025-06-27T09:40:00+05:30,25561.05,25562.15,25555.05,25559.9,0
2025-06-27T09:41:00+05:30,25559.2,25562.85,25553.45,25561.55,0
2025-06-27T09:42:00+05:30,25563.2,25563.35,25550.7,25551.45,0
2025-06-27T09:43:00+05:30,25551.65,25551.85,25542.55,25543.3,0
2025-06-27T09:44:00+05:30,25544.45,25546.05,25535.1,25535.1,0
2025-06-27T09:45:00+05:30,25535.25,25535.5,25528.45,25533.2,0
2025-06-27T09:46:00+05:30,25532.85,25548.9,25532.85,25547.65,0
2025-06-27T09:47:00+05:30,25549.0,25551.9,25541.7,25542.25,0
2025-06-27T09:48:00+05:30,25542.9,25546.55,25538.55,25544.25,0
2025-06-27T09:49:00+05:30,25544.7,25544.9,25536.3,25539.7,0
2025-06-27T09:50:00+05:30,25540.85,25543.6,25538.45,25540.3,0
2025-06-27T09:51:00+05:30,25541.0,25542.35,25535.1,25539.15,0
2025-06-27T09:52:00+05:30,25538.2,25555.85,25538.2,25555.85,0
2025-06-27T09:53:00+05:30,25556.3,25565.0,25555.2,25562.85,0
2025-06-27T09:54:00+05:30,25563.5,25569.8,25562.15,25568.35,0
2025-06-27T09:55:00+05:30,25567.85,25568.0,25558.6,25560.2,0
2025-06-27T09:56:00+05:30,25558.75,25558.75,25549.9,25551.65,0
2025-06-27T09:57:00+05:30,25552.1,25552.95,25541.85,25541.85,0
2025-06-27T09:58:00+05:30,25542.7,25544.2,25536.1,25542.75,0
2025-06-27T09:59:00+05:30,25542.25,25545.9,25540.7,25545.35,0
2025-06-27T10:00:00+05:30,25544.5,25549.9,25542.05,25548.35,0
2025-06-27T10:01:00+05:30,25549.1,25554.6,25549.1,25553.8,0
2025-06-27T10:02:00+05:30,25553.9,25553.9,25548.25,25551.25,0
2025-06-27T10:03:00+05:30,25551.05,25556.95,25551.05,25553.55,0
2025-06-27T10:04:00+05:30,25553.1,25556.85,25552.15,25556.45,0
2025-06-27T10:05:00+05:30,25555.3,25560.5,25554.6,25559.3,0
2025-06-27T10:06:00+05:30,25559.4,25563.55,25558.4,25560.95,0
2025-06-27T10:07:00+05:30,25562.65,25562.65,25559.85,25560.4,0
2025-06-27T10:08:00+05:30,25560.9,25562.2,25556.25,25558.3,0
2025-06-27T10:09:00+05:30,25558.7,25559.5,25554.2,25556.15,0
2025-06-27T10:10:00+05:30,25556.45,25560.6,25554.6,25557.45,0
2025-06-27T10:11:00+05:30,25557.95,25561.6,25557.45,25560.05,0
2025-06-27T10:12:00+05:30,25560.55,25561.8,25555.7,25556.1,0
2025-06-27T10:13:00+05:30,25556.6,25565.3,25555.6,25564.5,0
2025-06-27T10:14:00+05:30,25565.3,25568.8,25563.8,25567.65,0
2025-06-27T10:15:00+05:30,25568.1,25578.2,25567.25,25576.35,0
2025-06-27T10:16:00+05:30,25576.9,25576.9,25571.4,25573.5,0
2025-06-27T10:17:00+05:30,25573.6,25577.7,25572.4,25576.8,0
2025-06-27T10:18:00+05:30,25577.5,25578.3,25574.1,25576.9,0
2025-06-27T10:19:00+05:30,25576.35,25577.65,25570.95,25573.75,0
2025-06-27T10:20:00+05:30,25573.5,25573.5,25566.4,25568.95,0
2025-06-27T10:21:00+05:30,25569.1,25570.75,25562.95,25563.95,0
2025-06-27T10:22:00+05:30,25563.05,25564.0,25560.15,25561.8,0
2025-06-27T10:23:00+05:30,25561.25,25562.8,25558.15,25560.05,0
2025-06-27T10:24:00+05:30,25561.4,25562.9,25560.15,25561.3,0
2025-06-27T10:25:00+05:30,25562.25,25565.0,25559.15,25561.5,0
2025-06-27T10:26:00+05:30,25561.8,25562.5,25558.9,25559.55,0
2025-06-27T10:27:00+05:30,25560.05,25560.4,25555.4,25555.6,0
2025-06-27T10:28:00+05:30,25555.75,25557.15,25553.65,25553.65,0
2025-06-27T10:29:00+05:30,25554.4,25557.85,25553.55,25556.7,0
2025-06-27T10:30:00+05:30,25556.55,25557.85,25554.35,25557.45,0
2025-06-27T10:31:00+05:30,25558.3,25568.5,25557.65,25568.5,0
2025-06-27T10:32:00+05:30,25568.65,25569.4,25565.6,25565.95,0
2025-06-27T10:33:00+05:30,25566.15,25572.1,25565.45,25571.55,0
2025-06-27T10:34:00+05:30,25572.0,25572.65,25566.65,25566.9,0
2025-06-27T10:35:00+05:30,25567.25,25567.3,25559.1,25559.2,0
2025-06-27T10:36:00+05:30,25559.55,25559.65,25539.6,25549.0,0
2025-06-27T10:37:00+05:30,25549.3,25553.95,25548.0,25553.95,0
2025-06-27T10:38:00+05:30,25554.5,25556.4,25551.85,25555.3,0
2025-06-27T10:39:00+05:30,25554.95,25562.2,25554.25,25559.25,0
2025-06-27T10:40:00+05:30,25559.95,25561.1,25556.2,25557.95,0
2025-06-27T10:41:00+05:30,25557.45,25558.25,25555.1,25556.5,0
2025-06-27T10:42:00+05:30,25557.15,25562.05,25555.2,25562.05,0
2025-06-27T10:43:00+05:30,25562.45,25568.85,25561.9,25566.8,0
2025-06-27T10:44:00+05:30,25567.75,25571.2,25567.0,25570.55,0
2025-06-27T10:45:00+05:30,25571.7,25580.0,25571.05,25578.65,0
2025-06-27T10:46:00+05:30,25579.45,25584.95,25579.45,25582.6,0
2025-06-27T10:47:00+05:30,25583.7,25587.4,25580.95,25584.7,0
2025-06-27T10:48:00+05:30,25585.5,25588.1,25581.9,25586.2,0
2025-06-27T10:49:00+05:30,25588.65,25590.7,25584.75,25588.1,0
2025-06-27T10:50:00+05:30,25589.55,25590.5,25585.45,25589.0,0
2025-06-27T10:51:00+05:30,25589.95,25595.45,25587.5,25593.55,0
2025-06-27T10:52:00+05:30,25594.65,25595.7,25591.8,25595.2,0
2025-06-27T10:53:00+05:30,25595.95,25597.1,25593.35,25596.05,0
2025-06-27T10:54:00+05:30,25597.1,25600.4,25595.9,25599.3,0
2025-06-27T10:55:00+05:30,25600.35,25608.65,25597.05,25607.45,0
2025-06-27T10:56:00+05:30,25608.5,25610.25,25599.35,25602.3,0
2025-06-27T10:57:00+05:30,25601.65,25607.3,25601.3,25604.35,0
2025-06-27T10:58:00+05:30,25606.15,25609.1,25605.05,25607.1,0
2025-06-27T10:59:00+05:30,25608.25,25610.15,25604.75,25604.75,0
2025-06-27T11:00:00+05:30,25605.9,25606.25,25596.5,25597.85,0
2025-06-27T11:01:00+05:30,25598.55,25600.4,25596.65,25597.25,0
2025-06-27T11:02:00+05:30,25597.7,25601.7,25596.4,25599.7,0
2025-06-27T11:03:00+05:30,25600.3,25600.3,25594.3,25597.25,0
2025-06-27T11:04:00+05:30,25597.6,25602.9,25595.85,25601.95,0
2025-06-27T11:05:00+05:30,25603.0,25605.4,25601.3,25601.7,0
2025-06-27T11:06:00+05:30,25601.1,25604.25,25599.4,25602.4,0
2025-06-27T11:07:00+05:30,25602.75,25606.25,25599.65,25604.5,0
2025-06-27T11:08:00+05:30,25604.95,25606.35,25602.75,25604.0,0
2025-06-27T11:09:00+05:30,25604.85,25608.6,25603.6,25606.35,0
2025-06-27T11:10:00+05:30,25606.4,25606.65,25598.3,25600.1,0
2025-06-27T11:11:00+05:30,25600.5,25605.15,25599.75,25602.9,0
2025-06-27T11:12:00+05:30,25604.1,25606.45,25601.1,25603.35,0
2025-06-27T11:13:00+05:30,25604.1,25607.65,25602.75,25606.8,0
2025-06-27T11:14:00+05:30,25607.35,25608.0,25604.35,25606.15,0
2025-06-27T11:15:00+05:30,25607.35,25608.85,25604.7,25608.85,0
2025-06-27T11:16:00+05:30,25608.75,25608.8,25602.6,25603.4,0
2025-06-27T11:17:00+05:30,25603.65,25605.25,25600.5,25603.95,0
2025-06-27T11:18:00+05:30,25603.5,25605.95,25600.8,25604.7,0
2025-06-27T11:19:00+05:30,25605.85,25606.8,25596.55,25596.55,0
2025-06-27T11:20:00+05:30,25597.9,25606.3,25597.9,25604.1,0
2025-06-27T11:21:00+05:30,25604.8,25607.45,25603.05,25607.45,0
2025-06-27T11:22:00+05:30,25607.6,25608.45,25603.65,25608.4,0
2025-06-27T11:23:00+05:30,25608.45,25608.85,25598.0,25600.8,0
2025-06-27T11:24:00+05:30,25600.95,25607.1,25599.6,25606.85,0
2025-06-27T11:25:00+05:30,25607.35,25607.35,25599.75,25602.1,0
2025-06-27T11:26:00+05:30,25601.95,25606.65,25599.5,25606.1,0
2025-06-27T11:27:00+05:30,25606.65,25607.75,25603.6,25605.6,0
2025-06-27T11:28:00+05:30,25605.65,25605.65,25597.65,25600.7,0
2025-06-27T11:29:00+05:30,25599.9,25602.95,25598.25,25601.15,0
2025-06-27T11:30:00+05:30,25601.75,25609.35,25599.85,25606.95,0
2025-06-27T11:31:00+05:30,25607.95,25609.1,25605.55,25607.3,0
2025-06-27T11:32:00+05:30,25607.35,25608.2,25599.25,25602.45,0
2025-06-27T11:33:00+05:30,25602.05,25604.75,25601.15,25601.55,0
2025-06-27T11:34:00+05:30,25601.35,25601.8,25595.65,25598.5,0
2025-06-27T11:35:00+05:30,25596.75,25601.6,25596.75,25598.8,0
2025-06-27T11:36:00+05:30,25598.65,25601.3,25596.35,25600.45,0
2025-06-27T11:37:00+05:30,25600.7,25602.85,25598.4,25601.9,0
2025-06-27T11:38:00+05:30,25601.95,25601.95,25598.0,25598.7,0
2025-06-27T11:39:00+05:30,25598.35,25604.9,25596.0,25604.65,0
2025-06-27T11:40:00+05:30,25604.8,25607.9,25601.9,25606.9,0
2025-06-27T11:41:00+05:30,25607.1,25608.9,25604.2,25607.1,0
2025-06-27T11:42:00+05:30,25607.0,25608.9,25605.35,25607.65,0
2025-06-27T11:43:00+05:30,25607.4,25610.55,25604.7,25609.1,0
2025-06-27T11:44:00+05:30,25608.65,25610.9,25606.4,25608.6,0
2025-06-27T11:45:00+05:30,25608.55,25608.85,25603.55,25605.9,0
2025-06-27T11:46:00+05:30,25605.35,25609.85,25604.1,25609.05,0
2025-06-27T11:47:00+05:30,25608.25,25609.8,25599.2,25605.35,0
2025-06-27T11:48:00+05:30,25606.15,25608.5,25603.3,25605.4,0
2025-06-27T11:49:00+05:30,25605.3,25606.2,25601.5,25602.25,0
2025-06-27T11:50:00+05:30,25601.8,25604.35,25597.5,25602.5,0
2025-06-27T11:51:00+05:30,25603.5,25603.9,25598.5,25598.85,0
2025-06-27T11:52:00+05:30,25599.15,25603.1,25597.45,25599.9,0
2025-06-27T11:53:00+05:30,25600.4,25606.0,25598.65,25604.75,0
2025-06-27T11:54:00+05:30,25605.35,25608.85,25603.3,25607.65,0
2025-06-27T11:55:00+05:30,25607.5,25608.8,25605.0,25607.2,0
2025-06-27T11:56:00+05:30,25608.05,25616.9,25607.4,25615.2,0
2025-06-27T11:57:00+05:30,25615.7,25617.0,25609.7,25610.95,0
2025-06-27T11:58:00+05:30,25611.2,25612.35,25605.9,25607.8,0
2025-06-27T11:59:00+05:30,25608.15,25611.3,25606.15,25610.05,0
2025-06-27T12:00:00+05:30,25610.9,25614.15,25608.95,25612.05,0
2025-06-27T12:01:00+05:30,25613.45,25614.35,25610.45,25613.05,0
2025-06-27T12:02:00+05:30,25612.5,25615.8,25609.65,25613.3,0
2025-06-27T12:03:00+05:30,25613.55,25615.95,25610.7,25611.3,0
2025-06-27T12:04:00+05:30,25611.6,25613.15,25609.55,25611.2,0
2025-06-27T12:05:00+05:30,25611.4,25613.25,25609.05,25611.7,0
2025-06-27T12:06:00+05:30,25612.15,25614.6,25608.8,25613.75,0
2025-06-27T12:07:00+05:30,25614.2,25614.85,25611.15,25613.85,0
2025-06-27T12:08:00+05:30,25614.55,25617.8,25613.05,25614.35,0
2025-06-27T12:09:00+05:30,25615.85,25616.2,25609.8,25611.35,0
2025-06-27T12:10:00+05:30,25611.5,25613.2,25609.1,25612.75,0
2025-06-27T12:11:00+05:30,25613.7,25613.9,25609.95,25612.5,0
2025-06-27T12:12:00+05:30,25612.45,25615.0,25609.4,25614.15,0
2025-06-27T12:13:00+05:30,25614.3,25615.35,25608.5,25609.6,0
2025-06-27T12:14:00+05:30,25610.6,25612.6,25607.95,25612.25,0
2025-06-27T12:15:00+05:30,25612.45,25617.35,25612.1,25616.5,0
2025-06-27T12:16:00+05:30,25616.1,25616.85,25612.7,25614.4,0
2025-06-27T12:17:00+05:30,25613.95,25620.35,25612.4,25620.35,0
2025-06-27T12:18:00+05:30,25619.45,25631.15,25619.45,25629.95,0
2025-06-27T12:19:00+05:30,25630.15,25632.5,25627.0,25628.4,0
2025-06-27T12:20:00+05:30,25628.3,25628.75,25626.45,25627.9,0
2025-06-27T12:21:00+05:30,25627.8,25628.1,25624.85,25626.85,0
2025-06-27T12:22:00+05:30,25627.15,25629.4,25622.7,25624.7,0
2025-06-27T12:23:00+05:30,25624.55,25626.45,25622.15,25623.75,0
2025-06-27T12:24:00+05:30,25623.8,25623.8,25615.65,25617.05,0
2025-06-27T12:25:00+05:30,25617.45,25619.7,25614.05,25618.05,0
2025-06-27T12:26:00+05:30,25617.65,25618.75,25612.45,25616.25,0
2025-06-27T12:27:00+05:30,25616.65,25622.65,25614.7,25622.2,0
2025-06-27T12:28:00+05:30,25623.1,25626.45,25621.15,25624.9,0
2025-06-27T12:29:00+05:30,25624.0,25625.7,25621.9,25625.0,0
2025-06-27T12:30:00+05:30,25624.75,25629.85,25624.35,25625.7,0
2025-06-27T12:31:00+05:30,25626.45,25632.7,25626.2,25631.5,0
2025-06-27T12:32:00+05:30,25631.0,25632.75,25625.05,25626.5,0
2025-06-27T12:33:00+05:30,25626.35,25628.65,25624.65,25628.25,0
2025-06-27T12:34:00+05:30,25627.4,25628.4,25622.7,25623.45,0
2025-06-27T12:35:00+05:30,25624.9,25627.8,25622.7,25627.2,0
2025-06-27T12:36:00+05:30,25627.35,25629.75,25626.3,25628.4,0
2025-06-27T12:37:00+05:30,25628.9,25631.65,25627.75,25630.1,0
2025-06-27T12:38:00+05:30,25630.55,25634.85,25630.2,25630.85,0
2025-06-27T12:39:00+05:30,25630.1,25635.9,25630.05,25634.15,0
2025-06-27T12:40:00+05:30,25634.55,25636.7,25632.85,25635.3,0
2025-06-27T12:41:00+05:30,25635.4,25648.6,25635.4,25644.7,0
2025-06-27T12:42:00+05:30,25645.25,25647.0,25642.0,25644.3,0
2025-06-27T12:43:00+05:30,25644.75,25645.3,25640.75,25641.15,0
2025-06-27T12:44:00+05:30,25641.25,25642.9,25638.55,25638.55,0
2025-06-27T12:45:00+05:30,25638.95,25640.0,25634.55,25636.95,0
2025-06-27T12:46:00+05:30,25636.7,25639.65,25636.5,25636.8,0
2025-06-27T12:47:00+05:30,25637.55,25643.0,25635.65,25641.3,0
2025-06-27T12:48:00+05:30,25641.9,25643.4,25638.35,25639.0,0
2025-06-27T12:49:00+05:30,25639.5,25640.4,25637.15,25639.45,0
2025-06-27T12:50:00+05:30,25639.35,25642.1,25638.45,25640.9,0
2025-06-27T12:51:00+05:30,25641.45,25643.0,25640.1,25641.9,0
2025-06-27T12:52:00+05:30,25642.0,25644.35,25640.7,25642.5,0
2025-06-27T12:53:00+05:30,25643.45,25646.45,25642.6,25643.4,0
2025-06-27T12:54:00+05:30,25644.2,25645.9,25642.15,25644.7,0
2025-06-27T12:55:00+05:30,25645.6,25645.95,25641.9,25642.65,0
2025-06-27T12:56:00+05:30,25643.3,25649.35,25642.6,25645.35,0
2025-06-27T12:57:00+05:30,25646.5,25647.55,25643.2,25643.2,0
2025-06-27T12:58:00+05:30,25644.95,25647.65,25643.5,25644.5,0
2025-06-27T12:59:00+05:30,25645.1,25645.6,25639.9,25640.3,0
2025-06-27T13:00:00+05:30,25641.25,25644.5,25639.15,25641.95,0
2025-06-27T13:01:00+05:30,25642.35,25642.65,25636.55,25637.05,0
2025-06-27T13:02:00+05:30,25637.4,25637.65,25626.55,25628.3,0
2025-06-27T13:03:00+05:30,25628.55,25632.2,25626.4,25630.05,0
2025-06-27T13:04:00+05:30,25630.65,25630.95,25623.6,25626.15,0
2025-06-27T13:05:00+05:30,25626.4,25627.8,25623.15,25626.9,0
2025-06-27T13:06:00+05:30,25626.35,25628.75,25619.65,25620.3,0
2025-06-27T13:07:00+05:30,25620.25,25624.05,25620.2,25622.95,0
2025-06-27T13:08:00+05:30,25623.4,25625.85,25621.25,25621.55,0
2025-06-27T13:09:00+05:30,25623.2,25624.8,25620.15,25622.7,0
2025-06-27T13:10:00+05:30,25622.95,25624.65,25617.15,25620.8,0
2025-06-27T13:11:00+05:30,25621.0,25621.15,25618.0,25619.15,0
2025-06-27T13:12:00+05:30,25620.1,25621.35,25617.15,25617.9,0
2025-06-27T13:13:00+05:30,25618.05,25619.3,25613.05,25614.05,0
2025-06-27T13:14:00+05:30,25614.15,25619.2,25614.15,25616.65,0
2025-06-27T13:15:00+05:30,25617.35,25619.5,25612.0,25615.75,0
2025-06-27T13:16:00+05:30,25617.1,25619.05,25613.85,25615.65,0
2025-06-27T13:17:00+05:30,25616.45,25622.4,25614.9,25619.95,0
2025-06-27T13:18:00+05:30,25621.05,25622.1,25614.25,25614.3,0
2025-06-27T13:19:00+05:30,25615.35,25616.45,25612.6,25614.75,0
2025-06-27T13:20:00+05:30,25615.1,25615.7,25611.25,25614.6,0
2025-06-27T13:21:00+05:30,25615.7,25615.95,25610.65,25611.05,0
2025-06-27T13:22:00+05:30,25611.75,25614.2,25608.8,25613.15,0
2025-06-27T13:23:00+05:30,25613.65,25616.35,25612.75,25614.05,0
2025-06-27T13:24:00+05:30,25613.9,25616.35,25608.85,25608.85,0
2025-06-27T13:25:00+05:30,25610.4,25621.1,25609.05,25619.9,0
2025-06-27T13:26:00+05:30,25620.75,25628.95,25620.3,25627.65,0
2025-06-27T13:27:00+05:30,25627.95,25632.25,25627.9,25631.1,0
2025-06-27T13:28:00+05:30,25631.5,25637.0,25629.35,25635.4,0
2025-06-27T13:29:00+05:30,25636.9,25638.4,25634.35,25634.65,0
2025-06-27T13:30:00+05:30,25635.5,25637.05,25632.2,25632.2,0
2025-06-27T13:31:00+05:30,25633.2,25636.35,25631.25,25631.5,0
2025-06-27T13:32:00+05:30,25632.6,25634.85,25630.45,25632.75,0
2025-06-27T13:33:00+05:30,25633.7,25636.85,25631.75,25632.85,0
2025-06-27T13:34:00+05:30,25632.75,25634.75,25627.6,25629.85,0
2025-06-27T13:35:00+05:30,25629.95,25633.25,25629.05,25631.25,0
2025-06-27T13:36:00+05:30,25632.15,25633.6,25626.65,25627.75,0
2025-06-27T13:37:00+05:30,25628.25,25632.3,25627.6,25629.15,0
2025-06-27T13:38:00+05:30,25628.95,25630.0,25625.55,25625.9,0
2025-06-27T13:39:00+05:30,25626.75,25628.3,25623.95,25626.4,0
2025-06-27T13:40:00+05:30,25626.65,25630.3,25626.5,25627.95,0
2025-06-27T13:41:00+05:30,25628.85,25635.3,25627.75,25633.35,0
2025-06-27T13:42:00+05:30,25634.45,25636.05,25627.05,25627.5,0
2025-06-27T13:43:00+05:30,25627.55,25629.0,25621.3,25624.1,0
2025-06-27T13:44:00+05:30,25625.45,25628.7,25624.9,25625.55,0
2025-06-27T13:45:00+05:30,25626.05,25629.55,25623.6,25624.05,0
2025-06-27T13:46:00+05:30,25625.05,25630.85,25624.45,25626.95,0
2025-06-27T13:47:00+05:30,25628.3,25629.75,25623.4,25624.75,0
2025-06-27T13:48:00+05:30,25625.0,25627.45,25623.75,25625.4,0
2025-06-27T13:49:00+05:30,25625.75,25630.8,25624.8,25628.15,0
2025-06-27T13:50:00+05:30,25628.55,25631.1,25623.45,25623.45,0
2025-06-27T13:51:00+05:30,25624.0,25628.7,25622.2,25625.65,0
2025-06-27T13:52:00+05:30,25627.55,25632.2,25625.4,25628.0,0
2025-06-27T13:53:00+05:30,25628.25,25629.4,25620.35,25622.15,0
2025-06-27T13:54:00+05:30,25623.1,25624.75,25620.45,25621.7,0
2025-06-27T13:55:00+05:30,25623.0,25625.3,25621.55,25622.65,0
2025-06-27T13:56:00+05:30,25623.0,25626.05,25621.25,25623.45,0
2025-06-27T13:57:00+05:30,25624.1,25629.25,25622.85,25624.55,0
2025-06-27T13:58:00+05:30,25626.65,25630.5,25624.05,25628.45,0
2025-06-27T13:59:00+05:30,25629.85,25634.4,25628.45,25632.7,0
2025-06-27T14:00:00+05:30,25634.25,25635.65,25630.55,25632.4,0
2025-06-27T14:01:00+05:30,25632.95,25634.25,25629.4,25631.25,0
2025-06-27T14:02:00+05:30,25632.15,25634.6,25630.25,25633.5,0
2025-06-27T14:03:00+05:30,25634.3,25635.3,25631.3,25631.3,0
2025-06-27T14:04:00+05:30,25632.55,25635.6,25630.85,25633.55,0
2025-06-27T14:05:00+05:30,25635.05,25636.4,25633.2,25633.55,0
2025-06-27T14:06:00+05:30,25635.0,25636.5,25629.75,25632.0,0
2025-06-27T14:07:00+05:30,25632.1,25639.35,25631.6,25633.15,0
2025-06-27T14:08:00+05:30,25633.45,25635.95,25632.0,25634.5,0
2025-06-27T14:09:00+05:30,25634.75,25637.15,25632.95,25635.65,0
2025-06-27T14:10:00+05:30,25636.0,25638.3,25632.6,25632.6,0
2025-06-27T14:11:00+05:30,25634.4,25635.75,25631.65,25631.65,0
2025-06-27T14:12:00+05:30,25632.1,25637.8,25631.35,25635.4,0
2025-06-27T14:13:00+05:30,25635.1,25639.2,25634.55,25637.0,0
2025-06-27T14:14:00+05:30,25637.35,25638.8,25634.25,25634.25,0
2025-06-27T14:15:00+05:30,25634.4,25637.45,25631.2,25631.6,0
2025-06-27T14:16:00+05:30,25631.55,25632.25,25627.0,25627.0,0
2025-06-27T14:17:00+05:30,25627.5,25627.95,25623.2,25623.95,0
2025-06-27T14:18:00+05:30,25624.0,25626.6,25623.25,25624.95,0
2025-06-27T14:19:00+05:30,25625.6,25627.6,25620.55,25620.55,0
2025-06-27T14:20:00+05:30,25621.55,25622.65,25618.0,25618.0,0
2025-06-27T14:21:00+05:30,25618.65,25619.05,25613.2,25614.9,0
2025-06-27T14:22:00+05:30,25615.3,25617.1,25613.0,25614.85,0
2025-06-27T14:23:00+05:30,25615.4,25618.4,25614.75,25617.3,0
2025-06-27T14:24:00+05:30,25618.6,25619.8,25613.75,25613.75,0
2025-06-27T14:25:00+05:30,25616.3,25616.3,25611.55,25614.5,0
2025-06-27T14:26:00+05:30,25614.55,25618.45,25613.75,25616.05,0
2025-06-27T14:27:00+05:30,25616.75,25617.95,25613.45,25616.3,0
2025-06-27T14:28:00+05:30,25617.05,25622.9,25614.9,25621.8,0
2025-06-27T14:29:00+05:30,25623.0,25624.25,25614.85,25615.4,0
2025-06-27T14:30:00+05:30,25616.05,25617.8,25611.25,25617.45,0
2025-06-27T14:31:00+05:30,25618.4,25618.75,25613.1,25613.1,0
2025-06-27T14:32:00+05:30,25614.9,25617.55,25612.95,25615.1,0
2025-06-27T14:33:00+05:30,25615.6,25619.65,25614.1,25617.5,0
2025-06-27T14:34:00+05:30,25618.3,25619.35,25613.5,25614.15,0
2025-06-27T14:35:00+05:30,25615.6,25620.55,25612.8,25615.95,0
2025-06-27T14:36:00+05:30,25617.1,25618.95,25614.8,25617.6,0
2025-06-27T14:37:00+05:30,25618.4,25619.3,25614.7,25617.7,0
2025-06-27T14:38:00+05:30,25619.95,25622.0,25617.8,25619.8,0
2025-06-27T14:39:00+05:30,25619.4,25620.45,25616.0,25618.35,0
2025-06-27T14:40:00+05:30,25618.0,25619.45,25615.9,25619.15,0
2025-06-27T14:41:00+05:30,25618.75,25621.55,25616.75,25619.2,0
2025-06-27T14:42:00+05:30,25619.6,25626.05,25618.15,25625.2,0
2025-06-27T14:43:00+05:30,25626.1,25631.15,25624.25,25630.75,0
2025-06-27T14:44:00+05:30,25631.2,25634.15,25629.05,25633.5,0
2025-06-27T14:45:00+05:30,25633.35,25637.25,25629.7,25631.15,0
2025-06-27T14:46:00+05:30,25631.9,25632.85,25628.25,25632.85,0
2025-06-27T14:47:00+05:30,25633.75,25635.5,25632.0,25633.8,0
2025-06-27T14:48:00+05:30,25633.65,25637.5,25631.85,25634.5,0
2025-06-27T14:49:00+05:30,25633.4,25636.1,25631.6,25633.3,0
2025-06-27T14:50:00+05:30,25634.05,25635.9,25630.75,25632.25,0
2025-06-27T14:51:00+05:30,25633.3,25634.35,25631.0,25632.8,0
2025-06-27T14:52:00+05:30,25633.8,25635.9,25629.9,25632.5,0
2025-06-27T14:53:00+05:30,25634.0,25634.55,25627.95,25631.1,0
2025-06-27T14:54:00+05:30,25632.55,25633.45,25629.4,25629.75,0
2025-06-27T14:55:00+05:30,25630.3,25634.1,25627.5,25632.0,0
2025-06-27T14:56:00+05:30,25632.05,25632.75,25626.6,25627.6,0
2025-06-27T14:57:00+05:30,25628.85,25632.7,25624.85,25632.45,0
2025-06-27T14:58:00+05:30,25633.35,25634.0,25629.9,25632.75,0
2025-06-27T14:59:00+05:30,25634.3,25636.1,25629.5,25629.5,0
2025-06-27T15:00:00+05:30,25630.05,25646.95,25626.1,25645.05,0
2025-06-27T15:01:00+05:30,25645.3,25654.2,25641.75,25641.75,0
2025-06-27T15:02:00+05:30,25638.75,25639.85,25630.7,25638.25,0
2025-06-27T15:03:00+05:30,25638.9,25650.6,25637.95,25644.85,0
2025-06-27T15:04:00+05:30,25644.0,25645.4,25640.3,25644.3,0
2025-06-27T15:05:00+05:30,25643.35,25644.5,25639.0,25642.7,0
2025-06-27T15:06:00+05:30,25643.0,25644.35,25638.0,25638.0,0
2025-06-27T15:07:00+05:30,25638.3,25638.3,25633.8,25633.9,0
2025-06-27T15:08:00+05:30,25633.85,25635.3,25626.7,25627.4,0
2025-06-27T15:09:00+05:30,25626.85,25632.1,25624.25,25630.6,0
2025-06-27T15:10:00+05:30,25631.3,25634.75,25629.15,25632.95,0
2025-06-27T15:11:00+05:30,25632.15,25633.1,25628.35,25628.35,0
2025-06-27T15:12:00+05:30,25628.3,25633.4,25627.6,25629.0,0
2025-06-27T15:13:00+05:30,25629.5,25630.85,25626.8,25629.55,0
2025-06-27T15:14:00+05:30,25628.15,25634.85,25626.45,25633.0,0
2025-06-27T15:15:00+05:30,25632.6,25642.95,25631.75,25641.65,0
2025-06-27T15:16:00+05:30,25641.7,25644.15,25638.2,25642.2,0
2025-06-27T15:17:00+05:30,25641.2,25647.25,25641.2,25643.2,0
2025-06-27T15:18:00+05:30,25642.4,25646.55,25638.65,25643.05,0
2025-06-27T15:19:00+05:30,25643.9,25648.4,25643.35,25647.6,0
2025-06-27T15:20:00+05:30,25646.1,25649.95,25643.85,25645.0,0
2025-06-27T15:21:00+05:30,25645.35,25646.15,25641.4,25642.05,0
2025-06-27T15:22:00+05:30,25642.8,25642.9,25639.05,25641.5,0
2025-06-27T15:23:00+05:30,25642.75,25644.3,25638.8,25641.25,0
2025-06-27T15:24:00+05:30,25642.6,25643.85,25638.9,25642.3,0
2025-06-27T15:25:00+05:30,25641.25,25648.1,25639.35,25648.1,0
2025-06-27T15:26:00+05:30,25645.55,25645.65,25638.85,25640.7,0
2025-06-27T15:27:00+05:30,25638.95,25640.6,25634.6,25634.6,0
2025-06-27T15:28:00+05:30,25636.55,25639.4,25629.95,25635.3,0
2025-06-27T15:29:00+05:30,25634.0,25639.5,25629.6,25632.45,0
2025-06-30T09:15:00+05:30,25661.65,25669.35,25623.85,25630.15,0
2025-06-30T09:16:00+05:30,25629.6,25637.05,25613.55,25621.55,0
2025-06-30T09:17:00+05:30,25621.2,25621.2,25602.0,25602.65,0
2025-06-30T09:18:00+05:30,25600.55,25612.15,25593.15,25595.8,0
2025-06-30T09:19:00+05:30,25597.0,25611.35,25591.55,25611.35,0
2025-06-30T09:20:00+05:30,25610.55,25610.55,25602.6,25605.6,0
2025-06-30T09:21:00+05:30,25606.8,25607.9,25598.55,25607.9,0
2025-06-30T09:22:00+05:30,25607.7,25626.15,25607.05,25625.8,0
2025-06-30T09:23:00+05:30,25625.9,25634.6,25621.05,25631.3,0
2025-06-30T09:24:00+05:30,25632.5,25637.65,25629.8,25636.15,0
2025-06-30T09:25:00+05:30,25635.7,25638.45,25632.05,25634.1,0
2025-06-30T09:26:00+05:30,25634.05,25640.4,25625.3,25640.4,0
2025-06-30T09:27:00+05:30,25641.95,25651.05,25640.85,25646.45,0
2025-06-30T09:28:00+05:30,25644.05,25650.15,25642.95,25644.9,0
2025-06-30T09:29:00+05:30,25645.1,25645.1,25630.25,25632.6,0
2025-06-30T09:30:00+05:30,25631.85,25631.95,25608.85,25609.85,0
2025-06-30T09:31:00+05:30,25610.85,25622.5,25610.35,25619.1,0
2025-06-30T09:32:00+05:30,25618.7,25625.45,25616.0,25617.2,0
2025-06-30T09:33:00+05:30,25617.6,25617.8,25597.95,25608.1,0
2025-06-30T09:34:00+05:30,25608.5,25609.75,25603.95,25609.65,0
2025-06-30T09:35:00+05:30,25608.95,25612.1,25607.65,25610.8,0
2025-06-30T09:36:00+05:30,25612.05,25612.6,25595.15,25598.85,0
2025-06-30T09:37:00+05:30,25598.6,25602.55,25592.2,25592.3,0
2025-06-30T09:38:00+05:30,25592.45,25605.65,25590.9,25603.55,0
2025-06-30T09:39:00+05:30,25603.7,25606.8,25596.45,25596.95,0
2025-06-30T09:40:00+05:30,25597.5,25606.25,25597.2,25605.4,0
2025-06-30T09:41:00+05:30,25605.2,25605.2,25597.05,25599.65,0
2025-06-30T09:42:00+05:30,25597.95,25598.3,25579.15,25579.35,0
2025-06-30T09:43:00+05:30,25579.55,25590.7,25579.55,25590.5,0
2025-06-30T09:44:00+05:30,25591.0,25594.35,25588.1,25590.4,0
2025-06-30T09:45:00+05:30,25589.9,25590.8,25571.6,25581.9,0
2025-06-30T09:46:00+05:30,25580.65,25586.95,25576.6,25586.95,0
2025-06-30T09:47:00+05:30,25585.15,25586.75,25579.15,25581.15,0
2025-06-30T09:48:00+05:30,25580.4,25583.15,25576.55,25577.5,0
2025-06-30T09:49:00+05:30,25577.95,25578.7,25568.3,25569.4,0
2025-06-30T09:50:00+05:30,25569.15,25578.7,25569.15,25575.75,0
2025-06-30T09:51:00+05:30,25576.65,25576.65,25561.35,25562.7,0
2025-06-30T09:52:00+05:30,25562.45,25568.9,25559.75,25567.6,0
2025-06-30T09:53:00+05:30,25568.8,25569.45,25564.3,25565.7,0
2025-06-30T09:54:00+05:30,25565.45,25566.65,25562.3,25563.75,0
2025-06-30T09:55:00+05:30,25563.6,25566.1,25560.25,25565.05,0
2025-06-30T09:56:00+05:30,25564.6,25568.6,25562.9,25568.55,0
2025-06-30T09:57:00+05:30,25567.8,25575.6,25567.55,25573.85,0
2025-06-30T09:58:00+05:30,25574.7,25575.9,25568.9,25569.35,0
2025-06-30T09:59:00+05:30,25569.1,25569.65,25558.05,25558.45,0
2025-06-30T10:00:00+05:30,25558.2,25562.8,25554.9,25561.65,0
2025-06-30T10:01:00+05:30,25562.1,25562.1,25546.05,25547.7,0
2025-06-30T10:02:00+05:30,25547.3,25549.3,25543.7,25547.45,0
2025-06-30T10:03:00+05:30,25547.35,25558.75,25546.1,25558.75,0
2025-06-30T10:04:00+05:30,25558.65,25569.45,25556.5,25569.45,0
2025-06-30T10:05:00+05:30,25569.0,25581.85,25568.6,25578.55,0
2025-06-30T10:06:00+05:30,25577.5,25579.35,25572.55,25575.1,0
2025-06-30T10:07:00+05:30,25574.9,25576.9,25565.05,25566.75,0
2025-06-30T10:08:00+05:30,25566.2,25566.2,25558.6,25562.65,0
2025-06-30T10:09:00+05:30,25561.7,25568.4,25556.5,25567.85,0
2025-06-30T10:10:00+05:30,25567.95,25583.75,25567.55,25582.8,0
2025-06-30T10:11:00+05:30,25582.95,25592.8,25582.95,25591.4,0
2025-06-30T10:12:00+05:30,25592.1,25593.05,25588.85,25590.6,0
2025-06-30T10:13:00+05:30,25590.4,25596.0,25590.2,25593.4,0
2025-06-30T10:14:00+05:30,25593.9,25594.95,25585.8,25586.4,0
2025-06-30T10:15:00+05:30,25586.7,25590.5,25585.65,25589.0,0
2025-06-30T10:16:00+05:30,25589.35,25589.35,25584.0,25585.8,0
2025-06-30T10:17:00+05:30,25584.85,25588.6,25583.3,25587.6,0
2025-06-30T10:18:00+05:30,25588.1,25595.0,25586.9,25593.7,0
2025-06-30T10:19:00+05:30,25593.25,25600.0,25592.35,25600.0,0
2025-06-30T10:20:00+05:30,25599.65,25599.65,25593.95,25593.95,0
2025-06-30T10:21:00+05:30,25593.65,25593.7,25571.8,25572.65,0
2025-06-30T10:22:00+05:30,25572.75,25573.65,25566.35,25568.5,0
2025-06-30T10:23:00+05:30,25568.6,25572.4,25567.55,25571.3,0
2025-06-30T10:24:00+05:30,25569.5,25571.05,25562.4,25566.15,0
2025-06-30T10:25:00+05:30,25566.85,25566.85,25562.75,25565.9,0
2025-06-30T10:26:00+05:30,25565.0,25565.95,25559.25,25562.35,0
2025-06-30T10:27:00+05:30,25561.95,25564.65,25559.9,25562.8,0
2025-06-30T10:28:00+05:30,25562.85,25563.75,25555.15,25556.35,0
2025-06-30T10:29:00+05:30,25556.4,25558.7,25553.0,25555.0,0
2025-06-30T10:30:00+05:30,25554.85,25559.9,25554.6,25555.95,0
2025-06-30T10:31:00+05:30,25556.15,25557.95,25553.2,25554.9,0
2025-06-30T10:32:00+05:30,25554.5,25555.3,25549.6,25552.25,0
2025-06-30T10:33:00+05:30,25551.15,25561.05,25551.15,25560.9,0
2025-06-30T10:34:00+05:30,25560.45,25560.75,25557.6,25560.75,0
2025-06-30T10:35:00+05:30,25560.7,25566.25,25560.0,25564.5,0
2025-06-30T10:36:00+05:30,25564.65,25568.6,25563.05,25567.45,0
2025-06-30T10:37:00+05:30,25567.9,25569.9,25565.95,25568.45,0
2025-06-30T10:38:00+05:30,25568.65,25568.9,25562.7,25564.45,0
2025-06-30T10:39:00+05:30,25564.4,25565.9,25556.9,25557.75,0
2025-06-30T10:40:00+05:30,25557.6,25559.45,25555.1,25557.6,0
2025-06-30T10:41:00+05:30,25556.95,25557.65,25545.75,25547.75,0
2025-06-30T10:42:00+05:30,25548.05,25551.95,25547.85,25550.3,0
2025-06-30T10:43:00+05:30,25550.85,25551.7,25543.1,25544.6,0
2025-06-30T10:44:00+05:30,25544.3,25547.15,25541.6,25544.4,0
2025-06-30T10:45:00+05:30,25544.6,25546.9,25542.65,25545.05,0
2025-06-30T10:46:00+05:30,25545.4,25551.15,25545.2,25550.1,0
2025-06-30T10:47:00+05:30,25549.95,25553.7,25549.95,25550.95,0
2025-06-30T10:48:00+05:30,25550.2,25551.85,25543.75,25545.75,0
2025-06-30T10:49:00+05:30,25545.95,25547.85,25540.1,25541.1,0
2025-06-30T10:50:00+05:30,25541.45,25543.6,25536.7,25538.4,0
2025-06-30T10:51:00+05:30,25538.3,25543.15,25537.65,25542.55,0
2025-06-30T10:52:00+05:30,25542.6,25546.25,25541.1,25546.25,0
2025-06-30T10:53:00+05:30,25545.85,25554.0,25545.05,25550.45,0
2025-06-30T10:54:00+05:30,25550.1,25556.95,25549.85,25556.65,0
2025-06-30T10:55:00+05:30,25556.8,25562.0,25554.45,25557.95,0
2025-06-30T10:56:00+05:30,25558.1,25561.15,25555.8,25560.15,0
2025-06-30T10:57:00+05:30,25559.5,25562.3,25558.6,25561.5,0
2025-06-30T10:58:00+05:30,25561.0,25562.95,25557.75,25558.3,0
2025-06-30T10:59:00+05:30,25559.15,25561.35,25556.85,25559.15,0
2025-06-30T11:00:00+05:30,25558.3,25561.5,25557.35,25560.45,0
2025-06-30T11:01:00+05:30,25560.65,25562.7,25554.6,25556.85,0
2025-06-30T11:02:00+05:30,25556.3,25558.4,25554.7,25558.3,0
2025-06-30T11:03:00+05:30,25558.45,25561.05,25557.05,25558.35,0
2025-06-30T11:04:00+05:30,25557.8,25558.15,25551.9,25552.05,0
2025-06-30T11:05:00+05:30,25552.45,25557.2,25552.0,25554.0,0
2025-06-30T11:06:00+05:30,25553.65,25557.8,25553.65,25555.3,0
2025-06-30T11:07:00+05:30,25554.8,25557.0,25553.4,25555.9,0
2025-06-30T11:08:00+05:30,25555.65,25556.65,25551.1,25552.6,0
2025-06-30T11:09:00+05:30,25552.75,25555.5,25551.65,25555.5,0
2025-06-30T11:10:00+05:30,25555.55,25557.55,25553.1,25554.5,0
2025-06-30T11:11:00+05:30,25554.6,25559.1,25554.1,25558.9,0
2025-06-30T11:12:00+05:30,25558.7,25565.65,25558.7,25563.9,0
2025-06-30T11:13:00+05:30,25563.6,25565.95,25559.15,25559.15,0
2025-06-30T11:14:00+05:30,25559.2,25559.85,25546.55,25547.85,0
2025-06-30T11:15:00+05:30,25547.65,25550.2,25545.15,25546.75,0
2025-06-30T11:16:00+05:30,25546.85,25550.1,25546.45,25548.65,0
2025-06-30T11:17:00+05:30,25549.05,25551.1,25545.7,25546.75,0
2025-06-30T11:18:00+05:30,25546.65,25547.85,25539.0,25540.05,0
2025-06-30T11:19:00+05:30,25539.75,25544.2,25539.75,25542.6,0
2025-06-30T11:20:00+05:30,25542.3,25545.1,25541.0,25542.9,0
2025-06-30T11:21:00+05:30,25542.55,25547.85,25541.75,25547.15,0
2025-06-30T11:22:00+05:30,25546.85,25550.05,25546.8,25547.95,0
2025-06-30T11:23:00+05:30,25547.6,25554.5,25546.75,25553.35,0
2025-06-30T11:24:00+05:30,25553.05,25557.8,25553.0,25556.9,0
2025-06-30T11:25:00+05:30,25556.45,25560.65,25555.45,25556.5,0
2025-06-30T11:26:00+05:30,25555.95,25558.75,25554.7,25555.4,0
2025-06-30T11:27:00+05:30,25555.3,25560.15,25555.3,25556.6,0
2025-06-30T11:28:00+05:30,25556.2,25557.45,25552.85,25554.8,0
2025-06-30T11:29:00+05:30,25555.1,25557.35,25553.9,25555.4,0
2025-06-30T11:30:00+05:30,25556.2,25557.5,25554.25,25554.25,0
2025-06-30T11:31:00+05:30,25554.7,25561.3,25554.1,25559.95,0
2025-06-30T11:32:00+05:30,25559.7,25562.95,25559.7,25560.3,0
2025-06-30T11:33:00+05:30,25560.05,25561.7,25557.65,25559.85,0
2025-06-30T11:34:00+05:30,25559.75,25561.95,25558.6,25560.05,0
2025-06-30T11:35:00+05:30,25560.15,25562.15,25558.6,25561.4,0
2025-06-30T11:36:00+05:30,25560.95,25567.55,25559.55,25564.0,0
2025-06-30T11:37:00+05:30,25564.1,25565.15,25554.3,25555.95,0
2025-06-30T11:38:00+05:30,25554.95,25562.8,25554.45,25560.9,0
2025-06-30T11:39:00+05:30,25560.35,25562.5,25555.55,25557.0,0
2025-06-30T11:40:00+05:30,25557.75,25558.85,25555.2,25556.35,0
2025-06-30T11:41:00+05:30,25557.0,25560.9,25555.75,25558.7,0
2025-06-30T11:42:00+05:30,25558.85,25560.7,25557.4,25559.25,0
2025-06-30T11:43:00+05:30,25559.45,25560.25,25557.4,25559.0,0
2025-06-30T11:44:00+05:30,25558.95,25562.4,25558.95,25561.7,0
2025-06-30T11:45:00+05:30,25561.85,25565.4,25560.35,25565.4,0
2025-06-30T11:46:00+05:30,25565.3,25566.0,25559.9,25562.05,0
2025-06-30T11:47:00+05:30,25562.1,25566.6,25562.1,25565.35,0
2025-06-30T11:48:00+05:30,25565.7,25567.25,25563.0,25566.55,0
2025-06-30T11:49:00+05:30,25566.1,25570.5,25566.1,25569.15,0
2025-06-30T11:50:00+05:30,25569.05,25572.35,25567.95,25571.4,0
2025-06-30T11:51:00+05:30,25571.6,25574.7,25569.8,25572.3,0
2025-06-30T11:52:00+05:30,25572.1,25578.3,25571.8,25576.7,0
2025-06-30T11:53:00+05:30,25576.2,25576.8,25570.4,25571.3,0
2025-06-30T11:54:00+05:30,25571.7,25575.75,25570.85,25574.2,0
2025-06-30T11:55:00+05:30,25573.8,25575.65,25570.3,25572.4,0
2025-06-30T11:56:00+05:30,25572.0,25575.1,25571.4,25573.95,0
2025-06-30T11:57:00+05:30,25573.8,25574.5,25569.65,25570.2,0
2025-06-30T11:58:00+05:30,25570.3,25571.25,25568.25,25571.1,0
2025-06-30T11:59:00+05:30,25570.85,25572.1,25568.2,25568.2,0
2025-06-30T12:00:00+05:30,25569.25,25572.15,25568.45,25569.45,0
2025-06-30T12:01:00+05:30,25569.6,25571.65,25567.25,25569.05,0
2025-06-30T12:02:00+05:30,25569.65,25574.55,25567.15,25574.55,0
2025-06-30T12:03:00+05:30,25574.2,25580.85,25572.5,25579.15,0
2025-06-30T12:04:00+05:30,25578.5,25578.6,25572.0,25572.25,0
2025-06-30T12:05:00+05:30,25572.05,25572.05,25564.4,25566.95,0
2025-06-30T12:06:00+05:30,25566.75,25569.9,25564.5,25568.45,0
2025-06-30T12:07:00+05:30,25567.8,25570.65,25567.35,25568.7,0
2025-06-30T12:08:00+05:30,25568.2,25571.35,25568.2,25569.65,0
2025-06-30T12:09:00+05:30,25569.55,25570.8,25568.05,25570.35,0
2025-06-30T12:10:00+05:30,25569.8,25572.4,25568.6,25570.85,0
2025-06-30T12:11:00+05:30,25570.65,25574.0,25569.85,25572.1,0
2025-06-30T12:12:00+05:30,25572.2,25578.8,25571.75,25578.15,0
2025-06-30T12:13:00+05:30,25578.05,25586.3,25577.45,25584.55,0
2025-06-30T12:14:00+05:30,25585.65,25589.8,25584.55,25585.95,0
2025-06-30T12:15:00+05:30,25586.9,25590.4,25586.65,25588.7,0
2025-06-30T12:16:00+05:30,25589.35,25593.75,25588.65,25593.7,0
2025-06-30T12:17:00+05:30,25592.45,25594.4,25584.75,25593.45,0
2025-06-30T12:18:00+05:30,25593.5,25595.15,25590.45,25592.7,0
2025-06-30T12:19:00+05:30,25593.05,25599.3,25592.2,25597.15,0
2025-06-30T12:20:00+05:30,25597.25,25598.45,25593.2,25593.5,0
2025-06-30T12:21:00+05:30,25593.05,25595.25,25592.15,25593.4,0
2025-06-30T12:22:00+05:30,25593.45,25597.3,25591.9,25595.5,0
2025-06-30T12:23:00+05:30,25595.2,25596.8,25593.75,25595.25,0
2025-06-30T12:24:00+05:30,25594.95,25594.95,25589.9,25592.55,0
2025-06-30T12:25:00+05:30,25592.6,25592.95,25589.7,25590.7,0
2025-06-30T12:26:00+05:30,25591.4,25593.6,25589.95,25590.8,0
2025-06-30T12:27:00+05:30,25590.7,25591.0,25579.05,25581.7,0
2025-06-30T12:28:00+05:30,25580.4,25581.5,25576.45,25577.55,0
2025-06-30T12:29:00+05:30,25577.1,25578.45,25570.6,25571.5,0
2025-06-30T12:30:00+05:30,25572.25,25575.5,25570.15,25570.15,0
2025-06-30T12:31:00+05:30,25570.1,25570.7,25562.55,25564.0,0
2025-06-30T12:32:00+05:30,25564.65,25566.6,25562.0,25563.5,0
2025-06-30T12:33:00+05:30,25563.75,25565.05,25560.7,25561.25,0
2025-06-30T12:34:00+05:30,25561.45,25563.95,25558.75,25560.25,0
2025-06-30T12:35:00+05:30,25559.95,25562.25,25556.9,25556.9,0
2025-06-30T12:36:00+05:30,25557.05,25558.15,25553.5,25553.5,0
2025-06-30T12:37:00+05:30,25553.9,25553.9,25549.3,25552.5,0
2025-06-30T12:38:00+05:30,25552.7,25554.85,25550.05,25550.6,0
2025-06-30T12:39:00+05:30,25550.55,25552.45,25545.85,25546.4,0
2025-06-30T12:40:00+05:30,25546.9,25551.0,25546.5,25549.35,0
2025-06-30T12:41:00+05:30,25548.95,25550.7,25546.0,25546.0,0
2025-06-30T12:42:00+05:30,25546.55,25547.95,25544.2,25547.5,0
2025-06-30T12:43:00+05:30,25547.6,25548.4,25544.7,25546.7,0
2025-06-30T12:44:00+05:30,25545.9,25546.5,25542.45,25542.5,0
2025-06-30T12:45:00+05:30,25542.4,25544.05,25540.6,25541.45,0
2025-06-30T12:46:00+05:30,25541.65,25542.55,25538.8,25541.4,0
2025-06-30T12:47:00+05:30,25541.85,25549.8,25540.2,25548.45,0
2025-06-30T12:48:00+05:30,25548.8,25554.6,25548.3,25553.65,0
2025-06-30T12:49:00+05:30,25552.8,25555.35,25551.4,25552.7,0
2025-06-30T12:50:00+05:30,25552.35,25553.4,25550.45,25551.5,0
2025-06-30T12:51:00+05:30,25551.7,25553.35,25550.4,25551.9,0
2025-06-30T12:52:00+05:30,25551.4,25554.4,25550.65,25551.95,0
2025-06-30T12:53:00+05:30,25552.35,25553.15,25549.4,25549.4,0
2025-06-30T12:54:00+05:30,25550.3,25550.65,25540.9,25540.9,0
2025-06-30T12:55:00+05:30,25541.55,25542.6,25534.25,25536.3,0
2025-06-30T12:56:00+05:30,25535.95,25537.15,25532.5,25536.25,0
2025-06-30T12:57:00+05:30,25536.55,25538.1,25533.75,25534.35,0
2025-06-30T12:58:00+05:30,25534.2,25534.6,25530.85,25532.55,0
2025-06-30T12:59:00+05:30,25532.5,25534.05,25526.25,25526.35,0
2025-06-30T13:00:00+05:30,25526.65,25527.15,25507.1,25507.2,0
2025-06-30T13:01:00+05:30,25507.55,25512.5,25499.1,25508.1,0
2025-06-30T13:02:00+05:30,25508.35,25514.4,25508.35,25512.05,0
2025-06-30T13:03:00+05:30,25512.3,25514.25,25510.9,25511.95,0
2025-06-30T13:04:00+05:30,25512.35,25514.05,25511.3,25512.05,0
2025-06-30T13:05:00+05:30,25511.65,25515.1,25511.65,25513.85,0
2025-06-30T13:06:00+05:30,25513.9,25515.65,25509.25,25513.15,0
2025-06-30T13:07:00+05:30,25512.5,25513.85,25509.2,25509.4,0
2025-06-30T13:08:00+05:30,25509.3,25511.25,25505.9,25506.75,0
2025-06-30T13:09:00+05:30,25506.1,25508.9,25505.4,25507.95,0
2025-06-30T13:10:00+05:30,25508.2,25513.5,25507.8,25512.25,0
2025-06-30T13:11:00+05:30,25512.4,25513.7,25510.0,25512.5,0
2025-06-30T13:12:00+05:30,25512.05,25512.15,25507.5,25507.5,0
2025-06-30T13:13:00+05:30,25508.35,25510.0,25507.65,25508.5,0
2025-06-30T13:14:00+05:30,25508.95,25512.95,25505.7,25505.7,0
2025-06-30T13:15:00+05:30,25506.25,25506.9,25490.5,25492.5,0
2025-06-30T13:16:00+05:30,25493.15,25498.05,25491.95,25494.85,0
2025-06-30T13:17:00+05:30,25494.75,25499.05,25494.25,25498.5,0
2025-06-30T13:18:00+05:30,25498.1,25503.25,25498.1,25502.7,0
2025-06-30T13:19:00+05:30,25502.65,25505.85,25502.15,25502.15,0
2025-06-30T13:20:00+05:30,25504.3,25504.3,25500.7,25500.9,0
2025-06-30T13:21:00+05:30,25501.25,25506.4,25499.15,25506.4,0
2025-06-30T13:22:00+05:30,25506.55,25510.9,25505.05,25509.2,0
2025-06-30T13:23:00+05:30,25509.45,25510.1,25503.15,25504.25,0
2025-06-30T13:24:00+05:30,25503.9,25507.9,25503.7,25506.95,0
2025-06-30T13:25:00+05:30,25506.75,25513.65,25506.75,25512.1,0
2025-06-30T13:26:00+05:30,25511.95,25515.5,25511.9,25514.95,0
2025-06-30T13:27:00+05:30,25515.1,25518.0,25514.2,25516.3,0
2025-06-30T13:28:00+05:30,25516.55,25518.8,25512.5,25512.95,0
2025-06-30T13:29:00+05:30,25512.6,25513.4,25507.45,25510.6,0
2025-06-30T13:30:00+05:30,25509.65,25511.45,25507.9,25509.35,0
2025-06-30T13:31:00+05:30,25509.6,25513.15,25509.0,25512.2,0
2025-06-30T13:32:00+05:30,25512.25,25513.95,25509.55,25510.0,0
2025-06-30T13:33:00+05:30,25509.85,25512.5,25508.95,25511.4,0
2025-06-30T13:34:00+05:30,25513.65,25514.0,25510.7,25511.25,0
2025-06-30T13:35:00+05:30,25512.05,25512.55,25507.7,25511.0,0
2025-06-30T13:36:00+05:30,25510.65,25514.35,25509.8,25513.0,0
2025-06-30T13:37:00+05:30,25513.15,25513.6,25508.1,25508.4,0
2025-06-30T13:38:00+05:30,25507.35,25507.35,25501.55,25502.6,0
2025-06-30T13:39:00+05:30,25502.7,25503.2,25500.55,25500.9,0
2025-06-30T13:40:00+05:30,25502.65,25504.45,25500.7,25504.25,0
2025-06-30T13:41:00+05:30,25504.05,25509.65,25503.95,25505.95,0
2025-06-30T13:42:00+05:30,25505.6,25507.35,25503.1,25503.1,0
2025-06-30T13:43:00+05:30,25503.35,25505.0,25500.15,25504.15,0
2025-06-30T13:44:00+05:30,25504.0,25504.75,25501.7,25503.5,0
2025-06-30T13:45:00+05:30,25502.65,25504.45,25500.35,25502.0,0
2025-06-30T13:46:00+05:30,25501.15,25502.95,25496.2,25496.3,0
2025-06-30T13:47:00+05:30,25496.25,25498.75,25494.75,25498.05,0
2025-06-30T13:48:00+05:30,25498.25,25500.1,25494.3,25495.95,0
2025-06-30T13:49:00+05:30,25495.75,25496.9,25485.7,25486.85,0
2025-06-30T13:50:00+05:30,25486.6,25489.1,25484.35,25485.45,0
2025-06-30T13:51:00+05:30,25485.1,25488.3,25479.25,25483.8,0
2025-06-30T13:52:00+05:30,25484.3,25484.3,25480.95,25482.3,0
2025-06-30T13:53:00+05:30,25482.4,25482.4,25473.3,25478.95,0
2025-06-30T13:54:00+05:30,25478.9,25488.1,25478.45,25486.15,0
2025-06-30T13:55:00+05:30,25485.35,25488.05,25484.75,25484.8,0
2025-06-30T13:56:00+05:30,25484.6,25485.15,25482.1,25482.7,0
2025-06-30T13:57:00+05:30,25482.3,25487.0,25480.1,25486.5,0
2025-06-30T13:58:00+05:30,25485.6,25498.65,25485.45,25498.4,0
2025-06-30T13:59:00+05:30,25498.0,25500.15,25496.1,25499.75,0
2025-06-30T14:00:00+05:30,25499.2,25502.2,25494.25,25495.9,0
2025-06-30T14:01:00+05:30,25495.25,25496.3,25488.5,25489.35,0
2025-06-30T14:02:00+05:30,25489.05,25490.55,25480.85,25482.65,0
2025-06-30T14:03:00+05:30,25482.05,25487.65,25481.75,25486.75,0
2025-06-30T14:04:00+05:30,25482.75,25486.95,25481.9,25486.65,0
2025-06-30T14:05:00+05:30,25486.55,25486.55,25480.75,25482.85,0
2025-06-30T14:06:00+05:30,25482.55,25484.25,25479.9,25480.45,0
2025-06-30T14:07:00+05:30,25480.05,25484.65,25478.7,25480.1,0
2025-06-30T14:08:00+05:30,25480.8,25487.5,25480.1,25487.5,0
2025-06-30T14:09:00+05:30,25487.45,25497.05,25486.25,25496.0,0
2025-06-30T14:10:00+05:30,25495.9,25502.0,25495.9,25499.35,0
2025-06-30T14:11:00+05:30,25499.6,25500.2,25493.0,25493.5,0
2025-06-30T14:12:00+05:30,25492.65,25493.65,25489.15,25490.75,0
2025-06-30T14:13:00+05:30,25490.15,25493.5,25489.35,25491.5,0
2025-06-30T14:14:00+05:30,25491.35,25492.7,25488.2,25489.65,0
2025-06-30T14:15:00+05:30,25490.9,25490.9,25485.3,25488.2,0
2025-06-30T14:16:00+05:30,25487.85,25487.85,25485.0,25485.2,0
2025-06-30T14:17:00+05:30,25485.5,25486.0,25479.15,25479.15,0
2025-06-30T14:18:00+05:30,25479.1,25482.9,25478.0,25481.05,0
2025-06-30T14:19:00+05:30,25481.0,25482.55,25479.5,25480.45,0
2025-06-30T14:20:00+05:30,25482.5,25483.4,25478.85,25480.3,0
2025-06-30T14:21:00+05:30,25479.75,25485.85,25478.65,25484.75,0
2025-06-30T14:22:00+05:30,25484.05,25492.75,25484.05,25492.75,0
2025-06-30T14:23:00+05:30,25491.5,25498.75,25491.3,25497.8,0
2025-06-30T14:24:00+05:30,25496.55,25499.1,25495.55,25497.65,0
2025-06-30T14:25:00+05:30,25497.6,25499.25,25495.35,25498.2,0
2025-06-30T14:26:00+05:30,25497.85,25499.3,25487.1,25489.05,0
2025-06-30T14:27:00+05:30,25488.95,25490.7,25486.85,25488.9,0
2025-06-30T14:28:00+05:30,25488.8,25490.05,25485.95,25488.45,0
2025-06-30T14:29:00+05:30,25488.8,25492.35,25488.15,25491.25,0
2025-06-30T14:30:00+05:30,25491.35,25492.0,25489.45,25491.25,0
2025-06-30T14:31:00+05:30,25490.75,25492.3,25489.3,25489.75,0
2025-06-30T14:32:00+05:30,25488.95,25491.2,25486.05,25487.05,0
2025-06-30T14:33:00+05:30,25486.65,25490.25,25486.25,25488.45,0
2025-06-30T14:34:00+05:30,25488.05,25492.0,25485.85,25485.85,0
2025-06-30T14:35:00+05:30,25486.95,25487.0,25478.8,25481.2,0
2025-06-30T14:36:00+05:30,25481.05,25483.6,25480.45,25483.55,0
2025-06-30T14:37:00+05:30,25482.65,25483.65,25477.6,25479.8,0
2025-06-30T14:38:00+05:30,25480.1,25486.25,25478.05,25485.75,0
2025-06-30T14:39:00+05:30,25485.2,25493.3,25485.2,25491.9,0
2025-06-30T14:40:00+05:30,25490.7,25493.35,25486.65,25486.65,0
2025-06-30T14:41:00+05:30,25486.2,25486.8,25480.95,25483.4,0
2025-06-30T14:42:00+05:30,25482.25,25483.5,25478.95,25481.4,0
2025-06-30T14:43:00+05:30,25481.3,25493.1,25480.95,25492.05,0
2025-06-30T14:44:00+05:30,25492.2,25495.45,25489.9,25495.45,0
2025-06-30T14:45:00+05:30,25495.1,25498.1,25492.25,25493.15,0
2025-06-30T14:46:00+05:30,25493.2,25502.55,25492.75,25501.75,0
2025-06-30T14:47:00+05:30,25502.5,25506.0,25499.45,25503.55,0
2025-06-30T14:48:00+05:30,25504.1,25504.5,25498.75,25501.35,0
2025-06-30T14:49:00+05:30,25501.3,25501.65,25499.55,25500.95,0
2025-06-30T14:50:00+05:30,25501.15,25502.05,25497.65,25498.7,0
2025-06-30T14:51:00+05:30,25498.45,25519.8,25497.75,25519.65,0
2025-06-30T14:52:00+05:30,25519.35,25519.5,25511.4,25513.7,0
2025-06-30T14:53:00+05:30,25513.1,25513.75,25502.2,25504.05,0
2025-06-30T14:54:00+05:30,25504.15,25507.55,25502.7,25505.55,0
2025-06-30T14:55:00+05:30,25505.8,25509.25,25504.8,25507.55,0
2025-06-30T14:56:00+05:30,25510.15,25510.95,25507.2,25510.3,0
2025-06-30T14:57:00+05:30,25510.55,25511.9,25503.75,25504.45,0
2025-06-30T14:58:00+05:30,25503.9,25504.5,25499.35,25502.0,0
2025-06-30T14:59:00+05:30,25500.85,25506.75,25499.7,25505.9,0
2025-06-30T15:00:00+05:30,25504.9,25513.35,25503.55,25510.05,0
2025-06-30T15:01:00+05:30,25509.3,25509.6,25504.95,25507.75,0
2025-06-30T15:02:00+05:30,25507.65,25507.9,25504.45,25507.45,0
2025-06-30T15:03:00+05:30,25507.1,25511.5,25505.0,25510.65,0
2025-06-30T15:04:00+05:30,25510.4,25514.1,25510.15,25514.1,0
2025-06-30T15:05:00+05:30,25513.05,25517.9,25512.0,25517.9,0
2025-06-30T15:06:00+05:30,25517.6,25521.4,25515.65,25521.4,0
2025-06-30T15:07:00+05:30,25519.6,25522.5,25518.05,25520.3,0
2025-06-30T15:08:00+05:30,25520.25,25520.25,25516.7,25518.5,0
2025-06-30T15:09:00+05:30,25518.0,25520.95,25515.4,25520.95,0
2025-06-30T15:10:00+05:30,25521.35,25522.2,25516.65,25518.0,0
2025-06-30T15:11:00+05:30,25517.5,25522.25,25516.1,25522.1,0
2025-06-30T15:12:00+05:30,25521.4,25523.0,25520.3,25522.05,0
2025-06-30T15:13:00+05:30,25522.0,25524.65,25520.55,25524.65,0
2025-06-30T15:14:00+05:30,25523.2,25526.65,25523.2,25525.15,0
2025-06-30T15:15:00+05:30,25524.8,25526.1,25521.25,25525.8,0
2025-06-30T15:16:00+05:30,25525.5,25525.9,25511.1,25512.45,0
2025-06-30T15:17:00+05:30,25511.4,25512.7,25507.25,25512.7,0
2025-06-30T15:18:00+05:30,25511.95,25515.6,25510.55,25515.6,0
2025-06-30T15:19:00+05:30,25514.95,25516.75,25513.6,25516.75,0
2025-06-30T15:20:00+05:30,25516.35,25519.3,25512.6,25515.2,0
2025-06-30T15:21:00+05:30,25514.8,25520.3,25513.65,25520.3,0
2025-06-30T15:22:00+05:30,25519.5,25525.4,25519.5,25525.4,0
2025-06-30T15:23:00+05:30,25524.7,25525.25,25520.65,25522.5,0
2025-06-30T15:24:00+05:30,25521.75,25523.5,25520.3,25522.4,0
2025-06-30T15:25:00+05:30,25522.45,25522.45,25515.95,25517.8,0
2025-06-30T15:26:00+05:30,25517.05,25518.15,25515.2,25518.15,0
2025-06-30T15:27:00+05:30,25517.8,25517.8,25510.85,25511.55,0
2025-06-30T15:28:00+05:30,25511.4,25511.85,25506.85,25509.55,0
2025-06-30T15:29:00+05:30,25510.95,25521.4,25505.35,25507.45,0
2025-07-01T09:15:00+05:30,25551.35,25568.25,25517.05,25521.45,0
2025-07-01T09:16:00+05:30,25522.5,25531.95,25514.5,25518.1,0
2025-07-01T09:17:00+05:30,25516.9,25536.2,25513.8,25532.2,0
2025-07-01T09:18:00+05:30,25531.3,25543.55,25531.3,25537.2,0
2025-07-01T09:19:00+05:30,25537.6,25540.25,25529.75,25538.15,0
2025-07-01T09:20:00+05:30,25538.75,25555.3,25538.25,25545.8,0
2025-07-01T09:21:00+05:30,25545.85,25569.15,25545.85,25568.15,0
2025-07-01T09:22:00+05:30,25569.5,25575.7,25562.85,25570.6,0
2025-07-01T09:23:00+05:30,25569.1,25572.0,25552.55,25553.95,0
2025-07-01T09:24:00+05:30,25553.15,25559.6,25552.0,25556.7,0
2025-07-01T09:25:00+05:30,25557.45,25576.05,25556.65,25574.45,0
2025-07-01T09:26:00+05:30,25573.65,25576.95,25567.2,25575.1,0
2025-07-01T09:27:00+05:30,25575.45,25579.7,25569.8,25578.0,0
2025-07-01T09:28:00+05:30,25578.05,25579.45,25564.2,25567.25,0
2025-07-01T09:29:00+05:30,25566.4,25573.55,25563.15,25573.55,0
2025-07-01T09:30:00+05:30,25574.2,25587.8,25574.2,25584.35,0
2025-07-01T09:31:00+05:30,25583.8,25585.15,25574.65,25578.65,0
2025-07-01T09:32:00+05:30,25578.55,25587.25,25574.15,25587.25,0
2025-07-01T09:33:00+05:30,25586.3,25589.75,25580.65,25581.4,0
2025-07-01T09:34:00+05:30,25581.85,25582.9,25578.0,25580.65,0
2025-07-01T09:35:00+05:30,25581.45,25581.45,25571.15,25575.6,0
2025-07-01T09:36:00+05:30,25575.7,25577.3,25570.1,25575.5,0
2025-07-01T09:37:00+05:30,25575.45,25582.65,25574.7,25581.1,0
2025-07-01T09:38:00+05:30,25580.25,25580.75,25573.7,25575.65,0
2025-07-01T09:39:00+05:30,25574.85,25584.8,25572.9,25584.2,0
2025-07-01T09:40:00+05:30,25584.3,25585.75,25580.55,25582.15,0
2025-07-01T09:41:00+05:30,25582.85,25588.4,25581.75,25587.55,0
2025-07-01T09:42:00+05:30,25587.2,25589.8,25585.3,25588.9,0
2025-07-01T09:43:00+05:30,25587.6,25588.3,25580.6,25582.75,0
2025-07-01T09:44:00+05:30,25582.5,25586.3,25580.1,25580.1,0
2025-07-01T09:45:00+05:30,25580.25,25583.35,25574.8,25575.3,0
2025-07-01T09:46:00+05:30,25573.8,25578.0,25567.1,25572.65,0
2025-07-01T09:47:00+05:30,25573.7,25583.5,25571.05,25582.95,0
2025-07-01T09:48:00+05:30,25583.2,25589.35,25581.85,25587.75,0
2025-07-01T09:49:00+05:30,25587.15,25593.4,25585.35,25590.0,0
2025-07-01T09:50:00+05:30,25590.95,25591.8,25579.4,25579.6,0
2025-07-01T09:51:00+05:30,25580.15,25582.85,25574.95,25575.4,0
2025-07-01T09:52:00+05:30,25575.95,25576.6,25570.65,25573.7,0
2025-07-01T09:53:00+05:30,25574.1,25575.8,25565.0,25566.2,0
2025-07-01T09:54:00+05:30,25565.95,25565.95,25558.6,25560.7,0
2025-07-01T09:55:00+05:30,25560.05,25560.15,25551.3,25554.5,0
2025-07-01T09:56:00+05:30,25555.25,25556.25,25552.45,25552.85,0
2025-07-01T09:57:00+05:30,25553.05,25557.0,25551.55,25554.05,0
2025-07-01T09:58:00+05:30,25553.95,25568.35,25553.95,25567.8,0
2025-07-01T09:59:00+05:30,25567.7,25572.75,25565.75,25569.6,0
2025-07-01T10:00:00+05:30,25569.75,25572.3,25564.0,25564.7,0
2025-07-01T10:01:00+05:30,25564.6,25565.45,25551.45,25551.8,0
2025-07-01T10:02:00+05:30,25551.65,25552.1,25545.2,25545.95,0
2025-07-01T10:03:00+05:30,25546.15,25547.15,25538.3,25546.75,0
2025-07-01T10:04:00+05:30,25547.5,25553.85,25545.05,25550.65,0
2025-07-01T10:05:00+05:30,25550.4,25550.4,25541.4,25546.95,0
2025-07-01T10:06:00+05:30,25547.8,25552.5,25546.85,25551.25,0
2025-07-01T10:07:00+05:30,25551.5,25557.55,25550.25,25552.6,0
2025-07-01T10:08:00+05:30,25553.0,25555.9,25549.6,25549.6,0
2025-07-01T10:09:00+05:30,25548.9,25549.45,25544.35,25547.0,0
2025-07-01T10:10:00+05:30,25547.6,25548.1,25542.5,25542.7,0
2025-07-01T10:11:00+05:30,25542.45,25544.4,25538.35,25539.8,0
2025-07-01T10:12:00+05:30,25538.35,25541.05,25533.5,25533.8,0
2025-07-01T10:13:00+05:30,25532.95,25538.7,25531.3,25534.9,0
2025-07-01T10:14:00+05:30,25535.15,25535.8,25530.5,25531.3,0
2025-07-01T10:15:00+05:30,25530.65,25536.5,25526.55,25535.9,0
2025-07-01T10:16:00+05:30,25535.75,25538.65,25531.45,25533.85,0
2025-07-01T10:17:00+05:30,25534.3,25542.2,25533.7,25541.05,0
2025-07-01T10:18:00+05:30,25541.7,25543.4,25531.7,25531.7,0
2025-07-01T10:19:00+05:30,25530.8,25535.15,25530.5,25531.6,0
2025-07-01T10:20:00+05:30,25531.95,25534.45,25530.25,25530.25,0
2025-07-01T10:21:00+05:30,25531.0,25531.05,25523.9,25526.8,0
2025-07-01T10:22:00+05:30,25527.65,25527.65,25522.85,25524.4,0
2025-07-01T10:23:00+05:30,25525.3,25530.35,25524.6,25528.1,0
2025-07-01T10:24:00+05:30,25528.45,25528.95,25524.45,25527.0,0
2025-07-01T10:25:00+05:30,25526.55,25528.8,25524.45,25527.75,0
2025-07-01T10:26:00+05:30,25529.2,25532.8,25528.35,25532.8,0
2025-07-01T10:27:00+05:30,25532.1,25537.9,25531.3,25537.65,0
2025-07-01T10:28:00+05:30,25537.3,25543.1,25537.0,25543.1,0
2025-07-01T10:29:00+05:30,25542.4,25546.0,25541.5,25545.8,0
2025-07-01T10:30:00+05:30,25546.25,25550.95,25543.55,25543.55,0
2025-07-01T10:31:00+05:30,25543.05,25546.8,25540.9,25544.75,0
2025-07-01T10:32:00+05:30,25543.7,25549.1,25541.35,25547.8,0
2025-07-01T10:33:00+05:30,25547.6,25549.85,25546.0,25546.9,0
2025-07-01T10:34:00+05:30,25545.95,25547.45,25544.5,25544.9,0
2025-07-01T10:35:00+05:30,25545.25,25547.0,25543.3,25545.05,0
2025-07-01T10:36:00+05:30,25545.45,25546.55,25543.45,25544.25,0
2025-07-01T10:37:00+05:30,25544.3,25544.9,25535.75,25536.55,0
2025-07-01T10:38:00+05:30,25537.55,25546.05,25537.55,25546.0,0
2025-07-01T10:39:00+05:30,25545.7,25554.25,25545.65,25553.4,0
2025-07-01T10:40:00+05:30,25553.85,25553.85,25547.95,25549.95,0
2025-07-01T10:41:00+05:30,25549.65,25551.15,25547.5,25550.0,0
2025-07-01T10:42:00+05:30,25550.9,25553.05,25548.65,25548.9,0
2025-07-01T10:43:00+05:30,25549.0,25549.4,25543.2,25543.55,0
2025-07-01T10:44:00+05:30,25542.75,25543.7,25540.4,25542.9,0
2025-07-01T10:45:00+05:30,25542.75,25543.05,25538.3,25539.35,0
2025-07-01T10:46:00+05:30,25539.6,25543.05,25536.3,25541.55,0
2025-07-01T10:47:00+05:30,25541.1,25545.75,25539.85,25544.05,0
2025-07-01T10:48:00+05:30,25545.3,25546.7,25543.45,25544.2,0
2025-07-01T10:49:00+05:30,25544.45,25544.45,25537.25,25537.7,0
2025-07-01T10:50:00+05:30,25537.9,25541.0,25536.9,25537.5,0
2025-07-01T10:51:00+05:30,25537.95,25540.3,25531.25,25531.35,0
2025-07-01T10:52:00+05:30,25531.75,25534.9,25526.65,25528.0,0
2025-07-01T10:53:00+05:30,25527.65,25532.1,25527.0,25532.1,0
2025-07-01T10:54:00+05:30,25531.8,25533.9,25530.0,25533.8,0
2025-07-01T10:55:00+05:30,25533.35,25533.4,25526.25,25526.45,0
2025-07-01T10:56:00+05:30,25526.85,25527.1,25522.15,25524.15,0
2025-07-01T10:57:00+05:30,25524.8,25526.15,25520.95,25524.6,0
2025-07-01T10:58:00+05:30,25524.55,25526.3,25520.8,25520.95,0
2025-07-01T10:59:00+05:30,25521.2,25524.75,25519.65,25520.95,0
2025-07-01T11:00:00+05:30,25521.0,25526.65,25521.0,25525.0,0
2025-07-01T11:01:00+05:30,25525.35,25525.35,25513.3,25516.55,0
2025-07-01T11:02:00+05:30,25516.5,25519.7,25515.4,25516.75,0
2025-07-01T11:03:00+05:30,25516.35,25518.1,25514.05,25516.65,0
2025-07-01T11:04:00+05:30,25516.15,25520.1,25515.95,25519.8,0
2025-07-01T11:05:00+05:30,25519.85,25522.7,25518.5,25519.45,0
2025-07-01T11:06:00+05:30,25519.35,25524.6,25517.65,25522.0,0
2025-07-01T11:07:00+05:30,25521.95,25524.45,25520.15,25523.15,0
2025-07-01T11:08:00+05:30,25522.9,25524.25,25520.85,25522.0,0
2025-07-01T11:09:00+05:30,25521.8,25522.8,25518.8,25520.65,0
2025-07-01T11:10:00+05:30,25521.0,25523.15,25519.55,25522.0,0
2025-07-01T11:11:00+05:30,25522.5,25524.35,25518.75,25521.4,0
2025-07-01T11:12:00+05:30,25521.75,25522.75,25520.2,25520.65,0
2025-07-01T11:13:00+05:30,25520.6,25521.9,25518.95,25521.65,0
2025-07-01T11:14:00+05:30,25521.7,25525.4,25521.35,25524.1,0
2025-07-01T11:15:00+05:30,25524.4,25527.45,25523.9,25525.6,0
2025-07-01T11:16:00+05:30,25526.4,25526.55,25517.2,25518.65,0
2025-07-01T11:17:00+05:30,25519.2,25534.7,25519.2,25533.65,0
2025-07-01T11:18:00+05:30,25533.8,25535.6,25530.25,25532.3,0
2025-07-01T11:19:00+05:30,25532.9,25534.5,25529.1,25530.1,0
2025-07-01T11:20:00+05:30,25529.55,25531.6,25528.0,25530.9,0
2025-07-01T11:21:00+05:30,25530.35,25532.45,25527.9,25530.85,0
2025-07-01T11:22:00+05:30,25531.5,25531.85,25529.25,25529.65,0
2025-07-01T11:23:00+05:30,25530.05,25531.05,25527.85,25528.5,0
2025-07-01T11:24:00+05:30,25528.95,25528.95,25522.0,25522.25,0
2025-07-01T11:25:00+05:30,25523.25,25525.0,25521.75,25522.2,0
2025-07-01T11:26:00+05:30,25522.25,25525.35,25521.9,25524.15,0
2025-07-01T11:27:00+05:30,25523.95,25525.95,25522.75,25525.95,0
2025-07-01T11:28:00+05:30,25526.1,25526.55,25523.45,25524.2,0
2025-07-01T11:29:00+05:30,25523.6,25528.1,25523.1,25526.3,0
2025-07-01T11:30:00+05:30,25527.15,25531.1,25525.85,25527.5,0
2025-07-01T11:31:00+05:30,25526.5,25527.25,25522.45,25527.15,0
2025-07-01T11:32:00+05:30,25526.1,25527.85,25522.35,25523.45,0
2025-07-01T11:33:00+05:30,25523.2,25523.2,25518.0,25520.4,0
2025-07-01T11:34:00+05:30,25519.9,25521.4,25518.4,25521.1,0
2025-07-01T11:35:00+05:30,25520.85,25526.6,25519.6,25526.6,0
2025-07-01T11:36:00+05:30,25526.75,25527.45,25524.1,25527.45,0
2025-07-01T11:37:00+05:30,25526.75,25528.05,25524.05,25528.05,0
2025-07-01T11:38:00+05:30,25528.55,25528.55,25525.15,25528.05,0
2025-07-01T11:39:00+05:30,25527.7,25530.45,25526.55,25530.45,0
2025-07-01T11:40:00+05:30,25529.55,25531.1,25524.7,25527.4,0
2025-07-01T11:41:00+05:30,25527.1,25528.55,25525.25,25528.55,0
2025-07-01T11:42:00+05:30,25528.45,25531.95,25527.35,25531.95,0
2025-07-01T11:43:00+05:30,25531.2,25532.35,25526.9,25528.25,0
2025-07-01T11:44:00+05:30,25528.8,25529.7,25521.55,25521.85,0
2025-07-01T11:45:00+05:30,25523.25,25526.7,25521.8,25526.1,0
2025-07-01T11:46:00+05:30,25526.15,25531.0,25526.15,25527.0,0
2025-07-01T11:47:00+05:30,25526.75,25527.6,25522.95,25523.6,0
2025-07-01T11:48:00+05:30,25523.9,25524.75,25522.95,25524.25,0
2025-07-01T11:49:00+05:30,25523.95,25525.4,25521.4,25525.3,0
2025-07-01T11:50:00+05:30,25525.8,25525.9,25522.5,25524.15,0
2025-07-01T11:51:00+05:30,25524.55,25526.75,25523.15,25524.6,0
2025-07-01T11:52:00+05:30,25524.7,25526.4,25523.1,25523.1,0
2025-07-01T11:53:00+05:30,25521.5,25521.85,25516.0,25516.05,0
2025-07-01T11:54:00+05:30,25516.15,25516.4,25511.25,25514.75,0
2025-07-01T11:55:00+05:30,25514.05,25515.15,25511.85,25513.2,0
2025-07-01T11:56:00+05:30,25512.5,25513.1,25501.8,25507.25,0
2025-07-01T11:57:00+05:30,25507.45,25508.25,25504.5,25506.55,0
2025-07-01T11:58:00+05:30,25506.45,25513.65,25505.45,25512.15,0
2025-07-01T11:59:00+05:30,25511.85,25516.4,25511.85,25515.4,0
2025-07-01T12:00:00+05:30,25515.3,25518.1,25511.1,25514.1,0
2025-07-01T12:01:00+05:30,25514.25,25515.6,25513.55,25514.3,0
2025-07-01T12:02:00+05:30,25514.15,25516.0,25512.9,25513.25,0
2025-07-01T12:03:00+05:30,25513.35,25518.55,25512.3,25517.1,0
2025-07-01T12:04:00+05:30,25517.4,25520.55,25516.35,25518.3,0
2025-07-01T12:05:00+05:30,25518.2,25518.35,25515.8,25516.15,0
2025-07-01T12:06:00+05:30,25516.35,25518.7,25514.55,25514.65,0
2025-07-01T12:07:00+05:30,25514.2,25514.85,25512.6,25514.2,0
2025-07-01T12:08:00+05:30,25514.7,25517.95,25512.4,25517.65,0
2025-07-01T12:09:00+05:30,25517.8,25521.4,25515.85,25518.5,0
2025-07-01T12:10:00+05:30,25518.85,25523.0,25516.2,25517.4,0
2025-07-01T12:11:00+05:30,25517.15,25524.15,25516.55,25523.85,0
2025-07-01T12:12:00+05:30,25523.25,25526.8,25522.3,25523.1,0
2025-07-01T12:13:00+05:30,25523.15,25526.25,25522.15,25524.95,0
2025-07-01T12:14:00+05:30,25524.85,25526.15,25522.65,25524.4,0
2025-07-01T12:15:00+05:30,25524.65,25526.75,25522.45,25524.6,0
2025-07-01T12:16:00+05:30,25525.1,25527.2,25522.95,25524.55,0
2025-07-01T12:17:00+05:30,25524.05,25526.25,25523.5,25524.75,0
2025-07-01T12:18:00+05:30,25524.5,25530.05,25524.5,25530.05,0
2025-07-01T12:19:00+05:30,25529.55,25536.5,25529.15,25535.65,0
2025-07-01T12:20:00+05:30,25535.45,25545.6,25535.1,25541.35,0
2025-07-01T12:21:00+05:30,25540.65,25548.5,25535.85,25543.9,0
2025-07-01T12:22:00+05:30,25546.45,25546.45,25538.95,25539.7,0
2025-07-01T12:23:00+05:30,25540.55,25541.9,25538.15,25541.25,0
2025-07-01T12:24:00+05:30,25540.85,25542.05,25538.45,25541.4,0
2025-07-01T12:25:00+05:30,25541.45,25548.45,25540.75,25548.25,0
2025-07-01T12:26:00+05:30,25548.95,25551.3,25546.0,25546.55,0
2025-07-01T12:27:00+05:30,25547.0,25548.8,25544.9,25547.15,0
2025-07-01T12:28:00+05:30,25547.3,25547.85,25540.2,25540.4,0
2025-07-01T12:29:00+05:30,25540.65,25542.65,25539.95,25541.75,0
2025-07-01T12:30:00+05:30,25541.1,25544.5,25540.35,25541.95,0
2025-07-01T12:31:00+05:30,25541.2,25541.55,25525.05,25525.05,0
2025-07-01T12:32:00+05:30,25528.45,25534.55,25528.45,25533.55,0
2025-07-01T12:33:00+05:30,25533.8,25535.95,25532.95,25535.85,0
2025-07-01T12:34:00+05:30,25536.2,25541.05,25536.05,25540.45,0
2025-07-01T12:35:00+05:30,25539.55,25543.95,25539.25,25543.3,0
2025-07-01T12:36:00+05:30,25543.55,25547.2,25542.9,25545.7,0
2025-07-01T12:37:00+05:30,25545.8,25546.65,25540.7,25541.0,0
2025-07-01T12:38:00+05:30,25541.05,25543.75,25541.05,25542.9,0
2025-07-01T12:39:00+05:30,25542.25,25544.6,25541.85,25543.15,0
2025-07-01T12:40:00+05:30,25542.7,25544.35,25541.6,25543.05,0
2025-07-01T12:41:00+05:30,25542.4,25544.1,25541.4,25543.45,0
2025-07-01T12:42:00+05:30,25543.5,25545.85,25541.55,25545.5,0
2025-07-01T12:43:00+05:30,25545.75,25546.9,25542.85,25543.7,0
2025-07-01T12:44:00+05:30,25543.0,25543.65,25537.5,25538.05,0
2025-07-01T12:45:00+05:30,25538.25,25539.5,25536.1,25536.65,0
2025-07-01T12:46:00+05:30,25536.6,25537.85,25534.35,25537.3,0
2025-07-01T12:47:00+05:30,25536.65,25538.45,25535.7,25536.6,0
2025-07-01T12:48:00+05:30,25537.3,25540.5,25536.05,25539.5,0
2025-07-01T12:49:00+05:30,25539.85,25542.7,25538.45,25541.75,0
2025-07-01T12:50:00+05:30,25542.05,25546.45,25542.0,25545.0,0
2025-07-01T12:51:00+05:30,25544.3,25546.35,25543.75,25546.35,0
2025-07-01T12:52:00+05:30,25545.9,25545.9,25540.15,25540.85,0
2025-07-01T12:53:00+05:30,25541.25,25542.7,25536.25,25537.3,0
2025-07-01T12:54:00+05:30,25536.7,25538.1,25531.7,25532.45,0
2025-07-01T12:55:00+05:30,25532.95,25538.85,25532.85,25538.05,0
2025-07-01T12:56:00+05:30,25537.5,25538.75,25534.0,25534.65,0
2025-07-01T12:57:00+05:30,25534.2,25536.95,25533.7,25535.3,0
2025-07-01T12:58:00+05:30,25535.55,25536.8,25533.75,25534.4,0
2025-07-01T12:59:00+05:30,25534.2,25536.7,25532.7,25534.25,0
2025-07-01T13:00:00+05:30,25534.1,25541.25,25534.1,25537.85,0
2025-07-01T13:01:00+05:30,25536.75,25538.55,25535.45,25535.55,0
2025-07-01T13:02:00+05:30,25535.7,25537.95,25534.1,25534.95,0
2025-07-01T13:03:00+05:30,25534.45,25538.7,25534.45,25536.4,0
2025-07-01T13:04:00+05:30,25536.35,25537.8,25531.65,25532.45,0
2025-07-01T13:05:00+05:30,25532.0,25533.9,25529.7,25533.7,0
2025-07-01T13:06:00+05:30,25532.75,25534.55,25528.45,25530.55,0
2025-07-01T13:07:00+05:30,25529.35,25531.65,25529.35,25530.85,0
2025-07-01T13:08:00+05:30,25530.75,25531.35,25526.1,25526.1,0
2025-07-01T13:09:00+05:30,25525.95,25531.2,25525.95,25529.7,0
2025-07-01T13:10:00+05:30,25530.75,25535.25,25530.4,25533.55,0
2025-07-01T13:11:00+05:30,25533.7,25534.2,25530.95,25533.0,0
2025-07-01T13:12:00+05:30,25532.75,25536.05,25531.85,25534.65,0
2025-07-01T13:13:00+05:30,25534.9,25535.1,25531.35,25532.6,0
2025-07-01T13:14:00+05:30,25532.45,25533.35,25530.0,25531.2,0
2025-07-01T13:15:00+05:30,25531.9,25535.1,25531.4,25531.55,0
2025-07-01T13:16:00+05:30,25531.95,25534.1,25531.15,25531.8,0
2025-07-01T13:17:00+05:30,25531.5,25533.7,25531.15,25533.1,0
2025-07-01T13:18:00+05:30,25533.35,25533.85,25525.8,25527.1,0
2025-07-01T13:19:00+05:30,25526.7,25530.3,25525.85,25529.55,0
2025-07-01T13:20:00+05:30,25528.8,25529.35,25524.4,25525.2,0
2025-07-01T13:21:00+05:30,25525.5,25526.35,25523.5,25523.55,0
2025-07-01T13:22:00+05:30,25523.2,25526.9,25523.2,25525.6,0
2025-07-01T13:23:00+05:30,25525.5,25528.1,25525.5,25527.25,0
2025-07-01T13:24:00+05:30,25527.15,25530.95,25527.15,25527.9,0
2025-07-01T13:25:00+05:30,25528.35,25529.8,25526.9,25529.1,0
2025-07-01T13:26:00+05:30,25528.55,25529.75,25525.35,25527.05,0
2025-07-01T13:27:00+05:30,25526.9,25527.7,25524.75,25525.05,0
2025-07-01T13:28:00+05:30,25525.35,25526.9,25524.45,25524.9,0
2025-07-01T13:29:00+05:30,25524.65,25528.25,25523.9,25527.9,0
2025-07-01T13:30:00+05:30,25528.1,25533.25,25528.1,25531.55,0
2025-07-01T13:31:00+05:30,25531.6,25533.35,25529.8,25533.25,0
2025-07-01T13:32:00+05:30,25533.65,25534.5,25528.1,25529.45,0
2025-07-01T13:33:00+05:30,25530.0,25530.0,25526.2,25528.1,0
2025-07-01T13:34:00+05:30,25527.5,25529.05,25525.8,25527.35,0
2025-07-01T13:35:00+05:30,25527.7,25531.35,25526.65,25530.0,0
2025-07-01T13:36:00+05:30,25530.3,25531.3,25528.0,25528.65,0
2025-07-01T13:37:00+05:30,25529.2,25529.75,25528.0,25529.5,0
2025-07-01T13:38:00+05:30,25529.55,25533.3,25528.6,25532.45,0
2025-07-01T13:39:00+05:30,25532.9,25536.1,25531.9,25534.3,0
2025-07-01T13:40:00+05:30,25534.6,25536.9,25533.75,25535.85,0
2025-07-01T13:41:00+05:30,25535.9,25536.9,25534.15,25535.6,0
2025-07-01T13:42:00+05:30,25535.55,25536.05,25533.15,25533.8,0
2025-07-01T13:43:00+05:30,25533.65,25534.6,25531.2,25534.6,0
2025-07-01T13:44:00+05:30,25534.45,25534.45,25527.9,25528.85,0
2025-07-01T13:45:00+05:30,25528.4,25530.35,25527.75,25529.6,0
2025-07-01T13:46:00+05:30,25529.75,25530.15,25527.15,25528.25,0
2025-07-01T13:47:00+05:30,25529.4,25529.4,25525.6,25527.9,0
2025-07-01T13:48:00+05:30,25527.8,25529.85,25524.65,25529.0,0
2025-07-01T13:49:00+05:30,25528.95,25529.65,25524.0,25528.35,0
2025-07-01T13:50:00+05:30,25528.05,25529.1,25526.65,25527.1,0
2025-07-01T13:51:00+05:30,25527.2,25528.1,25524.05,25525.15,0
2025-07-01T13:52:00+05:30,25525.05,25525.85,25523.65,25525.45,0
2025-07-01T13:53:00+05:30,25526.5,25527.45,25524.15,25527.25,0
2025-07-01T13:54:00+05:30,25527.65,25528.4,25524.1,25526.15,0
2025-07-01T13:55:00+05:30,25525.85,25527.65,25523.9,25525.95,0
2025-07-01T13:56:00+05:30,25525.7,25526.05,25509.2,25513.95,0
2025-07-01T13:57:00+05:30,25512.25,25531.0,25512.25,25526.75,0
2025-07-01T13:58:00+05:30,25526.65,25529.8,25525.8,25528.4,0
2025-07-01T13:59:00+05:30,25528.45,25531.8,25528.15,25530.5,0
2025-07-01T14:00:00+05:30,25530.6,25535.35,25529.45,25533.7,0
2025-07-01T14:01:00+05:30,25534.65,25535.45,25530.1,25530.15,0
2025-07-01T14:02:00+05:30,25529.95,25530.7,25526.95,25527.3,0
2025-07-01T14:03:00+05:30,25527.5,25532.45,25526.25,25531.5,0
2025-07-01T14:04:00+05:30,25531.55,25539.05,25530.85,25537.45,0
2025-07-01T14:05:00+05:30,25537.0,25543.95,25537.0,25540.35,0
2025-07-01T14:06:00+05:30,25539.95,25541.15,25537.7,25540.0,0
2025-07-01T14:07:00+05:30,25539.95,25545.7,25539.55,25544.35,0
2025-07-01T14:08:00+05:30,25544.2,25544.2,25539.7,25540.75,0
2025-07-01T14:09:00+05:30,25540.7,25541.5,25537.45,25538.9,0
2025-07-01T14:10:00+05:30,25539.3,25540.05,25537.8,25539.75,0
2025-07-01T14:11:00+05:30,25540.1,25544.0,25539.35,25542.7,0
2025-07-01T14:12:00+05:30,25542.55,25547.6,25541.8,25546.65,0
2025-07-01T14:13:00+05:30,25546.35,25549.8,25544.7,25549.8,0
2025-07-01T14:14:00+05:30,25549.25,25551.85,25545.75,25551.85,0
2025-07-01T14:15:00+05:30,25552.1,25552.2,25544.55,25545.95,0
2025-07-01T14:16:00+05:30,25545.7,25549.3,25545.0,25545.55,0
2025-07-01T14:17:00+05:30,25545.3,25548.25,25543.3,25545.55,0
2025-07-01T14:18:00+05:30,25545.6,25546.05,25540.85,25541.75,0
2025-07-01T14:19:00+05:30,25542.05,25543.0,25539.35,25541.55,0
2025-07-01T14:20:00+05:30,25541.8,25544.25,25540.6,25543.1,0
2025-07-01T14:21:00+05:30,25542.9,25543.75,25539.9,25539.9,0
2025-07-01T14:22:00+05:30,25541.0,25541.05,25538.3,25539.0,0
2025-07-01T14:23:00+05:30,25538.7,25539.6,25536.9,25538.85,0
2025-07-01T14:24:00+05:30,25538.95,25540.35,25537.65,25539.25,0
2025-07-01T14:25:00+05:30,25539.2,25542.0,25537.85,25537.95,0
2025-07-01T14:26:00+05:30,25538.3,25539.1,25535.6,25536.85,0
2025-07-01T14:27:00+05:30,25537.0,25539.6,25535.65,25537.25,0
2025-07-01T14:28:00+05:30,25537.55,25538.25,25535.0,25536.7,0
2025-07-01T14:29:00+05:30,25536.85,25537.0,25533.5,25534.7,0
2025-07-01T14:30:00+05:30,25534.45,25536.05,25533.75,25534.4,0
2025-07-01T14:31:00+05:30,25534.3,25536.8,25533.9,25535.4,0
2025-07-01T14:32:00+05:30,25534.9,25537.05,25534.65,25535.7,0
2025-07-01T14:33:00+05:30,25535.75,25536.6,25533.2,25533.75,0
2025-07-01T14:34:00+05:30,25534.55,25535.7,25531.5,25532.65,0
2025-07-01T14:35:00+05:30,25532.7,25532.7,25528.05,25529.8,0
2025-07-01T14:36:00+05:30,25529.9,25531.05,25516.8,25517.1,0
2025-07-01T14:37:00+05:30,25517.6,25519.25,25515.05,25517.8,0
2025-07-01T14:38:00+05:30,25517.7,25531.65,25517.4,25531.65,0
2025-07-01T14:39:00+05:30,25532.25,25533.6,25528.15,25528.8,0
2025-07-01T14:40:00+05:30,25529.35,25531.5,25527.15,25530.55,0
2025-07-01T14:41:00+05:30,25529.15,25531.4,25529.05,25530.95,0
2025-07-01T14:42:00+05:30,25531.15,25531.75,25527.95,25528.15,0
2025-07-01T14:43:00+05:30,25528.45,25530.1,25526.65,25527.65,0
2025-07-01T14:44:00+05:30,25528.1,25528.3,25525.1,25526.0,0
2025-07-01T14:45:00+05:30,25527.15,25527.25,25523.95,25525.5,0
2025-07-01T14:46:00+05:30,25525.75,25529.45,25524.35,25529.3,0
2025-07-01T14:47:00+05:30,25529.6,25530.05,25527.4,25528.35,0
2025-07-01T14:48:00+05:30,25528.25,25530.25,25526.6,25527.4,0
2025-07-01T14:49:00+05:30,25527.9,25530.3,25526.1,25529.3,0
2025-07-01T14:50:00+05:30,25530.1,25533.25,25528.75,25530.8,0
2025-07-01T14:51:00+05:30,25531.35,25533.2,25528.2,25529.0,0
2025-07-01T14:52:00+05:30,25529.2,25533.1,25525.2,25531.4,0
2025-07-01T14:53:00+05:30,25531.35,25535.9,25531.35,25533.6,0
2025-07-01T14:54:00+05:30,25533.8,25536.55,25531.9,25535.75,0
2025-07-01T14:55:00+05:30,25536.1,25539.3,25530.5,25536.2,0
2025-07-01T14:56:00+05:30,25537.35,25543.0,25535.75,25539.5,0
2025-07-01T14:57:00+05:30,25539.25,25540.2,25532.25,25532.55,0
2025-07-01T14:58:00+05:30,25533.35,25536.65,25532.15,25535.7,0
2025-07-01T14:59:00+05:30,25535.6,25536.05,25533.35,25535.15,0
2025-07-01T15:00:00+05:30,25536.0,25537.85,25532.35,25532.75,0
2025-07-01T15:01:00+05:30,25533.4,25539.0,25532.5,25537.9,0
2025-07-01T15:02:00+05:30,25538.1,25538.95,25534.8,25534.95,0
2025-07-01T15:03:00+05:30,25536.3,25540.2,25534.45,25539.3,0
2025-07-01T15:04:00+05:30,25540.25,25541.95,25537.15,25539.3,0
2025-07-01T15:05:00+05:30,25539.5,25548.5,25539.4,25545.9,0
2025-07-01T15:06:00+05:30,25545.55,25547.3,25543.1,25545.25,0
2025-07-01T15:07:00+05:30,25545.7,25546.95,25538.65,25538.65,0
2025-07-01T15:08:00+05:30,25539.25,25545.5,25535.05,25545.15,0
2025-07-01T15:09:00+05:30,25543.7,25546.65,25542.75,25543.6,0
2025-07-01T15:10:00+05:30,25544.1,25546.9,25540.15,25540.85,0
2025-07-01T15:11:00+05:30,25541.55,25544.3,25540.75,25541.2,0
2025-07-01T15:12:00+05:30,25541.75,25542.5,25533.2,25533.35,0
2025-07-01T15:13:00+05:30,25533.45,25545.95,25530.5,25545.5,0
2025-07-01T15:14:00+05:30,25545.55,25547.5,25535.7,25537.25,0
2025-07-01T15:15:00+05:30,25537.0,25542.15,25536.45,25540.8,0
2025-07-01T15:16:00+05:30,25541.9,25542.75,25539.2,25541.8,0
2025-07-01T15:17:00+05:30,25542.35,25544.5,25537.2,25538.45,0
2025-07-01T15:18:00+05:30,25539.3,25547.3,25538.55,25547.3,0
2025-07-01T15:19:00+05:30,25547.5,25550.05,25545.75,25549.05,0
2025-07-01T15:20:00+05:30,25549.65,25551.9,25546.05,25549.55,0
2025-07-01T15:21:00+05:30,25550.15,25556.95,25549.3,25552.8,0
2025-07-01T15:22:00+05:30,25553.6,25554.5,25551.55,25552.8,0
2025-07-01T15:23:00+05:30,25553.3,25554.75,25533.0,25533.55,0
2025-07-01T15:24:00+05:30,25534.3,25540.15,25530.7,25537.95,0
2025-07-01T15:25:00+05:30,25538.75,25544.1,25537.25,25541.65,0
2025-07-01T15:26:00+05:30,25542.75,25544.25,25538.75,25539.0,0
2025-07-01T15:27:00+05:30,25540.25,25541.8,25534.3,25534.3,0
2025-07-01T15:28:00+05:30,25534.4,25535.35,25529.5,25531.85,0
2025-07-01T15:29:00+05:30,25535.4,25537.15,25527.0,25533.0,0
2025-07-02T09:15:00+05:30,25588.3,25608.1,25573.15,25599.3,0
2025-07-02T09:16:00+05:30,25597.4,25599.65,25588.7,25596.9,0
2025-07-02T09:17:00+05:30,25597.6,25601.95,25595.5,25596.1,0
2025-07-02T09:18:00+05:30,25595.85,25605.4,25590.65,25594.65,0
2025-07-02T09:19:00+05:30,25594.7,25599.35,25589.75,25590.8,0
2025-07-02T09:20:00+05:30,25591.35,25594.55,25585.0,25591.9,0
2025-07-02T09:21:00+05:30,25593.2,25598.85,25586.85,25595.75,0
2025-07-02T09:22:00+05:30,25597.75,25599.95,25593.35,25598.75,0
2025-07-02T09:23:00+05:30,25599.1,25604.55,25597.95,25601.4,0
2025-07-02T09:24:00+05:30,25600.55,25601.6,25585.95,25585.95,0
2025-07-02T09:25:00+05:30,25584.4,25584.4,25574.45,25577.0,0
2025-07-02T09:26:00+05:30,25576.2,25576.2,25560.8,25561.95,0
2025-07-02T09:27:00+05:30,25562.8,25566.4,25559.05,25562.15,0
2025-07-02T09:28:00+05:30,25562.05,25569.3,25561.15,25565.8,0
2025-07-02T09:29:00+05:30,25565.85,25572.1,25563.1,25568.9,0
2025-07-02T09:30:00+05:30,25567.85,25576.45,25566.15,25566.25,0
2025-07-02T09:31:00+05:30,25566.6,25568.35,25558.95,25560.35,0
2025-07-02T09:32:00+05:30,25560.25,25565.6,25559.15,25565.05,0
2025-07-02T09:33:00+05:30,25565.0,25565.85,25553.3,25553.55,0
2025-07-02T09:34:00+05:30,25552.9,25553.75,25545.55,25546.65,0
2025-07-02T09:35:00+05:30,25548.5,25552.8,25546.75,25551.6,0
2025-07-02T09:36:00+05:30,25550.5,25558.95,25549.4,25558.35,0
2025-07-02T09:37:00+05:30,25557.25,25558.9,25552.15,25555.45,0
2025-07-02T09:38:00+05:30,25555.1,25559.9,25553.9,25557.75,0
2025-07-02T09:39:00+05:30,25557.8,25560.55,25555.1,25556.0,0
2025-07-02T09:40:00+05:30,25556.3,25556.3,25547.0,25547.25,0
2025-07-02T09:41:00+05:30,25547.75,25550.65,25544.75,25545.4,0
2025-07-02T09:42:00+05:30,25545.25,25549.85,25542.05,25543.9,0
2025-07-02T09:43:00+05:30,25543.6,25544.8,25534.0,25535.3,0
2025-07-02T09:44:00+05:30,25535.9,25540.4,25533.35,25535.9,0
2025-07-02T09:45:00+05:30,25535.35,25536.3,25532.65,25533.65,0
2025-07-02T09:46:00+05:30,25534.0,25540.3,25532.9,25540.2,0
2025-07-02T09:47:00+05:30,25539.6,25541.95,25538.45,25538.45,0
2025-07-02T09:48:00+05:30,25538.0,25540.35,25531.3,25533.15,0
2025-07-02T09:49:00+05:30,25534.25,25543.9,25533.4,25543.65,0
2025-07-02T09:50:00+05:30,25543.5,25556.8,25542.65,25553.65,0
2025-07-02T09:51:00+05:30,25554.05,25559.15,25552.2,25559.15,0
2025-07-02T09:52:00+05:30,25557.7,25558.45,25548.25,25548.25,0
2025-07-02T09:53:00+05:30,25548.2,25551.5,25547.1,25549.9,0
2025-07-02T09:54:00+05:30,25548.75,25550.3,25540.05,25540.5,0
2025-07-02T09:55:00+05:30,25541.4,25553.35,25540.7,25551.95,0
2025-07-02T09:56:00+05:30,25550.15,25553.5,25547.7,25549.6,0
2025-07-02T09:57:00+05:30,25549.35,25552.1,25545.3,25546.35,0
2025-07-02T09:58:00+05:30,25546.45,25548.85,25540.3,25540.55,0
2025-07-02T09:59:00+05:30,25540.4,25541.05,25532.7,25534.1,0
2025-07-02T10:00:00+05:30,25534.15,25535.55,25530.65,25531.85,0
2025-07-02T10:01:00+05:30,25531.6,25533.95,25518.1,25518.8,0
2025-07-02T10:02:00+05:30,25518.1,25530.45,25517.25,25529.65,0
2025-07-02T10:03:00+05:30,25530.1,25532.45,25528.55,25530.8,0
2025-07-02T10:04:00+05:30,25531.5,25532.2,25526.7,25526.7,0
2025-07-02T10:05:00+05:30,25527.15,25528.05,25519.2,25520.2,0
2025-07-02T10:06:00+05:30,25520.05,25521.85,25517.1,25519.4,0
2025-07-02T10:07:00+05:30,25519.0,25519.0,25513.05,25515.75,0
2025-07-02T10:08:00+05:30,25516.25,25521.1,25515.1,25520.25,0
2025-07-02T10:09:00+05:30,25519.75,25520.75,25516.9,25520.25,0
2025-07-02T10:10:00+05:30,25519.3,25523.45,25518.4,25523.45,0
2025-07-02T10:11:00+05:30,25524.3,25530.9,25522.9,25529.95,0
2025-07-02T10:12:00+05:30,25529.1,25529.45,25525.85,25527.85,0
2025-07-02T10:13:00+05:30,25527.1,25530.85,25526.0,25526.55,0
2025-07-02T10:14:00+05:30,25526.3,25528.3,25523.85,25526.1,0
2025-07-02T10:15:00+05:30,25525.05,25525.95,25516.15,25519.15,0
2025-07-02T10:16:00+05:30,25518.2,25520.25,25511.95,25518.05,0
2025-07-02T10:17:00+05:30,25518.3,25520.45,25509.85,25517.3,0
2025-07-02T10:18:00+05:30,25516.35,25517.4,25496.85,25502.6,0
2025-07-02T10:19:00+05:30,25503.0,25509.5,25501.95,25507.7,0
2025-07-02T10:20:00+05:30,25507.85,25521.4,25507.85,25520.9,0
2025-07-02T10:21:00+05:30,25520.85,25521.85,25517.15,25521.55,0
2025-07-02T10:22:00+05:30,25521.25,25526.05,25521.25,25525.8,0
2025-07-02T10:23:00+05:30,25525.55,25527.75,25524.4,25525.85,0
2025-07-02T10:24:00+05:30,25526.4,25528.15,25518.85,25518.85,0
2025-07-02T10:25:00+05:30,25519.8,25523.4,25518.05,25519.95,0
2025-07-02T10:26:00+05:30,25518.9,25520.15,25515.8,25516.9,0
2025-07-02T10:27:00+05:30,25515.65,25521.85,25515.0,25521.25,0
2025-07-02T10:28:00+05:30,25520.55,25527.5,25519.6,25527.05,0
2025-07-02T10:29:00+05:30,25526.95,25528.0,25523.5,25523.55,0
2025-07-02T10:30:00+05:30,25523.0,25523.0,25513.65,25514.5,0
2025-07-02T10:31:00+05:30,25515.75,25516.25,25511.3,25513.1,0
2025-07-02T10:32:00+05:30,25514.45,25515.6,25512.15,25514.0,0
2025-07-02T10:33:00+05:30,25513.7,25516.2,25512.6,25515.2,0
2025-07-02T10:34:00+05:30,25515.15,25519.15,25513.7,25513.85,0
2025-07-02T10:35:00+05:30,25514.8,25515.35,25511.15,25511.95,0
2025-07-02T10:36:00+05:30,25511.45,25512.15,25506.6,25507.1,0
2025-07-02T10:37:00+05:30,25506.1,25509.05,25506.0,25507.55,0
2025-07-02T10:38:00+05:30,25508.25,25508.4,25500.7,25500.9,0
2025-07-02T10:39:00+05:30,25499.8,25500.5,25492.7,25494.65,0
2025-07-02T10:40:00+05:30,25493.85,25495.05,25487.0,25487.65,0
2025-07-02T10:41:00+05:30,25486.95,25487.5,25482.5,25485.85,0
2025-07-02T10:42:00+05:30,25486.5,25492.0,25485.15,25490.7,0
2025-07-02T10:43:00+05:30,25490.35,25493.9,25490.0,25492.0,0
2025-07-02T10:44:00+05:30,25492.25,25492.25,25489.7,25491.75,0
2025-07-02T10:45:00+05:30,25491.45,25491.6,25487.1,25488.7,0
2025-07-02T10:46:00+05:30,25489.4,25489.85,25485.9,25485.9,0
2025-07-02T10:47:00+05:30,25486.9,25492.9,25485.6,25492.15,0
2025-07-02T10:48:00+05:30,25492.2,25498.6,25492.2,25496.7,0
2025-07-02T10:49:00+05:30,25496.45,25496.9,25492.2,25492.2,0
2025-07-02T10:50:00+05:30,25492.65,25492.65,25487.4,25491.25,0
2025-07-02T10:51:00+05:30,25491.35,25493.2,25490.8,25491.3,0
2025-07-02T10:52:00+05:30,25491.35,25493.15,25490.1,25491.45,0
2025-07-02T10:53:00+05:30,25492.05,25494.2,25489.15,25489.95,0
2025-07-02T10:54:00+05:30,25491.1,25492.55,25488.4,25491.65,0
2025-07-02T10:55:00+05:30,25493.2,25494.95,25491.4,25494.4,0
2025-07-02T10:56:00+05:30,25494.7,25498.25,25492.3,25497.25,0
2025-07-02T10:57:00+05:30,25497.1,25498.75,25494.95,25495.45,0
2025-07-02T10:58:00+05:30,25495.7,25498.45,25494.0,25494.7,0
2025-07-02T10:59:00+05:30,25494.5,25494.5,25488.85,25491.85,0
2025-07-02T11:00:00+05:30,25492.0,25494.45,25491.7,25492.55,0
2025-07-02T11:01:00+05:30,25492.3,25492.8,25484.9,25485.3,0
2025-07-02T11:02:00+05:30,25484.8,25487.2,25482.1,25483.2,0
2025-07-02T11:03:00+05:30,25483.65,25483.65,25475.1,25479.95,0
2025-07-02T11:04:00+05:30,25480.35,25486.45,25480.35,25486.25,0
2025-07-02T11:05:00+05:30,25485.9,25486.65,25481.15,25482.7,0
2025-07-02T11:06:00+05:30,25482.6,25487.1,25481.95,25485.0,0
2025-07-02T11:07:00+05:30,25486.45,25487.8,25482.35,25484.5,0
2025-07-02T11:08:00+05:30,25483.85,25486.05,25477.85,25479.05,0
2025-07-02T11:09:00+05:30,25479.3,25479.5,25473.5,25474.0,0
2025-07-02T11:10:00+05:30,25473.9,25474.0,25470.05,25470.95,0
2025-07-02T11:11:00+05:30,25471.3,25476.1,25470.75,25472.3,0
2025-07-02T11:12:00+05:30,25473.45,25473.7,25466.7,25468.05,0
2025-07-02T11:13:00+05:30,25468.45,25474.35,25468.15,25472.2,0
2025-07-02T11:14:00+05:30,25472.1,25477.2,25471.45,25477.2,0
2025-07-02T11:15:00+05:30,25477.3,25477.6,25473.25,25474.75,0
2025-07-02T11:16:00+05:30,25476.75,25481.7,25476.15,25476.6,0
2025-07-02T11:17:00+05:30,25477.6,25477.6,25464.15,25465.65,0
2025-07-02T11:18:00+05:30,25466.0,25469.1,25463.4,25468.7,0
2025-07-02T11:19:00+05:30,25469.05,25477.55,25468.8,25477.55,0
2025-07-02T11:20:00+05:30,25477.3,25483.6,25475.2,25479.5,0
2025-07-02T11:21:00+05:30,25479.9,25482.25,25476.4,25477.7,0
2025-07-02T11:22:00+05:30,25477.15,25480.15,25476.2,25477.8,0
2025-07-02T11:23:00+05:30,25478.4,25487.15,25478.05,25485.0,0
2025-07-02T11:24:00+05:30,25485.6,25488.25,25484.15,25486.1,0
2025-07-02T11:25:00+05:30,25484.3,25488.8,25483.95,25487.25,0
2025-07-02T11:26:00+05:30,25487.85,25496.05,25486.35,25494.2,0
2025-07-02T11:27:00+05:30,25494.0,25498.15,25493.55,25498.15,0
2025-07-02T11:28:00+05:30,25498.1,25501.5,25492.45,25492.8,0
2025-07-02T11:29:00+05:30,25492.9,25494.15,25490.8,25493.9,0
2025-07-02T11:30:00+05:30,25493.2,25494.3,25485.15,25486.95,0
2025-07-02T11:31:00+05:30,25487.8,25488.25,25473.25,25477.85,0
2025-07-02T11:32:00+05:30,25478.25,25480.95,25476.55,25478.4,0
2025-07-02T11:33:00+05:30,25478.9,25479.15,25476.2,25477.05,0
2025-07-02T11:34:00+05:30,25477.0,25481.25,25475.45,25476.8,0
2025-07-02T11:35:00+05:30,25477.9,25480.45,25476.9,25479.2,0
2025-07-02T11:36:00+05:30,25479.4,25485.9,25478.6,25484.0,0
2025-07-02T11:37:00+05:30,25483.9,25483.9,25475.7,25476.1,0
2025-07-02T11:38:00+05:30,25476.8,25478.1,25475.25,25477.2,0
2025-07-02T11:39:00+05:30,25476.6,25477.75,25474.4,25475.95,0
2025-07-02T11:40:00+05:30,25475.65,25481.0,25473.75,25477.95,0
2025-07-02T11:41:00+05:30,25477.65,25478.6,25474.45,25476.1,0
2025-07-02T11:42:00+05:30,25476.25,25479.55,25472.95,25476.9,0
2025-07-02T11:43:00+05:30,25476.7,25481.4,25475.8,25480.3,0
2025-07-02T11:44:00+05:30,25480.85,25485.45,25480.8,25485.3,0
2025-07-02T11:45:00+05:30,25485.5,25485.9,25480.45,25480.85,0
2025-07-02T11:46:00+05:30,25481.2,25487.8,25481.2,25486.45,0
2025-07-02T11:47:00+05:30,25486.65,25496.15,25486.65,25493.7,0
2025-07-02T11:48:00+05:30,25494.2,25495.4,25492.9,25493.95,0
2025-07-02T11:49:00+05:30,25493.8,25500.15,25492.25,25497.9,0
2025-07-02T11:50:00+05:30,25498.9,25499.75,25492.3,25494.65,0
2025-07-02T11:51:00+05:30,25494.5,25495.7,25489.7,25491.45,0
2025-07-02T11:52:00+05:30,25491.9,25492.3,25485.25,25491.25,0
2025-07-02T11:53:00+05:30,25491.85,25496.65,25490.8,25495.45,0
2025-07-02T11:54:00+05:30,25495.2,25496.15,25492.5,25494.3,0
2025-07-02T11:55:00+05:30,25495.7,25495.7,25490.75,25490.8,0
2025-07-02T11:56:00+05:30,25490.95,25495.2,25490.6,25493.65,0
2025-07-02T11:57:00+05:30,25494.35,25496.75,25492.6,25493.55,0
2025-07-02T11:58:00+05:30,25493.9,25495.3,25492.45,25494.8,0
2025-07-02T11:59:00+05:30,25494.15,25496.05,25489.8,25490.0,0
2025-07-02T12:00:00+05:30,25490.75,25492.45,25486.45,25486.45,0
2025-07-02T12:01:00+05:30,25487.55,25488.95,25481.8,25482.25,0
2025-07-02T12:02:00+05:30,25481.8,25485.65,25480.1,25485.65,0
2025-07-02T12:03:00+05:30,25484.8,25487.5,25480.85,25484.05,0
2025-07-02T12:04:00+05:30,25484.55,25490.4,25483.95,25489.75,0
2025-07-02T12:05:00+05:30,25489.45,25490.7,25487.7,25489.6,0
2025-07-02T12:06:00+05:30,25489.65,25493.6,25489.5,25492.2,0
2025-07-02T12:07:00+05:30,25492.05,25493.55,25491.0,25492.4,0
2025-07-02T12:08:00+05:30,25492.7,25497.6,25492.65,25497.4,0
2025-07-02T12:09:00+05:30,25497.7,25498.75,25494.15,25498.25,0
2025-07-02T12:10:00+05:30,25497.45,25498.3,25494.2,25495.15,0
2025-07-02T12:11:00+05:30,25496.1,25497.4,25494.55,25495.35,0
2025-07-02T12:12:00+05:30,25495.4,25498.75,25493.15,25498.75,0
2025-07-02T12:13:00+05:30,25498.45,25503.95,25497.65,25501.05,0
2025-07-02T12:14:00+05:30,25503.25,25503.6,25498.4,25499.5,0
2025-07-02T12:15:00+05:30,25499.15,25501.35,25497.3,25497.3,0
2025-07-02T12:16:00+05:30,25497.25,25498.05,25494.85,25496.9,0
2025-07-02T12:17:00+05:30,25496.45,25497.0,25492.8,25493.3,0
2025-07-02T12:18:00+05:30,25493.15,25495.0,25488.95,25490.25,0
2025-07-02T12:19:00+05:30,25490.75,25492.75,25489.25,25492.05,0
2025-07-02T12:20:00+05:30,25491.55,25494.25,25489.55,25492.95,0
2025-07-02T12:21:00+05:30,25493.25,25494.1,25491.15,25494.0,0
2025-07-02T12:22:00+05:30,25494.05,25495.25,25491.5,25491.95,0
2025-07-02T12:23:00+05:30,25492.65,25496.8,25491.6,25494.05,0
2025-07-02T12:24:00+05:30,25493.55,25495.8,25491.5,25495.0,0
2025-07-02T12:25:00+05:30,25494.95,25496.4,25491.75,25493.5,0
2025-07-02T12:26:00+05:30,25493.35,25493.7,25489.25,25490.65,0
2025-07-02T12:27:00+05:30,25490.3,25495.35,25488.8,25489.7,0
2025-07-02T12:28:00+05:30,25490.2,25494.5,25490.05,25492.6,0
2025-07-02T12:29:00+05:30,25493.0,25497.05,25491.6,25491.6,0
2025-07-02T12:30:00+05:30,25491.25,25495.4,25491.15,25491.45,0
2025-07-02T12:31:00+05:30,25491.6,25495.6,25491.6,25495.25,0
2025-07-02T12:32:00+05:30,25495.55,25495.6,25491.2,25491.5,0
2025-07-02T12:33:00+05:30,25492.35,25492.85,25486.8,25488.3,0
2025-07-02T12:34:00+05:30,25488.1,25490.65,25487.5,25489.35,0
2025-07-02T12:35:00+05:30,25489.25,25489.8,25484.7,25486.85,0
2025-07-02T12:36:00+05:30,25487.3,25489.45,25485.65,25488.05,0
2025-07-02T12:37:00+05:30,25487.8,25491.25,25487.75,25490.65,0
2025-07-02T12:38:00+05:30,25490.15,25491.5,25487.8,25489.7,0
2025-07-02T12:39:00+05:30,25489.55,25491.3,25486.5,25490.15,0
2025-07-02T12:40:00+05:30,25490.3,25491.65,25487.95,25488.75,0
2025-07-02T12:41:00+05:30,25488.4,25492.35,25484.65,25491.8,0
2025-07-02T12:42:00+05:30,25491.65,25492.45,25487.9,25490.35,0
2025-07-02T12:43:00+05:30,25490.15,25494.5,25489.95,25492.65,0
2025-07-02T12:44:00+05:30,25493.25,25495.65,25492.15,25493.75,0
2025-07-02T12:45:00+05:30,25494.0,25495.65,25492.3,25492.3,0
2025-07-02T12:46:00+05:30,25492.65,25493.45,25490.1,25490.6,0
2025-07-02T12:47:00+05:30,25490.9,25491.3,25487.1,25488.8,0
2025-07-02T12:48:00+05:30,25489.35,25491.85,25486.25,25486.7,0
2025-07-02T12:49:00+05:30,25486.35,25487.1,25480.15,25484.65,0
2025-07-02T12:50:00+05:30,25483.2,25484.85,25472.35,25473.0,0
2025-07-02T12:51:00+05:30,25472.75,25474.65,25460.35,25463.0,0
2025-07-02T12:52:00+05:30,25462.15,25468.25,25461.8,25467.7,0
2025-07-02T12:53:00+05:30,25468.2,25474.95,25467.6,25474.95,0
2025-07-02T12:54:00+05:30,25474.15,25477.4,25471.75,25477.4,0
2025-07-02T12:55:00+05:30,25476.9,25477.7,25474.55,25475.25,0
2025-07-02T12:56:00+05:30,25475.7,25477.55,25473.95,25476.5,0
2025-07-02T12:57:00+05:30,25476.1,25478.7,25474.65,25476.35,0
2025-07-02T12:58:00+05:30,25474.85,25476.4,25473.05,25473.9,0
2025-07-02T12:59:00+05:30,25475.05,25476.2,25472.25,25474.7,0
2025-07-02T13:00:00+05:30,25474.45,25475.2,25471.4,25473.6,0
2025-07-02T13:01:00+05:30,25473.25,25483.95,25473.25,25482.05,0
2025-07-02T13:02:00+05:30,25483.3,25488.45,25482.1,25487.7,0
2025-07-02T13:03:00+05:30,25488.5,25489.95,25484.2,25484.2,0
2025-07-02T13:04:00+05:30,25484.45,25487.1,25483.15,25485.1,0
2025-07-02T13:05:00+05:30,25486.15,25487.2,25482.55,25483.25,0
2025-07-02T13:06:00+05:30,25483.3,25486.15,25482.0,25485.0,0
2025-07-02T13:07:00+05:30,25484.9,25486.35,25482.2,25482.6,0
2025-07-02T13:08:00+05:30,25482.75,25485.6,25480.65,25481.25,0
2025-07-02T13:09:00+05:30,25481.05,25482.4,25477.35,25479.75,0
2025-07-02T13:10:00+05:30,25479.6,25481.7,25473.9,25475.35,0
2025-07-02T13:11:00+05:30,25475.0,25479.0,25474.2,25475.3,0
2025-07-02T13:12:00+05:30,25475.65,25477.5,25471.85,25473.9,0
2025-07-02T13:13:00+05:30,25473.4,25475.35,25471.6,25472.0,0
2025-07-02T13:14:00+05:30,25473.1,25474.15,25463.05,25463.1,0
2025-07-02T13:15:00+05:30,25463.45,25463.65,25454.8,25458.75,0
2025-07-02T13:16:00+05:30,25458.0,25461.4,25457.85,25459.6,0
2025-07-02T13:17:00+05:30,25459.15,25460.35,25451.85,25453.2,0
2025-07-02T13:18:00+05:30,25453.85,25453.9,25446.4,25447.4,0
2025-07-02T13:19:00+05:30,25447.85,25449.05,25443.15,25444.25,0
2025-07-02T13:20:00+05:30,25443.65,25444.4,25436.7,25442.2,0
2025-07-02T13:21:00+05:30,25442.8,25446.45,25440.85,25442.15,0
2025-07-02T13:22:00+05:30,25442.05,25442.85,25439.9,25441.4,0
2025-07-02T13:23:00+05:30,25442.15,25444.7,25431.2,25432.15,0
2025-07-02T13:24:00+05:30,25432.3,25436.2,25427.35,25432.15,0
2025-07-02T13:25:00+05:30,25431.85,25432.3,25427.1,25428.75,0
2025-07-02T13:26:00+05:30,25429.35,25431.35,25424.7,25425.4,0
2025-07-02T13:27:00+05:30,25425.2,25426.35,25408.4,25410.5,0
2025-07-02T13:28:00+05:30,25410.65,25416.3,25409.1,25409.1,0
2025-07-02T13:29:00+05:30,25410.6,25412.55,25404.2,25405.35,0
2025-07-02T13:30:00+05:30,25405.15,25406.6,25389.55,25397.6,0
2025-07-02T13:31:00+05:30,25397.65,25400.85,25393.35,25400.25,0
2025-07-02T13:32:00+05:30,25400.7,25413.8,25396.5,25411.85,0
2025-07-02T13:33:00+05:30,25412.0,25415.85,25408.5,25411.3,0
2025-07-02T13:34:00+05:30,25412.1,25413.4,25408.95,25408.95,0
2025-07-02T13:35:00+05:30,25408.55,25412.35,25407.6,25409.25,0
2025-07-02T13:36:00+05:30,25409.3,25411.25,25405.95,25408.2,0
2025-07-02T13:37:00+05:30,25408.15,25410.8,25406.05,25408.6,0
2025-07-02T13:38:00+05:30,25408.8,25414.7,25408.65,25413.05,0
2025-07-02T13:39:00+05:30,25413.3,25417.4,25411.9,25415.6,0
2025-07-02T13:40:00+05:30,25415.85,25417.65,25411.4,25411.4,0
2025-07-02T13:41:00+05:30,25412.7,25413.2,25392.25,25393.15,0
2025-07-02T13:42:00+05:30,25392.5,25393.8,25384.6,25389.7,0
2025-07-02T13:43:00+05:30,25389.35,25396.8,25389.35,25396.45,0
2025-07-02T13:44:00+05:30,25396.95,25399.35,25395.5,25396.8,0
2025-07-02T13:45:00+05:30,25397.35,25398.85,25393.3,25394.9,0
2025-07-02T13:46:00+05:30,25394.1,25396.05,25390.05,25393.15,0
2025-07-02T13:47:00+05:30,25393.6,25393.7,25383.95,25390.6,0
2025-07-02T13:48:00+05:30,25391.6,25398.3,25391.5,25395.85,0
2025-07-02T13:49:00+05:30,25395.15,25400.7,25395.15,25398.75,0
2025-07-02T13:50:00+05:30,25398.45,25407.15,25398.3,25402.45,0
2025-07-02T13:51:00+05:30,25402.85,25405.35,25397.9,25398.55,0
2025-07-02T13:52:00+05:30,25398.95,25403.1,25398.95,25401.65,0
2025-07-02T13:53:00+05:30,25402.75,25402.8,25395.05,25395.2,0
2025-07-02T13:54:00+05:30,25395.95,25397.55,25393.55,25394.9,0
2025-07-02T13:55:00+05:30,25395.4,25396.0,25392.4,25394.05,0
2025-07-02T13:56:00+05:30,25394.15,25395.35,25387.75,25392.3,0
2025-07-02T13:57:00+05:30,25392.15,25405.05,25391.8,25403.35,0
2025-07-02T13:58:00+05:30,25403.0,25404.9,25401.95,25402.7,0
2025-07-02T13:59:00+05:30,25403.5,25408.4,25401.9,25408.05,0
2025-07-02T14:00:00+05:30,25407.7,25408.6,25403.3,25403.3,0
2025-07-02T14:01:00+05:30,25403.55,25404.95,25397.25,25399.05,0
2025-07-02T14:02:00+05:30,25398.7,25404.7,25398.35,25403.35,0
2025-07-02T14:03:00+05:30,25403.5,25406.65,25402.85,25404.55,0
2025-07-02T14:04:00+05:30,25404.4,25408.5,25402.65,25403.4,0
2025-07-02T14:05:00+05:30,25403.85,25406.9,25402.85,25403.8,0
2025-07-02T14:06:00+05:30,25404.45,25408.7,25404.0,25408.7,0
2025-07-02T14:07:00+05:30,25410.0,25413.15,25409.55,25410.45,0
2025-07-02T14:08:00+05:30,25410.75,25413.3,25409.25,25410.4,0
2025-07-02T14:09:00+05:30,25410.5,25414.85,25409.85,25413.4,0
2025-07-02T14:10:00+05:30,25414.5,25416.6,25411.65,25415.1,0
2025-07-02T14:11:00+05:30,25415.85,25425.1,25415.85,25422.95,0
2025-07-02T14:12:00+05:30,25423.4,25423.4,25418.1,25419.85,0
2025-07-02T14:13:00+05:30,25419.7,25421.95,25418.8,25420.15,0
2025-07-02T14:14:00+05:30,25419.85,25421.0,25415.3,25415.3,0
2025-07-02T14:15:00+05:30,25417.15,25419.25,25415.6,25416.55,0
2025-07-02T14:16:00+05:30,25417.4,25419.6,25413.2,25416.7,0
2025-07-02T14:17:00+05:30,25417.1,25423.85,25416.85,25421.15,0
2025-07-02T14:18:00+05:30,25421.6,25422.55,25417.55,25421.2,0
2025-07-02T14:19:00+05:30,25421.15,25422.3,25419.6,25420.6,0
2025-07-02T14:20:00+05:30,25420.35,25421.95,25417.75,25417.75,0
2025-07-02T14:21:00+05:30,25417.6,25417.95,25411.3,25411.3,0
2025-07-02T14:22:00+05:30,25411.5,25419.5,25410.25,25412.4,0
2025-07-02T14:23:00+05:30,25411.75,25412.1,25398.65,25403.15,0
2025-07-02T14:24:00+05:30,25404.05,25413.2,25403.6,25407.25,0
2025-07-02T14:25:00+05:30,25407.4,25409.15,25406.0,25406.6,0
2025-07-02T14:26:00+05:30,25406.3,25407.2,25403.0,25404.5,0
2025-07-02T14:27:00+05:30,25404.3,25404.75,25400.45,25400.75,0
2025-07-02T14:28:00+05:30,25401.85,25406.0,25401.1,25405.3,0
2025-07-02T14:29:00+05:30,25405.8,25408.35,25404.65,25404.75,0
2025-07-02T14:30:00+05:30,25404.95,25409.2,25404.75,25407.3,0
2025-07-02T14:31:00+05:30,25408.65,25411.8,25405.8,25405.8,0
2025-07-02T14:32:00+05:30,25406.85,25408.15,25404.9,25405.7,0
2025-07-02T14:33:00+05:30,25405.75,25406.65,25402.2,25403.25,0
2025-07-02T14:34:00+05:30,25403.6,25403.8,25400.5,25401.4,0
2025-07-02T14:35:00+05:30,25401.5,25403.0,25399.55,25402.45,0
2025-07-02T14:36:00+05:30,25403.1,25403.95,25399.75,25401.2,0
2025-07-02T14:37:00+05:30,25401.1,25403.2,25395.2,25398.85,0
2025-07-02T14:38:00+05:30,25398.5,25399.7,25392.0,25393.65,0
2025-07-02T14:39:00+05:30,25393.6,25395.45,25389.8,25391.35,0
2025-07-02T14:40:00+05:30,25390.6,25393.05,25386.8,25390.95,0
2025-07-02T14:41:00+05:30,25392.15,25392.95,25382.05,25386.1,0
2025-07-02T14:42:00+05:30,25384.85,25384.85,25378.75,25382.55,0
2025-07-02T14:43:00+05:30,25382.25,25394.4,25381.35,25394.35,0
2025-07-02T14:44:00+05:30,25395.5,25403.75,25395.5,25398.3,0
2025-07-02T14:45:00+05:30,25399.1,25404.05,25397.45,25401.9,0
2025-07-02T14:46:00+05:30,25401.85,25409.7,25397.05,25407.85,0
2025-07-02T14:47:00+05:30,25408.45,25415.3,25407.5,25413.0,0
2025-07-02T14:48:00+05:30,25412.95,25416.55,25410.4,25415.9,0
2025-07-02T14:49:00+05:30,25415.1,25416.4,25410.75,25411.75,0
2025-07-02T14:50:00+05:30,25413.05,25413.05,25404.15,25405.05,0
2025-07-02T14:51:00+05:30,25404.8,25405.45,25400.8,25405.1,0
2025-07-02T14:52:00+05:30,25404.95,25411.75,25403.5,25408.95,0
2025-07-02T14:53:00+05:30,25409.2,25410.3,25407.1,25408.35,0
2025-07-02T14:54:00+05:30,25407.65,25411.15,25406.35,25406.95,0
2025-07-02T14:55:00+05:30,25408.6,25412.6,25408.6,25409.85,0
2025-07-02T14:56:00+05:30,25410.25,25416.1,25409.9,25411.7,0
2025-07-02T14:57:00+05:30,25412.1,25414.25,25406.35,25412.1,0
2025-07-02T14:58:00+05:30,25412.8,25422.7,25412.45,25420.85,0
2025-07-02T14:59:00+05:30,25420.2,25431.0,25419.45,25430.2,0
2025-07-02T15:00:00+05:30,25432.2,25442.95,25431.1,25440.1,0
2025-07-02T15:01:00+05:30,25441.75,25442.25,25438.1,25441.35,0
2025-07-02T15:02:00+05:30,25441.8,25444.1,25440.55,25442.95,0
2025-07-02T15:03:00+05:30,25444.35,25455.55,25442.85,25454.95,0
2025-07-02T15:04:00+05:30,25455.9,25458.35,25454.75,25456.35,0
2025-07-02T15:05:00+05:30,25457.3,25458.7,25455.45,25456.65,0
2025-07-02T15:06:00+05:30,25458.1,25458.1,25450.35,25454.7,0
2025-07-02T15:07:00+05:30,25455.05,25459.4,25454.55,25458.25,0
2025-07-02T15:08:00+05:30,25458.45,25467.65,25457.9,25466.5,0
2025-07-02T15:09:00+05:30,25467.2,25472.1,25465.5,25472.1,0
2025-07-02T15:10:00+05:30,25471.85,25472.8,25464.5,25466.35,0
2025-07-02T15:11:00+05:30,25466.0,25467.05,25464.3,25466.55,0
2025-07-02T15:12:00+05:30,25466.2,25466.6,25459.95,25460.55,0
2025-07-02T15:13:00+05:30,25460.9,25462.25,25459.45,25460.7,0
2025-07-02T15:14:00+05:30,25461.75,25463.75,25459.2,25459.55,0
2025-07-02T15:15:00+05:30,25459.35,25459.9,25456.5,25456.9,0
2025-07-02T15:16:00+05:30,25457.05,25457.3,25450.3,25450.75,0
2025-07-02T15:17:00+05:30,25451.5,25452.65,25445.85,25446.45,0
2025-07-02T15:18:00+05:30,25446.3,25446.6,25440.9,25440.95,0
2025-07-02T15:19:00+05:30,25441.65,25443.85,25440.05,25443.65,0
2025-07-02T15:20:00+05:30,25443.55,25449.7,25443.55,25447.4,0
2025-07-02T15:21:00+05:30,25448.15,25451.8,25447.25,25451.3,0
2025-07-02T15:22:00+05:30,25451.65,25452.55,25450.35,25451.35,0
2025-07-02T15:23:00+05:30,25451.6,25451.65,25444.55,25445.2,0
2025-07-02T15:24:00+05:30,25445.65,25446.05,25443.15,25445.7,0
2025-07-02T15:25:00+05:30,25445.55,25448.45,25445.55,25447.15,0
2025-07-02T15:26:00+05:30,25447.5,25450.6,25447.45,25449.2,0
2025-07-02T15:27:00+05:30,25450.4,25451.9,25448.55,25450.3,0
2025-07-02T15:28:00+05:30,25451.6,25451.95,25442.3,25447.65,0
2025-07-02T15:29:00+05:30,25446.3,25448.85,25441.3,25442.85,0
2025-07-03T09:15:00+05:30,25505.1,25519.75,25484.0,25486.2,0
2025-07-03T09:16:00+05:30,25485.45,25513.05,25485.45,25513.05,0
2025-07-03T09:17:00+05:30,25512.65,25512.65,25503.45,25511.4,0
2025-07-03T09:18:00+05:30,25511.9,25519.25,25510.7,25515.05,0
2025-07-03T09:19:00+05:30,25516.2,25522.25,25512.3,25521.05,0
2025-07-03T09:20:00+05:30,25522.75,25537.05,25521.75,25532.4,0
2025-07-03T09:21:00+05:30,25530.45,25530.45,25513.05,25515.0,0
2025-07-03T09:22:00+05:30,25515.9,25521.45,25492.7,25492.7,0
2025-07-03T09:23:00+05:30,25492.15,25492.7,25467.25,25468.1,0
2025-07-03T09:24:00+05:30,25466.85,25474.45,25459.35,25465.05,0
2025-07-03T09:25:00+05:30,25465.4,25478.95,25456.7,25460.0,0
2025-07-03T09:26:00+05:30,25457.55,25468.25,25456.45,25467.15,0
2025-07-03T09:27:00+05:30,25466.4,25469.55,25448.5,25451.15,0
2025-07-03T09:28:00+05:30,25450.15,25455.05,25445.85,25449.85,0
2025-07-03T09:29:00+05:30,25448.9,25451.6,25429.75,25435.45,0
2025-07-03T09:30:00+05:30,25434.85,25447.95,25434.85,25442.6,0
2025-07-03T09:31:00+05:30,25441.55,25444.2,25436.3,25442.55,0
2025-07-03T09:32:00+05:30,25442.05,25459.0,25442.05,25459.0,0
2025-07-03T09:33:00+05:30,25457.9,25467.3,25453.6,25467.3,0
2025-07-03T09:34:00+05:30,25466.55,25469.4,25458.65,25462.55,0
2025-07-03T09:35:00+05:30,25462.7,25472.5,25457.6,25472.5,0
2025-07-03T09:36:00+05:30,25471.7,25487.2,25471.5,25483.75,0
2025-07-03T09:37:00+05:30,25483.2,25496.15,25483.2,25488.85,0
2025-07-03T09:38:00+05:30,25488.3,25491.25,25479.8,25480.2,0
2025-07-03T09:39:00+05:30,25477.45,25481.25,25460.25,25464.9,0
2025-07-03T09:40:00+05:30,25464.4,25473.75,25453.85,25473.6,0
2025-07-03T09:41:00+05:30,25472.9,25476.75,25465.85,25475.6,0
2025-07-03T09:42:00+05:30,25474.6,25486.65,25474.6,25483.45,0
2025-07-03T09:43:00+05:30,25482.3,25484.95,25479.2,25484.05,0
2025-07-03T09:44:00+05:30,25483.0,25497.2,25483.0,25497.2,0
2025-07-03T09:45:00+05:30,25497.1,25513.85,25497.1,25513.0,0
2025-07-03T09:46:00+05:30,25512.15,25515.3,25498.15,25498.5,0
2025-07-03T09:47:00+05:30,25497.8,25503.35,25495.2,25498.0,0
2025-07-03T09:48:00+05:30,25497.2,25508.45,25495.35,25508.45,0
2025-07-03T09:49:00+05:30,25508.3,25518.25,25503.7,25518.15,0
2025-07-03T09:50:00+05:30,25517.25,25523.95,25517.25,25519.3,0
2025-07-03T09:51:00+05:30,25519.0,25520.15,25502.35,25513.0,0
2025-07-03T09:52:00+05:30,25512.85,25512.85,25503.15,25505.6,0
2025-07-03T09:53:00+05:30,25505.55,25520.9,25503.5,25519.9,0
2025-07-03T09:54:00+05:30,25520.15,25538.25,25520.15,25531.7,0
2025-07-03T09:55:00+05:30,25532.3,25539.25,25528.6,25536.4,0
2025-07-03T09:56:00+05:30,25535.55,25540.65,25530.95,25535.75,0
2025-07-03T09:57:00+05:30,25535.5,25538.45,25530.1,25532.1,0
2025-07-03T09:58:00+05:30,25531.75,25535.2,25528.9,25532.2,0
2025-07-03T09:59:00+05:30,25532.7,25547.25,25532.7,25545.35,0
2025-07-03T10:00:00+05:30,25545.95,25555.65,25545.95,25555.55,0
2025-07-03T10:01:00+05:30,25555.2,25559.8,25549.15,25550.15,0
2025-07-03T10:02:00+05:30,25549.8,25549.8,25533.4,25538.7,0
2025-07-03T10:03:00+05:30,25538.1,25543.1,25537.8,25543.1,0
2025-07-03T10:04:00+05:30,25542.25,25543.9,25538.6,25540.65,0
2025-07-03T10:05:00+05:30,25539.8,25542.65,25531.0,25531.0,0
2025-07-03T10:06:00+05:30,25532.35,25548.85,25529.6,25548.35,0
2025-07-03T10:07:00+05:30,25546.05,25548.2,25544.4,25547.4,0
2025-07-03T10:08:00+05:30,25546.2,25551.6,25545.4,25549.9,0
2025-07-03T10:09:00+05:30,25548.35,25550.55,25545.1,25545.1,0
2025-07-03T10:10:00+05:30,25545.8,25549.4,25541.15,25547.3,0
2025-07-03T10:11:00+05:30,25546.75,25557.8,25546.05,25547.1,0
2025-07-03T10:12:00+05:30,25548.35,25552.7,25546.35,25547.2,0
2025-07-03T10:13:00+05:30,25546.7,25548.2,25545.5,25545.9,0
2025-07-03T10:14:00+05:30,25545.6,25546.45,25533.95,25543.05,0
2025-07-03T10:15:00+05:30,25542.5,25546.1,25540.0,25545.4,0
2025-07-03T10:16:00+05:30,25544.9,25549.15,25534.1,25539.85,0
2025-07-03T10:17:00+05:30,25538.9,25549.35,25538.7,25549.0,0
2025-07-03T10:18:00+05:30,25548.75,25553.1,25548.25,25550.3,0
2025-07-03T10:19:00+05:30,25550.85,25551.75,25542.3,25542.75,0
2025-07-03T10:20:00+05:30,25542.35,25545.25,25538.3,25539.9,0
2025-07-03T10:21:00+05:30,25539.7,25542.0,25532.15,25533.85,0
2025-07-03T10:22:00+05:30,25533.45,25550.15,25532.7,25546.45,0
2025-07-03T10:23:00+05:30,25545.5,25550.8,25545.4,25547.05,0
2025-07-03T10:24:00+05:30,25547.0,25553.1,25547.0,25552.75,0
2025-07-03T10:25:00+05:30,25553.8,25567.5,25550.35,25565.3,0
2025-07-03T10:26:00+05:30,25563.85,25564.25,25560.95,25560.95,0
2025-07-03T10:27:00+05:30,25560.9,25563.3,25551.6,25558.9,0
2025-07-03T10:28:00+05:30,25558.05,25559.9,25555.8,25558.25,0
2025-07-03T10:29:00+05:30,25556.95,25558.95,25552.2,25553.05,0
2025-07-03T10:30:00+05:30,25551.95,25558.95,25551.95,25558.1,0
2025-07-03T10:31:00+05:30,25557.55,25559.35,25555.05,25556.5,0
2025-07-03T10:32:00+05:30,25556.35,25564.5,25555.95,25564.5,0
2025-07-03T10:33:00+05:30,25563.45,25564.3,25555.55,25555.55,0
2025-07-03T10:34:00+05:30,25555.25,25557.3,25553.75,25557.1,0
2025-07-03T10:35:00+05:30,25555.65,25557.4,25554.05,25554.55,0
2025-07-03T10:36:00+05:30,25554.0,25562.25,25554.0,25559.5,0
2025-07-03T10:37:00+05:30,25558.55,25558.9,25551.8,25551.95,0
2025-07-03T10:38:00+05:30,25551.7,25552.9,25547.95,25552.1,0
2025-07-03T10:39:00+05:30,25552.4,25553.25,25549.4,25551.55,0
2025-07-03T10:40:00+05:30,25550.9,25553.6,25549.6,25553.3,0
2025-07-03T10:41:00+05:30,25552.65,25554.5,25547.7,25548.95,0
2025-07-03T10:42:00+05:30,25548.55,25550.65,25544.75,25545.8,0
2025-07-03T10:43:00+05:30,25546.0,25550.85,25544.7,25550.4,0
2025-07-03T10:44:00+05:30,25549.3,25550.9,25546.15,25547.85,0
2025-07-03T10:45:00+05:30,25548.0,25548.9,25544.85,25546.3,0
2025-07-03T10:46:00+05:30,25546.4,25548.15,25537.8,25538.0,0
2025-07-03T10:47:00+05:30,25537.55,25545.45,25537.55,25543.65,0
2025-07-03T10:48:00+05:30,25544.4,25544.4,25540.55,25543.35,0
2025-07-03T10:49:00+05:30,25543.05,25548.25,25542.65,25547.85,0
2025-07-03T10:50:00+05:30,25546.25,25552.6,25537.95,25538.1,0
2025-07-03T10:51:00+05:30,25537.15,25542.0,25532.1,25532.85,0
2025-07-03T10:52:00+05:30,25531.95,25536.35,25531.2,25532.9,0
2025-07-03T10:53:00+05:30,25531.9,25536.25,25531.9,25535.75,0
2025-07-03T10:54:00+05:30,25534.75,25538.1,25534.25,25535.9,0
2025-07-03T10:55:00+05:30,25536.1,25539.05,25535.45,25537.6,0
2025-07-03T10:56:00+05:30,25537.15,25538.05,25528.5,25533.3,0
2025-07-03T10:57:00+05:30,25532.6,25534.7,25527.9,25529.75,0
2025-07-03T10:58:00+05:30,25529.25,25529.85,25526.45,25527.5,0
2025-07-03T10:59:00+05:30,25527.65,25531.15,25526.85,25531.15,0
2025-07-03T11:00:00+05:30,25533.2,25547.9,25533.1,25544.35,0
2025-07-03T11:01:00+05:30,25543.85,25548.9,25543.2,25548.0,0
2025-07-03T11:02:00+05:30,25547.65,25549.65,25541.2,25544.6,0
2025-07-03T11:03:00+05:30,25543.7,25546.9,25543.7,25545.95,0
2025-07-03T11:04:00+05:30,25545.65,25546.8,25543.35,25544.85,0
2025-07-03T11:05:00+05:30,25544.25,25546.55,25543.95,25545.9,0
2025-07-03T11:06:00+05:30,25545.35,25547.6,25543.55,25546.7,0
2025-07-03T11:07:00+05:30,25547.05,25548.55,25545.65,25548.3,0
2025-07-03T11:08:00+05:30,25548.05,25564.25,25548.05,25563.3,0
2025-07-03T11:09:00+05:30,25564.1,25567.1,25560.6,25561.8,0
2025-07-03T11:10:00+05:30,25560.6,25562.6,25554.95,25559.0,0
2025-07-03T11:11:00+05:30,25558.2,25560.0,25556.3,25559.0,0
2025-07-03T11:12:00+05:30,25558.15,25563.7,25552.95,25553.55,0
2025-07-03T11:13:00+05:30,25553.75,25554.55,25550.9,25552.3,0
2025-07-03T11:14:00+05:30,25552.0,25556.0,25549.6,25554.2,0
2025-07-03T11:15:00+05:30,25554.85,25563.15,25554.85,25556.45,0
2025-07-03T11:16:00+05:30,25556.35,25562.6,25555.75,25556.2,0
2025-07-03T11:17:00+05:30,25554.95,25565.65,25549.3,25553.35,0
2025-07-03T11:18:00+05:30,25553.0,25559.35,25552.05,25555.15,0
2025-07-03T11:19:00+05:30,25554.15,25556.5,25552.7,25554.7,0
2025-07-03T11:20:00+05:30,25555.0,25556.5,25551.75,25556.0,0
2025-07-03T11:21:00+05:30,25554.15,25556.1,25552.9,25553.5,0
2025-07-03T11:22:00+05:30,25554.25,25561.0,25554.25,25559.2,0
2025-07-03T11:23:00+05:30,25558.7,25567.8,25558.25,25563.65,0
2025-07-03T11:24:00+05:30,25564.15,25567.45,25564.15,25567.2,0
2025-07-03T11:25:00+05:30,25566.75,25572.35,25565.85,25569.95,0
2025-07-03T11:26:00+05:30,25569.3,25575.7,25568.35,25573.65,0
2025-07-03T11:27:00+05:30,25572.95,25576.7,25566.45,25566.5,0
2025-07-03T11:28:00+05:30,25565.9,25566.3,25551.2,25558.75,0
2025-07-03T11:29:00+05:30,25558.15,25560.4,25539.65,25539.65,0
2025-07-03T11:30:00+05:30,25542.3,25546.5,25538.35,25545.95,0
2025-07-03T11:31:00+05:30,25544.8,25547.6,25540.7,25540.9,0
2025-07-03T11:32:00+05:30,25541.65,25547.05,25540.25,25541.05,0
2025-07-03T11:33:00+05:30,25539.45,25546.2,25538.95,25545.85,0
2025-07-03T11:34:00+05:30,25545.5,25550.5,25545.05,25545.9,0
2025-07-03T11:35:00+05:30,25545.95,25548.7,25544.6,25548.35,0
2025-07-03T11:36:00+05:30,25546.9,25550.3,25546.6,25548.35,0
2025-07-03T11:37:00+05:30,25547.7,25552.45,25543.45,25551.8,0
2025-07-03T11:38:00+05:30,25551.35,25551.35,25535.4,25540.3,0
2025-07-03T11:39:00+05:30,25540.2,25551.35,25538.65,25547.2,0
2025-07-03T11:40:00+05:30,25550.5,25551.3,25543.9,25545.4,0
2025-07-03T11:41:00+05:30,25545.05,25548.0,25539.6,25548.0,0
2025-07-03T11:42:00+05:30,25547.55,25548.1,25504.1,25513.8,0
2025-07-03T11:43:00+05:30,25513.5,25516.85,25507.3,25514.5,0
2025-07-03T11:44:00+05:30,25514.15,25516.85,25511.35,25512.9,0
2025-07-03T11:45:00+05:30,25512.6,25515.85,25509.6,25513.15,0
2025-07-03T11:46:00+05:30,25511.35,25512.55,25504.25,25511.0,0
2025-07-03T11:47:00+05:30,25510.45,25511.0,25485.75,25491.75,0
2025-07-03T11:48:00+05:30,25491.25,25497.65,25484.85,25497.05,0
2025-07-03T11:49:00+05:30,25496.2,25507.65,25495.6,25507.05,0
2025-07-03T11:50:00+05:30,25505.6,25506.75,25501.6,25503.4,0
2025-07-03T11:51:00+05:30,25501.9,25515.85,25501.3,25515.0,0
2025-07-03T11:52:00+05:30,25513.7,25516.65,25512.85,25515.4,0
2025-07-03T11:53:00+05:30,25515.2,25515.7,25513.15,25514.0,0
2025-07-03T11:54:00+05:30,25513.45,25513.45,25507.4,25508.2,0
2025-07-03T11:55:00+05:30,25508.4,25516.45,25508.4,25513.45,0
2025-07-03T11:56:00+05:30,25512.6,25519.6,25512.15,25514.7,0
2025-07-03T11:57:00+05:30,25513.3,25518.9,25512.7,25518.35,0
2025-07-03T11:58:00+05:30,25517.55,25521.4,25512.95,25513.85,0
2025-07-03T11:59:00+05:30,25512.5,25514.85,25507.25,25514.4,0
2025-07-03T12:00:00+05:30,25513.6,25515.6,25509.4,25510.85,0
2025-07-03T12:01:00+05:30,25510.5,25517.8,25509.9,25512.7,0
2025-07-03T12:02:00+05:30,25512.5,25512.5,25501.05,25503.55,0
2025-07-03T12:03:00+05:30,25503.45,25507.1,25502.1,25504.5,0
2025-07-03T12:04:00+05:30,25503.75,25508.95,25503.4,25508.45,0
2025-07-03T12:05:00+05:30,25508.3,25510.3,25505.2,25506.15,0
2025-07-03T12:06:00+05:30,25505.9,25508.3,25504.7,25506.2,0
2025-07-03T12:07:00+05:30,25505.6,25506.55,25502.45,25506.4,0
2025-07-03T12:08:00+05:30,25505.95,25509.25,25505.5,25507.1,0
2025-07-03T12:09:00+05:30,25506.75,25508.5,25505.3,25505.95,0
2025-07-03T12:10:00+05:30,25505.5,25507.05,25503.6,25506.15,0
2025-07-03T12:11:00+05:30,25505.35,25506.7,25503.7,25504.9,0
2025-07-03T12:12:00+05:30,25504.85,25505.2,25500.9,25502.7,0
2025-07-03T12:13:00+05:30,25502.9,25506.1,25502.2,25503.7,0
2025-07-03T12:14:00+05:30,25503.05,25508.6,25501.95,25503.95,0
2025-07-03T12:15:00+05:30,25503.8,25504.9,25498.8,25499.95,0
2025-07-03T12:16:00+05:30,25499.9,25500.9,25495.05,25496.85,0
2025-07-03T12:17:00+05:30,25497.1,25499.25,25494.7,25498.7,0
2025-07-03T12:18:00+05:30,25497.5,25498.2,25494.95,25496.3,0
2025-07-03T12:19:00+05:30,25496.1,25497.5,25486.45,25489.9,0
2025-07-03T12:20:00+05:30,25489.35,25498.65,25489.3,25498.65,0
2025-07-03T12:21:00+05:30,25498.05,25499.05,25491.8,25492.6,0
2025-07-03T12:22:00+05:30,25491.8,25496.3,25490.5,25496.1,0
2025-07-03T12:23:00+05:30,25495.75,25500.75,25494.9,25499.85,0
2025-07-03T12:24:00+05:30,25499.75,25505.95,25499.7,25504.5,0
2025-07-03T12:25:00+05:30,25503.4,25504.0,25499.3,25499.7,0
2025-07-03T12:26:00+05:30,25499.45,25507.65,25498.45,25504.35,0
2025-07-03T12:27:00+05:30,25503.55,25509.5,25502.7,25508.25,0
2025-07-03T12:28:00+05:30,25508.35,25515.45,25506.85,25512.55,0
2025-07-03T12:29:00+05:30,25511.55,25515.45,25509.85,25511.65,0
2025-07-03T12:30:00+05:30,25511.15,25513.4,25507.85,25509.3,0
2025-07-03T12:31:00+05:30,25508.8,25513.05,25507.95,25510.15,0
2025-07-03T12:32:00+05:30,25509.6,25512.25,25505.75,25507.6,0
2025-07-03T12:33:00+05:30,25507.1,25511.0,25506.1,25510.4,0
2025-07-03T12:34:00+05:30,25510.05,25514.6,25509.55,25511.85,0
2025-07-03T12:35:00+05:30,25510.6,25512.95,25508.35,25509.25,0
2025-07-03T12:36:00+05:30,25509.5,25512.25,25507.5,25508.55,0
2025-07-03T12:37:00+05:30,25508.15,25510.75,25507.55,25510.1,0
2025-07-03T12:38:00+05:30,25509.75,25511.4,25507.25,25508.05,0
2025-07-03T12:39:00+05:30,25507.3,25509.05,25505.05,25506.45,0
2025-07-03T12:40:00+05:30,25505.75,25516.15,25505.6,25515.65,0
2025-07-03T12:41:00+05:30,25515.2,25538.55,25514.45,25532.05,0
2025-07-03T12:42:00+05:30,25531.35,25531.35,25523.35,25524.1,0
2025-07-03T12:43:00+05:30,25524.0,25524.0,25514.65,25517.45,0
2025-07-03T12:44:00+05:30,25516.5,25520.0,25515.3,25518.4,0
2025-07-03T12:45:00+05:30,25518.55,25519.6,25514.4,25517.55,0
2025-07-03T12:46:00+05:30,25517.05,25518.3,25512.75,25515.8,0
2025-07-03T12:47:00+05:30,25516.2,25521.6,25515.3,25519.3,0
2025-07-03T12:48:00+05:30,25519.05,25526.9,25517.55,25523.85,0
2025-07-03T12:49:00+05:30,25523.2,25526.25,25518.2,25520.6,0
2025-07-03T12:50:00+05:30,25519.65,25521.8,25517.1,25517.7,0
2025-07-03T12:51:00+05:30,25517.3,25520.75,25517.3,25519.8,0
2025-07-03T12:52:00+05:30,25519.5,25521.9,25517.7,25518.35,0
2025-07-03T12:53:00+05:30,25517.75,25519.1,25512.1,25515.3,0
2025-07-03T12:54:00+05:30,25514.65,25518.8,25513.85,25517.35,0
2025-07-03T12:55:00+05:30,25516.8,25519.55,25513.95,25516.3,0
2025-07-03T12:56:00+05:30,25516.45,25519.3,25514.45,25517.45,0
2025-07-03T12:57:00+05:30,25517.2,25518.3,25514.75,25515.55,0
2025-07-03T12:58:00+05:30,25514.15,25515.7,25512.1,25514.75,0
2025-07-03T12:59:00+05:30,25515.15,25515.15,25510.05,25512.2,0
2025-07-03T13:00:00+05:30,25512.0,25512.95,25497.5,25500.05,0
2025-07-03T13:01:00+05:30,25499.9,25502.8,25497.75,25498.75,0
2025-07-03T13:02:00+05:30,25498.35,25501.65,25497.8,25500.1,0
2025-07-03T13:03:00+05:30,25499.2,25501.25,25496.8,25498.25,0
2025-07-03T13:04:00+05:30,25497.95,25500.25,25496.6,25500.0,0
2025-07-03T13:05:00+05:30,25498.9,25504.5,25497.8,25500.1,0
2025-07-03T13:06:00+05:30,25499.85,25501.35,25497.4,25499.8,0
2025-07-03T13:07:00+05:30,25499.45,25500.25,25496.9,25500.1,0
2025-07-03T13:08:00+05:30,25499.5,25505.05,25498.0,25503.5,0
2025-07-03T13:09:00+05:30,25503.05,25506.8,25500.95,25504.0,0
2025-07-03T13:10:00+05:30,25503.75,25505.95,25501.0,25502.55,0
2025-07-03T13:11:00+05:30,25502.8,25503.65,25500.2,25503.3,0
2025-07-03T13:12:00+05:30,25502.7,25506.2,25500.85,25505.25,0
2025-07-03T13:13:00+05:30,25505.05,25507.8,25503.4,25506.95,0
2025-07-03T13:14:00+05:30,25507.45,25508.95,25505.65,25507.55,0
2025-07-03T13:15:00+05:30,25506.9,25509.3,25504.9,25506.8,0
2025-07-03T13:16:00+05:30,25506.65,25509.95,25479.75,25486.45,0
2025-07-03T13:17:00+05:30,25484.45,25490.8,25481.8,25485.2,0
2025-07-03T13:18:00+05:30,25483.65,25499.75,25482.3,25499.2,0
2025-07-03T13:19:00+05:30,25499.45,25505.6,25498.05,25500.7,0
2025-07-03T13:20:00+05:30,25499.35,25501.95,25493.9,25500.1,0
2025-07-03T13:21:00+05:30,25499.3,25503.05,25497.6,25502.95,0
2025-07-03T13:22:00+05:30,25503.0,25505.65,25501.1,25502.5,0
2025-07-03T13:23:00+05:30,25502.2,25502.8,25498.95,25499.2,0
2025-07-03T13:24:00+05:30,25499.6,25501.95,25497.7,25501.8,0
2025-07-03T13:25:00+05:30,25501.2,25505.15,25499.75,25501.75,0
2025-07-03T13:26:00+05:30,25500.5,25501.9,25498.0,25500.6,0
2025-07-03T13:27:00+05:30,25500.25,25501.3,25497.2,25501.3,0
2025-07-03T13:28:00+05:30,25500.95,25503.0,25500.1,25501.9,0
2025-07-03T13:29:00+05:30,25501.45,25504.95,25500.85,25503.85,0
2025-07-03T13:30:00+05:30,25503.35,25504.5,25500.9,25501.6,0
2025-07-03T13:31:00+05:30,25501.85,25503.1,25495.6,25501.3,0
2025-07-03T13:32:00+05:30,25501.15,25505.8,25499.85,25504.45,0
2025-07-03T13:33:00+05:30,25504.5,25505.55,25502.45,25504.9,0
2025-07-03T13:34:00+05:30,25504.2,25525.1,25501.9,25517.1,0
2025-07-03T13:35:00+05:30,25516.65,25542.45,25515.5,25540.5,0
2025-07-03T13:36:00+05:30,25542.0,25558.25,25531.0,25551.8,0
2025-07-03T13:37:00+05:30,25550.5,25558.45,25547.5,25558.45,0
2025-07-03T13:38:00+05:30,25560.4,25568.2,25553.6,25563.65,0
2025-07-03T13:39:00+05:30,25566.8,25573.15,25564.15,25569.5,0
2025-07-03T13:40:00+05:30,25568.8,25587.0,25567.3,25581.55,0
2025-07-03T13:41:00+05:30,25581.4,25587.5,25564.15,25575.05,0
2025-07-03T13:42:00+05:30,25572.8,25577.55,25559.1,25567.35,0
2025-07-03T13:43:00+05:30,25566.7,25574.55,25561.55,25564.45,0
2025-07-03T13:44:00+05:30,25563.5,25572.55,25560.75,25570.5,0
2025-07-03T13:45:00+05:30,25570.45,25574.85,25558.1,25561.25,0
2025-07-03T13:46:00+05:30,25560.45,25560.65,25543.15,25544.75,0
2025-07-03T13:47:00+05:30,25537.85,25540.15,25530.25,25530.25,0
2025-07-03T13:48:00+05:30,25528.75,25534.0,25528.5,25529.9,0
2025-07-03T13:49:00+05:30,25529.3,25532.95,25507.5,25512.5,0
2025-07-03T13:50:00+05:30,25511.75,25512.1,25493.95,25510.2,0
2025-07-03T13:51:00+05:30,25509.65,25511.85,25502.35,25506.5,0
2025-07-03T13:52:00+05:30,25506.95,25508.65,25503.1,25506.65,0
2025-07-03T13:53:00+05:30,25506.15,25506.65,25503.05,25506.0,0
2025-07-03T13:54:00+05:30,25505.6,25511.4,25505.05,25509.65,0
2025-07-03T13:55:00+05:30,25510.2,25513.35,25508.75,25511.65,0
2025-07-03T13:56:00+05:30,25511.4,25513.0,25503.35,25506.75,0
2025-07-03T13:57:00+05:30,25505.05,25505.05,25480.0,25499.8,0
2025-07-03T13:58:00+05:30,25499.65,25507.1,25499.65,25503.15,0
2025-07-03T13:59:00+05:30,25502.45,25503.05,25496.6,25499.45,0
2025-07-03T14:00:00+05:30,25499.05,25507.35,25497.75,25501.0,0
2025-07-03T14:01:00+05:30,25500.3,25507.25,25500.2,25504.3,0
2025-07-03T14:02:00+05:30,25502.6,25506.6,25501.35,25505.15,0
2025-07-03T14:03:00+05:30,25504.2,25506.2,25501.2,25504.5,0
2025-07-03T14:04:00+05:30,25504.3,25509.15,25503.0,25506.95,0
2025-07-03T14:05:00+05:30,25506.0,25508.55,25500.8,25500.8,0
2025-07-03T14:06:00+05:30,25501.55,25501.55,25494.8,25495.6,0
2025-07-03T14:07:00+05:30,25494.7,25499.35,25493.6,25499.2,0
2025-07-03T14:08:00+05:30,25498.7,25502.85,25498.1,25502.25,0
2025-07-03T14:09:00+05:30,25502.15,25506.6,25501.35,25506.6,0
2025-07-03T14:10:00+05:30,25505.25,25505.8,25500.65,25502.1,0
2025-07-03T14:11:00+05:30,25502.25,25505.6,25500.75,25502.5,0
2025-07-03T14:12:00+05:30,25502.35,25504.3,25497.45,25500.3,0
2025-07-03T14:13:00+05:30,25498.8,25499.75,25493.75,25494.9,0
2025-07-03T14:14:00+05:30,25494.65,25496.2,25490.15,25492.1,0
2025-07-03T14:15:00+05:30,25491.75,25495.15,25490.05,25493.5,0
2025-07-03T14:16:00+05:30,25491.2,25495.15,25489.5,25492.55,0
2025-07-03T14:17:00+05:30,25491.05,25492.45,25489.15,25489.65,0
2025-07-03T14:18:00+05:30,25489.25,25490.45,25487.15,25489.15,0
2025-07-03T14:19:00+05:30,25489.3,25491.65,25483.7,25484.5,0
2025-07-03T14:20:00+05:30,25483.5,25485.6,25476.25,25480.2,0
2025-07-03T14:21:00+05:30,25479.8,25483.4,25470.5,25473.65,0
2025-07-03T14:22:00+05:30,25472.55,25473.1,25465.7,25469.1,0
2025-07-03T14:23:00+05:30,25468.85,25476.95,25468.75,25476.3,0
2025-07-03T14:24:00+05:30,25476.75,25485.35,25475.4,25477.65,0
2025-07-03T14:25:00+05:30,25477.95,25478.0,25457.5,25462.3,0
2025-07-03T14:26:00+05:30,25462.5,25470.15,25462.5,25466.25,0
2025-07-03T14:27:00+05:30,25465.85,25472.55,25464.1,25472.55,0
2025-07-03T14:28:00+05:30,25471.65,25471.65,25466.2,25467.55,0
2025-07-03T14:29:00+05:30,25467.35,25467.35,25453.55,25453.6,0
2025-07-03T14:30:00+05:30,25453.55,25453.55,25430.3,25430.3,0
2025-07-03T14:31:00+05:30,25431.5,25431.5,25407.9,25424.7,0
2025-07-03T14:32:00+05:30,25423.6,25424.1,25414.1,25416.15,0
2025-07-03T14:33:00+05:30,25415.95,25422.5,25414.45,25419.95,0
2025-07-03T14:34:00+05:30,25416.45,25432.8,25416.45,25426.3,0
2025-07-03T14:35:00+05:30,25425.55,25425.55,25413.75,25413.9,0
2025-07-03T14:36:00+05:30,25413.7,25421.95,25410.3,25410.95,0
2025-07-03T14:37:00+05:30,25410.3,25410.65,25393.35,25395.6,0
2025-07-03T14:38:00+05:30,25395.4,25396.45,25384.35,25394.7,0
2025-07-03T14:39:00+05:30,25393.75,25402.4,25393.75,25401.9,0
2025-07-03T14:40:00+05:30,25401.5,25409.95,25398.65,25402.6,0
2025-07-03T14:41:00+05:30,25401.85,25415.15,25401.85,25409.8,0
2025-07-03T14:42:00+05:30,25409.05,25410.75,25399.45,25401.3,0
2025-07-03T14:43:00+05:30,25401.25,25407.0,25400.1,25406.2,0
2025-07-03T14:44:00+05:30,25405.5,25407.0,25402.5,25405.6,0
2025-07-03T14:45:00+05:30,25408.7,25415.9,25407.25,25415.75,0
2025-07-03T14:46:00+05:30,25417.8,25448.6,25416.65,25447.45,0
2025-07-03T14:47:00+05:30,25445.65,25445.65,25415.0,25417.75,0
2025-07-03T14:48:00+05:30,25416.8,25417.6,25401.1,25402.9,0
2025-07-03T14:49:00+05:30,25401.65,25406.85,25395.95,25397.85,0
2025-07-03T14:50:00+05:30,25397.1,25404.0,25393.3,25396.75,0
2025-07-03T14:51:00+05:30,25396.1,25401.85,25394.1,25399.35,0
2025-07-03T14:52:00+05:30,25398.85,25400.4,25393.6,25397.6,0
2025-07-03T14:53:00+05:30,25396.7,25416.55,25396.4,25412.3,0
2025-07-03T14:54:00+05:30,25411.65,25415.45,25401.2,25408.25,0
2025-07-03T14:55:00+05:30,25407.8,25418.9,25407.15,25416.7,0
2025-07-03T14:56:00+05:30,25415.75,25420.95,25410.15,25419.9,0
2025-07-03T14:57:00+05:30,25418.2,25420.05,25401.45,25407.2,0
2025-07-03T14:58:00+05:30,25406.6,25416.75,25404.8,25415.6,0
2025-07-03T14:59:00+05:30,25415.2,25416.65,25408.15,25408.85,0
2025-07-03T15:00:00+05:30,25410.6,25415.4,25409.35,25411.75,0
2025-07-03T15:01:00+05:30,25412.05,25420.0,25408.0,25418.3,0
2025-07-03T15:02:00+05:30,25418.15,25419.35,25414.9,25415.65,0
2025-07-03T15:03:00+05:30,25416.35,25419.55,25401.8,25403.5,0
2025-07-03T15:04:00+05:30,25405.05,25405.05,25397.85,25399.45,0
2025-07-03T15:05:00+05:30,25400.25,25404.75,25397.7,25402.6,0
2025-07-03T15:06:00+05:30,25402.9,25415.85,25402.0,25411.35,0
2025-07-03T15:07:00+05:30,25411.4,25411.8,25408.05,25410.25,0
2025-07-03T15:08:00+05:30,25409.8,25410.65,25398.4,25401.05,0
2025-07-03T15:09:00+05:30,25400.9,25415.75,25400.55,25415.6,0
2025-07-03T15:10:00+05:30,25416.35,25423.8,25413.55,25420.25,0
2025-07-03T15:11:00+05:30,25420.95,25422.45,25416.6,25421.35,0
2025-07-03T15:12:00+05:30,25420.8,25424.35,25406.35,25407.25,0
2025-07-03T15:13:00+05:30,25407.05,25412.0,25403.55,25409.6,0
2025-07-03T15:14:00+05:30,25410.3,25411.25,25396.05,25397.95,0
2025-07-03T15:15:00+05:30,25399.5,25410.4,25395.95,25409.8,0
2025-07-03T15:16:00+05:30,25412.5,25412.5,25403.4,25411.1,0
2025-07-03T15:17:00+05:30,25411.2,25417.9,25410.35,25416.9,0
2025-07-03T15:18:00+05:30,25417.85,25418.45,25409.8,25411.9,0
2025-07-03T15:19:00+05:30,25411.85,25416.35,25411.6,25414.85,0
2025-07-03T15:20:00+05:30,25415.35,25415.35,25393.8,25396.0,0
2025-07-03T15:21:00+05:30,25395.45,25397.8,25392.55,25395.3,0
2025-07-03T15:22:00+05:30,25394.95,25401.85,25392.9,25401.7,0
2025-07-03T15:23:00+05:30,25403.2,25404.1,25400.15,25401.85,0
2025-07-03T15:24:00+05:30,25402.55,25403.05,25396.35,25398.65,0
2025-07-03T15:25:00+05:30,25398.0,25398.45,25393.6,25394.15,0
2025-07-03T15:26:00+05:30,25394.3,25395.95,25388.65,25390.65,0
2025-07-03T15:27:00+05:30,25390.05,25400.95,25388.85,25399.4,0
2025-07-03T15:28:00+05:30,25397.35,25401.65,25393.4,25394.9,0
2025-07-03T15:29:00+05:30,25397.4,25402.8,25392.65,25397.4,0
2025-07-04T09:15:00+05:30,25428.85,25458.65,25412.0,25436.9,0
2025-07-04T09:16:00+05:30,25436.7,25436.9,25410.3,25426.75,0
2025-07-04T09:17:00+05:30,25426.35,25437.75,25423.2,25432.15,0
2025-07-04T09:18:00+05:30,25431.35,25440.9,25415.2,25420.55,0
2025-07-04T09:19:00+05:30,25421.45,25423.8,25406.7,25412.65,0
2025-07-04T09:20:00+05:30,25411.95,25416.95,25406.0,25415.8,0
2025-07-04T09:21:00+05:30,25416.45,25428.35,25415.3,25419.75,0
2025-07-04T09:22:00+05:30,25421.0,25422.9,25413.2,25413.2,0
2025-07-04T09:23:00+05:30,25413.9,25414.6,25393.8,25403.05,0
2025-07-04T09:24:00+05:30,25403.8,25414.6,25403.8,25414.6,0
2025-07-04T09:25:00+05:30,25415.0,25432.95,25414.35,25432.5,0
2025-07-04T09:26:00+05:30,25433.0,25438.7,25430.9,25438.65,0
2025-07-04T09:27:00+05:30,25438.2,25442.95,25436.0,25436.15,0
2025-07-04T09:28:00+05:30,25435.0,25435.0,25423.95,25426.55,0
2025-07-04T09:29:00+05:30,25427.15,25431.6,25423.4,25424.9,0
2025-07-04T09:30:00+05:30,25424.55,25429.5,25414.2,25415.35,0
2025-07-04T09:31:00+05:30,25414.15,25416.9,25410.95,25414.05,0
2025-07-04T09:32:00+05:30,25414.25,25416.35,25412.55,25413.6,0
2025-07-04T09:33:00+05:30,25410.85,25410.85,25401.1,25407.35,0
2025-07-04T09:34:00+05:30,25407.65,25409.15,25404.2,25406.75,0
2025-07-04T09:35:00+05:30,25406.15,25407.3,25396.35,25400.9,0
2025-07-04T09:36:00+05:30,25401.05,25401.25,25386.5,25386.95,0
2025-07-04T09:37:00+05:30,25386.45,25396.35,25386.0,25396.35,0
2025-07-04T09:38:00+05:30,25396.25,25398.8,25391.85,25391.85,0
2025-07-04T09:39:00+05:30,25390.9,25390.9,25382.45,25384.3,0
2025-07-04T09:40:00+05:30,25383.65,25383.65,25370.55,25380.2,0
2025-07-04T09:41:00+05:30,25379.7,25389.2,25378.0,25388.5,0
2025-07-04T09:42:00+05:30,25387.65,25388.55,25382.0,25383.95,0
2025-07-04T09:43:00+05:30,25385.2,25386.35,25379.05,25384.3,0
2025-07-04T09:44:00+05:30,25384.65,25395.4,25384.55,25394.4,0
2025-07-04T09:45:00+05:30,25393.8,25397.95,25390.2,25395.95,0
2025-07-04T09:46:00+05:30,25396.35,25399.6,25394.15,25399.3,0
2025-07-04T09:47:00+05:30,25399.75,25402.25,25396.9,25400.8,0
2025-07-04T09:48:00+05:30,25400.65,25402.2,25398.95,25399.7,0
2025-07-04T09:49:00+05:30,25400.4,25403.25,25393.55,25395.15,0
2025-07-04T09:50:00+05:30,25395.55,25395.8,25389.2,25389.75,0
2025-07-04T09:51:00+05:30,25390.0,25396.4,25387.3,25396.4,0
2025-07-04T09:52:00+05:30,25396.65,25401.8,25396.65,25401.05,0
2025-07-04T09:53:00+05:30,25401.6,25411.25,25399.2,25408.5,0
2025-07-04T09:54:00+05:30,25408.85,25410.35,25404.45,25407.45,0
2025-07-04T09:55:00+05:30,25408.2,25408.7,25395.7,25397.2,0
2025-07-04T09:56:00+05:30,25395.9,25400.1,25394.9,25398.05,0
2025-07-04T09:57:00+05:30,25398.1,25402.25,25396.3,25401.7,0
2025-07-04T09:58:00+05:30,25401.25,25406.0,25400.6,25404.65,0
2025-07-04T09:59:00+05:30,25404.55,25414.4,25404.05,25414.0,0
2025-07-04T10:00:00+05:30,25414.05,25423.55,25414.05,25421.65,0
2025-07-04T10:01:00+05:30,25420.85,25421.6,25409.15,25410.05,0
2025-07-04T10:02:00+05:30,25410.15,25411.2,25403.8,25408.55,0
2025-07-04T10:03:00+05:30,25408.6,25412.5,25405.85,25411.5,0
2025-07-04T10:04:00+05:30,25411.35,25411.7,25404.2,25405.8,0
2025-07-04T10:05:00+05:30,25406.35,25408.35,25403.35,25406.55,0
2025-07-04T10:06:00+05:30,25407.6,25410.25,25406.0,25407.55,0
2025-07-04T10:07:00+05:30,25407.1,25407.3,25402.15,25404.15,0
2025-07-04T10:08:00+05:30,25404.0,25405.35,25401.2,25404.9,0
2025-07-04T10:09:00+05:30,25404.85,25413.9,25397.75,25413.85,0
2025-07-04T10:10:00+05:30,25413.5,25415.2,25410.75,25412.7,0
2025-07-04T10:11:00+05:30,25411.45,25414.2,25410.7,25413.5,0
2025-07-04T10:12:00+05:30,25413.05,25414.65,25408.85,25409.45,0
2025-07-04T10:13:00+05:30,25408.55,25409.0,25400.3,25403.85,0
2025-07-04T10:14:00+05:30,25403.0,25410.8,25402.7,25410.25,0
2025-07-04T10:15:00+05:30,25409.6,25413.3,25407.5,25413.15,0
2025-07-04T10:16:00+05:30,25412.15,25417.45,25412.15,25415.1,0
2025-07-04T10:17:00+05:30,25415.75,25416.3,25399.7,25401.45,0
2025-07-04T10:18:00+05:30,25400.85,25405.4,25397.45,25398.05,0
2025-07-04T10:19:00+05:30,25397.7,25403.6,25395.75,25402.4,0
2025-07-04T10:20:00+05:30,25402.7,25406.9,25402.25,25406.35,0
2025-07-04T10:21:00+05:30,25406.5,25412.65,25406.5,25410.8,0
2025-07-04T10:22:00+05:30,25410.05,25414.55,25408.95,25413.4,0
2025-07-04T10:23:00+05:30,25414.0,25416.0,25412.1,25415.5,0
2025-07-04T10:24:00+05:30,25415.35,25418.05,25413.1,25416.85,0
2025-07-04T10:25:00+05:30,25417.0,25420.55,25416.85,25418.9,0
2025-07-04T10:26:00+05:30,25418.85,25419.75,25415.95,25419.35,0
2025-07-04T10:27:00+05:30,25419.3,25419.85,25407.45,25409.45,0
2025-07-04T10:28:00+05:30,25409.1,25410.4,25407.0,25409.5,0
2025-07-04T10:29:00+05:30,25410.2,25412.35,25409.35,25410.85,0
2025-07-04T10:30:00+05:30,25410.45,25412.05,25408.0,25408.1,0
2025-07-04T10:31:00+05:30,25407.35,25413.85,25407.0,25409.5,0
2025-07-04T10:32:00+05:30,25409.35,25410.05,25404.4,25405.0,0
2025-07-04T10:33:00+05:30,25404.95,25406.8,25402.95,25404.7,0
2025-07-04T10:34:00+05:30,25404.5,25405.45,25401.1,25403.85,0
2025-07-04T10:35:00+05:30,25403.7,25408.3,25402.1,25408.3,0
2025-07-04T10:36:00+05:30,25407.75,25410.55,25405.8,25405.9,0
2025-07-04T10:37:00+05:30,25405.25,25408.25,25404.15,25407.95,0
2025-07-04T10:38:00+05:30,25408.2,25414.95,25408.0,25414.05,0
2025-07-04T10:39:00+05:30,25414.15,25415.25,25411.65,25414.95,0
2025-07-04T10:40:00+05:30,25414.55,25415.2,25412.1,25413.65,0
2025-07-04T10:41:00+05:30,25413.2,25416.15,25411.25,25414.1,0
2025-07-04T10:42:00+05:30,25413.4,25416.25,25411.75,25415.75,0
2025-07-04T10:43:00+05:30,25415.95,25417.0,25409.65,25411.75,0
2025-07-04T10:44:00+05:30,25410.85,25415.85,25410.25,25413.85,0
2025-07-04T10:45:00+05:30,25413.55,25421.4,25413.55,25420.1,0
2025-07-04T10:46:00+05:30,25420.35,25420.35,25407.65,25408.3,0
2025-07-04T10:47:00+05:30,25408.4,25412.55,25406.7,25412.5,0
2025-07-04T10:48:00+05:30,25412.15,25415.65,25410.6,25415.65,0
2025-07-04T10:49:00+05:30,25415.7,25418.05,25414.6,25416.0,0
2025-07-04T10:50:00+05:30,25415.2,25416.95,25412.2,25412.55,0
2025-07-04T10:51:00+05:30,25412.8,25414.8,25410.05,25414.2,0
2025-07-04T10:52:00+05:30,25414.3,25418.55,25413.2,25418.0,0
2025-07-04T10:53:00+05:30,25417.7,25421.95,25415.95,25420.7,0
2025-07-04T10:54:00+05:30,25420.6,25423.85,25419.3,25421.6,0
2025-07-04T10:55:00+05:30,25422.15,25424.35,25420.4,25421.8,0
2025-07-04T10:56:00+05:30,25421.15,25423.1,25418.8,25422.6,0
2025-07-04T10:57:00+05:30,25422.7,25424.1,25420.85,25422.35,0
2025-07-04T10:58:00+05:30,25422.45,25423.3,25418.3,25418.75,0
2025-07-04T10:59:00+05:30,25418.7,25419.8,25415.7,25419.25,0
2025-07-04T11:00:00+05:30,25419.55,25423.0,25419.05,25419.85,0
2025-07-04T11:01:00+05:30,25420.25,25420.7,25418.45,25418.6,0
2025-07-04T11:02:00+05:30,25418.35,25421.2,25417.65,25420.1,0
2025-07-04T11:03:00+05:30,25420.55,25423.0,25419.05,25422.45,0
2025-07-04T11:04:00+05:30,25422.7,25426.85,25420.9,25424.75,0
2025-07-04T11:05:00+05:30,25425.2,25426.4,25420.1,25422.35,0
2025-07-04T11:06:00+05:30,25422.2,25422.75,25419.75,25421.6,0
2025-07-04T11:07:00+05:30,25421.85,25423.95,25417.35,25417.55,0
2025-07-04T11:08:00+05:30,25418.2,25421.35,25414.95,25420.15,0
2025-07-04T11:09:00+05:30,25419.6,25420.95,25413.05,25413.05,0
2025-07-04T11:10:00+05:30,25413.55,25417.5,25412.0,25415.6,0
2025-07-04T11:11:00+05:30,25413.3,25414.15,25410.5,25411.35,0
2025-07-04T11:12:00+05:30,25410.9,25417.8,25410.25,25416.65,0
2025-07-04T11:13:00+05:30,25416.7,25419.55,25415.85,25418.1,0
2025-07-04T11:14:00+05:30,25418.3,25424.4,25418.3,25423.55,0
2025-07-04T11:15:00+05:30,25424.05,25424.3,25420.1,25423.15,0
2025-07-04T11:16:00+05:30,25423.7,25424.25,25419.85,25420.95,0
2025-07-04T11:17:00+05:30,25420.5,25421.75,25418.3,25421.2,0
2025-07-04T11:18:00+05:30,25421.9,25424.95,25419.95,25423.5,0
2025-07-04T11:19:00+05:30,25423.65,25423.65,25413.55,25415.7,0
2025-07-04T11:20:00+05:30,25415.6,25415.85,25411.9,25412.15,0
2025-07-04T11:21:00+05:30,25412.85,25414.55,25403.7,25404.65,0
2025-07-04T11:22:00+05:30,25404.25,25404.6,25396.65,25397.8,0
2025-07-04T11:23:00+05:30,25397.1,25398.1,25391.35,25391.6,0
2025-07-04T11:24:00+05:30,25391.3,25395.0,25389.25,25393.95,0
2025-07-04T11:25:00+05:30,25394.45,25397.55,25394.05,25397.45,0
2025-07-04T11:26:00+05:30,25397.6,25399.3,25396.5,25398.3,0
2025-07-04T11:27:00+05:30,25398.0,25399.9,25395.65,25399.9,0
2025-07-04T11:28:00+05:30,25400.15,25400.85,25398.0,25400.25,0
2025-07-04T11:29:00+05:30,25400.3,25403.6,25398.55,25403.6,0
2025-07-04T11:30:00+05:30,25403.1,25405.05,25401.15,25401.2,0
2025-07-04T11:31:00+05:30,25401.05,25403.5,25399.65,25403.5,0
2025-07-04T11:32:00+05:30,25403.8,25403.95,25399.4,25401.35,0
2025-07-04T11:33:00+05:30,25400.85,25402.25,25398.55,25399.35,0
2025-07-04T11:34:00+05:30,25398.75,25400.5,25398.2,25398.6,0
2025-07-04T11:35:00+05:30,25398.65,25399.55,25384.05,25386.2,0
2025-07-04T11:36:00+05:30,25385.85,25392.1,25381.05,25391.15,0
2025-07-04T11:37:00+05:30,25390.65,25391.55,25386.8,25387.95,0
2025-07-04T11:38:00+05:30,25387.85,25388.5,25382.3,25382.5,0
2025-07-04T11:39:00+05:30,25382.35,25382.45,25377.0,25379.9,0
2025-07-04T11:40:00+05:30,25378.15,25378.95,25374.8,25375.3,0
2025-07-04T11:41:00+05:30,25375.2,25375.2,25357.95,25359.2,0
2025-07-04T11:42:00+05:30,25360.0,25360.0,25351.85,25355.5,0
2025-07-04T11:43:00+05:30,25355.9,25362.0,25351.1,25360.5,0
2025-07-04T11:44:00+05:30,25360.2,25362.0,25358.5,25360.65,0
2025-07-04T11:45:00+05:30,25359.6,25359.7,25343.45,25344.4,0
2025-07-04T11:46:00+05:30,25343.7,25349.3,25340.6,25345.65,0
2025-07-04T11:47:00+05:30,25344.2,25345.05,25333.9,25338.9,0
2025-07-04T11:48:00+05:30,25338.25,25346.45,25337.8,25345.8,0
2025-07-04T11:49:00+05:30,25345.85,25353.5,25344.9,25350.0,0
2025-07-04T11:50:00+05:30,25350.8,25350.8,25340.4,25341.6,0
2025-07-04T11:51:00+05:30,25340.9,25344.75,25336.35,25344.75,0
2025-07-04T11:52:00+05:30,25345.5,25351.3,25343.15,25349.7,0
2025-07-04T11:53:00+05:30,25349.65,25352.7,25346.5,25351.65,0
2025-07-04T11:54:00+05:30,25351.75,25355.65,25347.0,25348.1,0
2025-07-04T11:55:00+05:30,25347.45,25347.85,25337.1,25337.1,0
2025-07-04T11:56:00+05:30,25338.2,25340.6,25334.9,25340.35,0
2025-07-04T11:57:00+05:30,25339.8,25348.1,25338.85,25346.3,0
2025-07-04T11:58:00+05:30,25345.9,25346.5,25336.15,25337.3,0
2025-07-04T11:59:00+05:30,25337.45,25340.8,25335.3,25339.6,0
2025-07-04T12:00:00+05:30,25339.05,25342.35,25338.4,25341.1,0
2025-07-04T12:01:00+05:30,25340.4,25341.0,25333.4,25337.9,0
2025-07-04T12:02:00+05:30,25337.15,25348.25,25337.15,25346.8,0
2025-07-04T12:03:00+05:30,25346.5,25353.6,25345.6,25347.15,0
2025-07-04T12:04:00+05:30,25346.25,25346.6,25331.65,25341.5,0
2025-07-04T12:05:00+05:30,25341.9,25348.2,25340.5,25346.65,0
2025-07-04T12:06:00+05:30,25346.6,25348.45,25339.45,25341.35,0
2025-07-04T12:07:00+05:30,25341.05,25341.3,25335.3,25339.2,0
2025-07-04T12:08:00+05:30,25338.8,25352.65,25337.45,25350.75,0
2025-07-04T12:09:00+05:30,25350.3,25355.6,25349.65,25352.4,0
2025-07-04T12:10:00+05:30,25351.15,25355.6,25350.4,25351.2,0
2025-07-04T12:11:00+05:30,25351.45,25359.45,25349.3,25359.4,0
2025-07-04T12:12:00+05:30,25358.2,25359.25,25347.8,25350.95,0
2025-07-04T12:13:00+05:30,25349.6,25351.9,25347.7,25350.5,0
2025-07-04T12:14:00+05:30,25349.9,25354.35,25348.9,25352.9,0
2025-07-04T12:15:00+05:30,25351.9,25353.05,25347.5,25349.75,0
2025-07-04T12:16:00+05:30,25349.6,25353.8,25347.85,25352.55,0
2025-07-04T12:17:00+05:30,25352.25,25356.55,25351.0,25356.05,0
2025-07-04T12:18:00+05:30,25355.4,25360.6,25354.8,25355.6,0
2025-07-04T12:19:00+05:30,25355.8,25356.8,25352.65,25354.3,0
2025-07-04T12:20:00+05:30,25354.2,25355.9,25350.85,25354.3,0
2025-07-04T12:21:00+05:30,25353.1,25358.0,25352.85,25358.0,0
2025-07-04T12:22:00+05:30,25357.15,25359.5,25352.0,25352.0,0
2025-07-04T12:23:00+05:30,25352.45,25357.1,25350.0,25355.55,0
2025-07-04T12:24:00+05:30,25354.45,25355.3,25351.3,25352.6,0
2025-07-04T12:25:00+05:30,25352.45,25354.0,25348.95,25353.1,0
2025-07-04T12:26:00+05:30,25351.7,25352.95,25347.6,25349.25,0
2025-07-04T12:27:00+05:30,25348.3,25352.4,25345.45,25350.2,0
2025-07-04T12:28:00+05:30,25350.25,25350.45,25347.7,25348.45,0
2025-07-04T12:29:00+05:30,25348.15,25350.7,25347.0,25350.6,0
2025-07-04T12:30:00+05:30,25352.1,25356.35,25349.05,25355.6,0
2025-07-04T12:31:00+05:30,25354.5,25357.45,25353.95,25357.45,0
2025-07-04T12:32:00+05:30,25357.4,25359.85,25354.85,25357.15,0
2025-07-04T12:33:00+05:30,25357.25,25364.85,25356.5,25363.2,0
2025-07-04T12:34:00+05:30,25362.8,25367.15,25362.8,25364.45,0
2025-07-04T12:35:00+05:30,25363.85,25364.4,25355.9,25358.9,0
2025-07-04T12:36:00+05:30,25357.2,25359.85,25355.25,25355.75,0
2025-07-04T12:37:00+05:30,25355.05,25359.45,25352.9,25357.25,0
2025-07-04T12:38:00+05:30,25356.9,25360.6,25356.0,25357.05,0
2025-07-04T12:39:00+05:30,25356.25,25363.6,25356.25,25360.8,0
2025-07-04T12:40:00+05:30,25361.75,25362.7,25357.8,25360.2,0
2025-07-04T12:41:00+05:30,25360.25,25365.2,25360.25,25362.7,0
2025-07-04T12:42:00+05:30,25363.25,25365.0,25360.55,25362.3,0
2025-07-04T12:43:00+05:30,25362.1,25364.15,25359.4,25361.55,0
2025-07-04T12:44:00+05:30,25362.2,25363.35,25358.9,25360.65,0
2025-07-04T12:45:00+05:30,25361.2,25364.2,25359.8,25363.2,0
2025-07-04T12:46:00+05:30,25362.8,25368.0,25357.5,25358.0,0
2025-07-04T12:47:00+05:30,25357.6,25361.75,25357.05,25359.0,0
2025-07-04T12:48:00+05:30,25358.0,25362.0,25356.75,25360.1,0
2025-07-04T12:49:00+05:30,25359.3,25362.4,25356.3,25357.75,0
2025-07-04T12:50:00+05:30,25357.35,25361.35,25354.15,25356.6,0
2025-07-04T12:51:00+05:30,25356.4,25359.25,25352.45,25354.75,0
2025-07-04T12:52:00+05:30,25354.8,25358.85,25354.3,25354.5,0
2025-07-04T12:53:00+05:30,25353.9,25357.8,25352.55,25355.85,0
2025-07-04T12:54:00+05:30,25356.0,25358.85,25353.0,25356.9,0
2025-07-04T12:55:00+05:30,25357.45,25358.2,25353.9,25353.9,0
2025-07-04T12:56:00+05:30,25354.55,25359.95,25353.4,25357.05,0
2025-07-04T12:57:00+05:30,25358.2,25362.6,25357.95,25359.9,0
2025-07-04T12:58:00+05:30,25360.05,25362.0,25357.0,25358.1,0
2025-07-04T12:59:00+05:30,25357.8,25360.2,25356.2,25358.1,0
2025-07-04T13:00:00+05:30,25357.25,25359.55,25355.2,25356.85,0
2025-07-04T13:01:00+05:30,25356.65,25358.95,25354.25,25356.8,0
2025-07-04T13:02:00+05:30,25355.95,25360.35,25354.35,25357.75,0
2025-07-04T13:03:00+05:30,25357.6,25362.3,25356.85,25360.25,0
2025-07-04T13:04:00+05:30,25361.0,25363.9,25358.9,25360.95,0
2025-07-04T13:05:00+05:30,25362.1,25364.1,25359.7,25363.4,0
2025-07-04T13:06:00+05:30,25363.1,25370.25,25362.3,25368.65,0
2025-07-04T13:07:00+05:30,25367.4,25369.85,25363.6,25365.05,0
2025-07-04T13:08:00+05:30,25366.25,25368.4,25361.45,25361.85,0
2025-07-04T13:09:00+05:30,25362.6,25364.5,25361.2,25361.75,0
2025-07-04T13:10:00+05:30,25361.3,25364.45,25358.7,25360.05,0
2025-07-04T13:11:00+05:30,25359.8,25363.4,25358.75,25362.25,0
2025-07-04T13:12:00+05:30,25362.45,25372.0,25361.85,25370.8,0
2025-07-04T13:13:00+05:30,25370.3,25374.95,25368.45,25371.65,0
2025-07-04T13:14:00+05:30,25373.55,25374.25,25369.2,25370.7,0
2025-07-04T13:15:00+05:30,25370.25,25373.4,25367.75,25370.05,0
2025-07-04T13:16:00+05:30,25370.3,25372.9,25368.8,25369.85,0
2025-07-04T13:17:00+05:30,25369.2,25370.35,25362.35,25362.35,0
2025-07-04T13:18:00+05:30,25362.15,25366.45,25361.4,25364.35,0
2025-07-04T13:19:00+05:30,25363.55,25364.95,25360.05,25361.7,0
2025-07-04T13:20:00+05:30,25361.85,25366.6,25358.45,25364.85,0
2025-07-04T13:21:00+05:30,25364.75,25366.5,25358.5,25360.4,0
2025-07-04T13:22:00+05:30,25360.0,25366.45,25358.6,25364.8,0
2025-07-04T13:23:00+05:30,25364.05,25367.5,25362.65,25365.25,0
2025-07-04T13:24:00+05:30,25365.1,25368.7,25363.45,25366.6,0
2025-07-04T13:25:00+05:30,25367.2,25369.4,25364.95,25366.3,0
2025-07-04T13:26:00+05:30,25365.7,25369.6,25362.85,25367.9,0
2025-07-04T13:27:00+05:30,25367.6,25372.25,25366.25,25370.0,0
2025-07-04T13:28:00+05:30,25369.6,25371.75,25365.45,25366.1,0
2025-07-04T13:29:00+05:30,25365.7,25368.3,25363.4,25363.6,0
2025-07-04T13:30:00+05:30,25363.5,25368.5,25362.6,25365.65,0
2025-07-04T13:31:00+05:30,25365.55,25368.35,25363.85,25365.15,0
2025-07-04T13:32:00+05:30,25365.25,25371.05,25364.7,25370.5,0
2025-07-04T13:33:00+05:30,25369.85,25376.9,25369.3,25374.15,0
2025-07-04T13:34:00+05:30,25373.7,25376.4,25371.3,25372.25,0
2025-07-04T13:35:00+05:30,25372.9,25376.1,25372.0,25373.15,0
2025-07-04T13:36:00+05:30,25374.15,25381.1,25372.7,25377.1,0
2025-07-04T13:37:00+05:30,25376.95,25377.4,25372.8,25375.65,0
2025-07-04T13:38:00+05:30,25375.9,25378.8,25373.95,25374.9,0
2025-07-04T13:39:00+05:30,25374.75,25375.35,25372.0,25372.0,0
2025-07-04T13:40:00+05:30,25372.5,25374.25,25369.9,25371.35,0
2025-07-04T13:41:00+05:30,25371.4,25376.95,25371.4,25374.55,0
2025-07-04T13:42:00+05:30,25373.6,25374.2,25370.4,25371.8,0
2025-07-04T13:43:00+05:30,25371.95,25377.25,25371.55,25374.15,0
2025-07-04T13:44:00+05:30,25374.5,25378.3,25371.75,25372.7,0
2025-07-04T13:45:00+05:30,25372.25,25376.45,25370.55,25370.8,0
2025-07-04T13:46:00+05:30,25371.35,25373.05,25365.95,25367.5,0
2025-07-04T13:47:00+05:30,25368.75,25374.95,25365.8,25372.2,0
2025-07-04T13:48:00+05:30,25372.7,25375.95,25370.65,25371.65,0
2025-07-04T13:49:00+05:30,25372.7,25374.05,25369.7,25372.25,0
2025-07-04T13:50:00+05:30,25372.0,25377.5,25371.6,25373.5,0
2025-07-04T13:51:00+05:30,25374.85,25378.3,25373.7,25376.75,0
2025-07-04T13:52:00+05:30,25376.55,25380.75,25376.1,25377.6,0
2025-07-04T13:53:00+05:30,25378.1,25380.45,25372.5,25372.75,0
2025-07-04T13:54:00+05:30,25372.35,25375.75,25371.35,25373.4,0
2025-07-04T13:55:00+05:30,25373.6,25375.2,25367.7,25370.15,0
2025-07-04T13:56:00+05:30,25370.0,25373.2,25369.15,25370.35,0
2025-07-04T13:57:00+05:30,25370.3,25372.55,25366.1,25371.9,0
2025-07-04T13:58:00+05:30,25372.0,25382.25,25369.7,25379.9,0
2025-07-04T13:59:00+05:30,25380.05,25387.25,25379.1,25384.05,0
2025-07-04T14:00:00+05:30,25383.95,25388.7,25383.9,25386.1,0
2025-07-04T14:01:00+05:30,25385.95,25386.45,25382.1,25383.15,0
2025-07-04T14:02:00+05:30,25383.1,25383.65,25367.0,25367.55,0
2025-07-04T14:03:00+05:30,25366.9,25371.0,25366.2,25369.8,0
2025-07-04T14:04:00+05:30,25369.6,25379.05,25369.0,25374.9,0
2025-07-04T14:05:00+05:30,25375.1,25379.95,25374.05,25377.75,0
2025-07-04T14:06:00+05:30,25376.8,25379.8,25376.05,25378.35,0
2025-07-04T14:07:00+05:30,25378.2,25383.0,25377.4,25380.5,0
2025-07-04T14:08:00+05:30,25379.85,25385.2,25379.05,25381.2,0
2025-07-04T14:09:00+05:30,25381.7,25384.75,25380.35,25382.55,0
2025-07-04T14:10:00+05:30,25382.65,25385.4,25380.6,25381.8,0
2025-07-04T14:11:00+05:30,25381.55,25385.65,25379.35,25379.95,0
2025-07-04T14:12:00+05:30,25379.8,25384.6,25379.5,25383.8,0
2025-07-04T14:13:00+05:30,25383.6,25386.85,25381.95,25384.65,0
2025-07-04T14:14:00+05:30,25384.5,25388.4,25383.35,25384.3,0
2025-07-04T14:15:00+05:30,25384.2,25385.65,25379.8,25382.2,0
2025-07-04T14:16:00+05:30,25382.35,25384.3,25376.85,25378.3,0
2025-07-04T14:17:00+05:30,25378.25,25382.65,25378.0,25378.4,0
2025-07-04T14:18:00+05:30,25379.3,25384.05,25377.55,25380.0,0
2025-07-04T14:19:00+05:30,25380.3,25385.85,25379.7,25383.3,0
2025-07-04T14:20:00+05:30,25382.8,25385.8,25381.85,25383.7,0
2025-07-04T14:21:00+05:30,25383.0,25386.4,25379.6,25380.3,0
2025-07-04T14:22:00+05:30,25382.4,25382.4,25373.5,25374.85,0
2025-07-04T14:23:00+05:30,25375.4,25380.65,25374.05,25380.05,0
2025-07-04T14:24:00+05:30,25378.95,25385.6,25378.95,25385.3,0
2025-07-04T14:25:00+05:30,25385.5,25388.35,25383.15,25388.3,0
2025-07-04T14:26:00+05:30,25387.15,25389.75,25383.7,25384.0,0
2025-07-04T14:27:00+05:30,25383.9,25390.4,25383.5,25387.95,0
2025-07-04T14:28:00+05:30,25387.5,25391.8,25385.45,25387.9,0
2025-07-04T14:29:00+05:30,25389.0,25390.45,25385.7,25389.25,0
2025-07-04T14:30:00+05:30,25387.45,25390.25,25385.75,25389.1,0
2025-07-04T14:31:00+05:30,25390.15,25394.35,25387.75,25391.75,0
2025-07-04T14:32:00+05:30,25390.85,25396.3,25390.2,25395.25,0
2025-07-04T14:33:00+05:30,25395.45,25397.65,25391.8,25394.75,0
2025-07-04T14:34:00+05:30,25393.15,25398.0,25392.45,25396.9,0
2025-07-04T14:35:00+05:30,25397.0,25417.0,25396.05,25416.05,0
2025-07-04T14:36:00+05:30,25416.6,25450.6,25415.85,25450.5,0
2025-07-04T14:37:00+05:30,25449.45,25449.45,25427.05,25431.75,0
2025-07-04T14:38:00+05:30,25431.8,25436.3,25430.0,25432.9,0
2025-07-04T14:39:00+05:30,25432.5,25439.8,25432.1,25433.45,0
2025-07-04T14:40:00+05:30,25433.0,25454.05,25433.0,25449.8,0
2025-07-04T14:41:00+05:30,25450.0,25450.25,25440.3,25441.05,0
2025-07-04T14:42:00+05:30,25439.8,25445.05,25438.0,25438.05,0
2025-07-04T14:43:00+05:30,25438.35,25444.75,25438.35,25442.95,0
2025-07-04T14:44:00+05:30,25442.9,25454.55,25442.9,25454.55,0
2025-07-04T14:45:00+05:30,25453.75,25463.35,25453.75,25458.85,0
2025-07-04T14:46:00+05:30,25459.6,25460.5,25451.95,25454.3,0
2025-07-04T14:47:00+05:30,25454.85,25456.2,25449.95,25452.7,0
2025-07-04T14:48:00+05:30,25452.15,25455.55,25443.15,25444.8,0
2025-07-04T14:49:00+05:30,25444.4,25451.0,25443.4,25449.95,0
2025-07-04T14:50:00+05:30,25449.7,25450.9,25443.7,25443.7,0
2025-07-04T14:51:00+05:30,25443.65,25445.3,25439.4,25439.4,0
2025-07-04T14:52:00+05:30,25439.75,25447.9,25438.85,25444.95,0
2025-07-04T14:53:00+05:30,25444.5,25450.65,25444.5,25448.15,0
2025-07-04T14:54:00+05:30,25448.5,25450.7,25444.3,25445.3,0
2025-07-04T14:55:00+05:30,25445.75,25448.45,25443.5,25444.7,0
2025-07-04T14:56:00+05:30,25444.8,25447.65,25442.75,25445.3,0
2025-07-04T14:57:00+05:30,25445.2,25448.65,25443.15,25447.45,0
2025-07-04T14:58:00+05:30,25446.35,25450.8,25445.2,25447.4,0
2025-07-04T14:59:00+05:30,25447.6,25454.65,25446.4,25453.65,0
2025-07-04T15:00:00+05:30,25453.25,25458.65,25453.25,25453.95,0
2025-07-04T15:01:00+05:30,25455.65,25457.45,25452.4,25454.9,0
2025-07-04T15:02:00+05:30,25456.4,25458.75,25454.95,25457.45,0
2025-07-04T15:03:00+05:30,25458.55,25460.4,25455.0,25459.7,0
2025-07-04T15:04:00+05:30,25460.55,25461.35,25458.6,25460.1,0
2025-07-04T15:05:00+05:30,25461.35,25462.5,25457.7,25459.45,0
2025-07-04T15:06:00+05:30,25460.3,25464.6,25459.5,25463.0,0
2025-07-04T15:07:00+05:30,25463.2,25464.9,25455.35,25455.35,0
2025-07-04T15:08:00+05:30,25456.25,25457.05,25454.35,25456.55,0
2025-07-04T15:09:00+05:30,25456.9,25463.05,25456.55,25463.05,0
2025-07-04T15:10:00+05:30,25463.75,25466.2,25459.2,25463.95,0
2025-07-04T15:11:00+05:30,25464.85,25466.7,25461.85,25464.55,0
2025-07-04T15:12:00+05:30,25465.95,25466.0,25458.55,25459.95,0
2025-07-04T15:13:00+05:30,25460.15,25463.2,25459.35,25462.1,0
2025-07-04T15:14:00+05:30,25462.3,25464.05,25460.65,25462.8,0
2025-07-04T15:15:00+05:30,25462.5,25464.2,25460.05,25461.7,0
2025-07-04T15:16:00+05:30,25461.55,25463.8,25459.6,25461.4,0
2025-07-04T15:17:00+05:30,25460.45,25461.85,25455.55,25457.55,0
2025-07-04T15:18:00+05:30,25457.05,25457.05,25449.3,25452.2,0
2025-07-04T15:19:00+05:30,25451.55,25458.25,25450.85,25457.15,0
2025-07-04T15:20:00+05:30,25457.1,25459.15,25453.65,25458.9,0
2025-07-04T15:21:00+05:30,25457.65,25459.75,25456.05,25459.75,0
2025-07-04T15:22:00+05:30,25459.7,25462.7,25456.6,25462.7,0
2025-07-04T15:23:00+05:30,25462.8,25463.8,25460.2,25463.8,0
2025-07-04T15:24:00+05:30,25462.5,25465.1,25459.25,25464.6,0
2025-07-04T15:25:00+05:30,25462.8,25464.65,25459.15,25462.35,0
2025-07-04T15:26:00+05:30,25462.55,25465.55,25459.8,25465.05,0
2025-07-04T15:27:00+05:30,25464.55,25468.85,25460.8,25468.25,0
2025-07-04T15:28:00+05:30,25468.1,25469.0,25463.65,25467.1,0
2025-07-04T15:29:00+05:30,25466.35,25470.25,25460.9,25467.8,0
2025-07-07T09:15:00+05:30,25450.45,25470.5,25414.7,25424.65,0
2025-07-07T09:16:00+05:30,25424.95,25427.9,25407.25,25427.8,0
2025-07-07T09:17:00+05:30,25425.95,25437.6,25425.15,25435.0,0
2025-07-07T09:18:00+05:30,25434.75,25434.75,25417.8,25423.75,0
2025-07-07T09:19:00+05:30,25424.15,25447.35,25421.45,25447.35,0
2025-07-07T09:20:00+05:30,25445.2,25458.3,25443.2,25452.6,0
2025-07-07T09:21:00+05:30,25453.6,25480.9,25446.25,25473.8,0
2025-07-07T09:22:00+05:30,25469.15,25469.15,25458.6,25462.65,0
2025-07-07T09:23:00+05:30,25463.1,25463.1,25444.35,25449.65,0
2025-07-07T09:24:00+05:30,25448.6,25454.1,25447.4,25449.95,0
2025-07-07T09:25:00+05:30,25450.7,25452.65,25437.25,25438.35,0
2025-07-07T09:26:00+05:30,25438.9,25449.05,25433.7,25447.9,0
2025-07-07T09:27:00+05:30,25447.5,25452.75,25438.8,25439.35,0
2025-07-07T09:28:00+05:30,25439.65,25447.05,25436.35,25443.25,0
2025-07-07T09:29:00+05:30,25443.05,25443.95,25436.35,25439.9,0
2025-07-07T09:30:00+05:30,25441.4,25453.5,25439.8,25449.45,0
2025-07-07T09:31:00+05:30,25449.05,25454.9,25443.05,25453.95,0
2025-07-07T09:32:00+05:30,25453.8,25465.05,25453.65,25461.7,0
2025-07-07T09:33:00+05:30,25461.55,25470.95,25461.05,25469.75,0
2025-07-07T09:34:00+05:30,25470.2,25480.5,25467.1,25478.0,0
2025-07-07T09:35:00+05:30,25478.2,25483.6,25476.35,25480.55,0
2025-07-07T09:36:00+05:30,25479.0,25481.05,25470.45,25477.35,0
2025-07-07T09:37:00+05:30,25477.7,25489.8,25477.7,25487.3,0
2025-07-07T09:38:00+05:30,25487.45,25487.9,25476.9,25479.75,0
2025-07-07T09:39:00+05:30,25478.2,25483.05,25477.2,25479.65,0
2025-07-07T09:40:00+05:30,25479.45,25480.85,25465.7,25466.75,0
2025-07-07T09:41:00+05:30,25467.1,25469.2,25460.6,25465.15,0
2025-07-07T09:42:00+05:30,25464.3,25468.5,25464.3,25464.85,0
2025-07-07T09:43:00+05:30,25462.1,25462.25,25448.7,25451.85,0
2025-07-07T09:44:00+05:30,25452.0,25452.5,25446.7,25451.9,0
2025-07-07T09:45:00+05:30,25451.8,25452.95,25445.7,25449.85,0
2025-07-07T09:46:00+05:30,25449.9,25451.15,25444.85,25448.35,0
2025-07-07T09:47:00+05:30,25448.6,25449.85,25443.65,25443.85,0
2025-07-07T09:48:00+05:30,25444.5,25447.75,25440.95,25446.7,0
2025-07-07T09:49:00+05:30,25446.5,25450.3,25445.05,25446.65,0
2025-07-07T09:50:00+05:30,25446.8,25446.8,25440.8,25443.05,0
2025-07-07T09:51:00+05:30,25443.15,25444.4,25438.9,25440.95,0
2025-07-07T09:52:00+05:30,25441.3,25443.4,25439.8,25441.75,0
2025-07-07T09:53:00+05:30,25441.5,25457.5,25441.5,25457.0,0
2025-07-07T09:54:00+05:30,25456.95,25466.6,25456.45,25465.65,0
2025-07-07T09:55:00+05:30,25465.95,25473.3,25465.15,25470.2,0
2025-07-07T09:56:00+05:30,25470.8,25471.5,25469.1,25470.05,0
2025-07-07T09:57:00+05:30,25469.6,25473.15,25468.9,25471.75,0
2025-07-07T09:58:00+05:30,25470.05,25470.35,25461.45,25461.45,0
2025-07-07T09:59:00+05:30,25460.8,25463.65,25459.0,25462.1,0
2025-07-07T10:00:00+05:30,25461.5,25469.3,25461.4,25467.8,0
2025-07-07T10:01:00+05:30,25467.4,25467.95,25458.6,25460.2,0
2025-07-07T10:02:00+05:30,25461.3,25463.7,25459.55,25462.2,0
2025-07-07T10:03:00+05:30,25461.75,25467.5,25460.35,25464.3,0
2025-07-07T10:04:00+05:30,25464.2,25467.05,25457.2,25457.35,0
2025-07-07T10:05:00+05:30,25457.65,25457.75,25446.8,25446.8,0
2025-07-07T10:06:00+05:30,25446.45,25448.15,25431.25,25431.25,0
2025-07-07T10:07:00+05:30,25431.05,25439.3,25430.6,25434.35,0
2025-07-07T10:08:00+05:30,25436.1,25437.8,25422.55,25425.6,0
2025-07-07T10:09:00+05:30,25426.9,25426.9,25417.05,25422.0,0
2025-07-07T10:10:00+05:30,25421.95,25429.1,25417.25,25426.9,0
2025-07-07T10:11:00+05:30,25426.65,25428.25,25421.6,25428.25,0
2025-07-07T10:12:00+05:30,25426.85,25428.6,25422.8,25428.1,0
2025-07-07T10:13:00+05:30,25427.5,25438.85,25425.8,25438.15,0
2025-07-07T10:14:00+05:30,25437.85,25439.55,25435.4,25436.1,0
2025-07-07T10:15:00+05:30,25434.9,25439.3,25434.05,25438.9,0
2025-07-07T10:16:00+05:30,25439.5,25446.25,25438.8,25445.1,0
2025-07-07T10:17:00+05:30,25444.35,25445.05,25434.85,25435.65,0
2025-07-07T10:18:00+05:30,25436.05,25436.85,25431.7,25434.55,0
2025-07-07T10:19:00+05:30,25434.5,25435.35,25427.45,25430.6,0
2025-07-07T10:20:00+05:30,25430.45,25433.7,25429.55,25432.55,0
2025-07-07T10:21:00+05:30,25432.65,25437.0,25431.7,25436.55,0
2025-07-07T10:22:00+05:30,25436.2,25438.65,25433.7,25436.65,0
2025-07-07T10:23:00+05:30,25436.8,25442.5,25434.6,25441.5,0
2025-07-07T10:24:00+05:30,25441.75,25443.1,25436.6,25438.15,0
2025-07-07T10:25:00+05:30,25437.8,25443.7,25436.9,25443.7,0
2025-07-07T10:26:00+05:30,25443.3,25444.65,25432.7,25434.7,0
2025-07-07T10:27:00+05:30,25433.25,25440.35,25433.05,25440.2,0
2025-07-07T10:28:00+05:30,25439.85,25442.2,25437.3,25439.15,0
2025-07-07T10:29:00+05:30,25439.05,25439.8,25434.0,25435.4,0
2025-07-07T10:30:00+05:30,25435.55,25438.6,25434.25,25436.25,0
2025-07-07T10:31:00+05:30,25436.65,25445.0,25435.4,25442.9,0
2025-07-07T10:32:00+05:30,25442.5,25444.1,25441.4,25442.55,0
2025-07-07T10:33:00+05:30,25442.5,25452.7,25442.5,25450.95,0
2025-07-07T10:34:00+05:30,25451.45,25451.7,25443.3,25443.5,0
2025-07-07T10:35:00+05:30,25442.65,25444.7,25435.6,25435.95,0
2025-07-07T10:36:00+05:30,25436.85,25439.2,25435.2,25436.75,0
2025-07-07T10:37:00+05:30,25437.9,25439.95,25435.7,25438.55,0
2025-07-07T10:38:00+05:30,25439.6,25445.25,25435.95,25437.65,0
2025-07-07T10:39:00+05:30,25437.6,25440.3,25434.8,25436.45,0
2025-07-07T10:40:00+05:30,25436.7,25444.15,25434.85,25442.85,0
2025-07-07T10:41:00+05:30,25443.25,25444.7,25438.55,25439.2,0
2025-07-07T10:42:00+05:30,25440.15,25455.4,25439.7,25454.1,0
2025-07-07T10:43:00+05:30,25453.65,25454.55,25448.95,25450.8,0
2025-07-07T10:44:00+05:30,25450.25,25453.65,25449.05,25449.4,0
2025-07-07T10:45:00+05:30,25450.3,25454.05,25449.15,25451.55,0
2025-07-07T10:46:00+05:30,25452.05,25453.0,25449.6,25450.65,0
2025-07-07T10:47:00+05:30,25450.7,25452.7,25449.65,25451.5,0
2025-07-07T10:48:00+05:30,25452.8,25459.1,25451.1,25458.5,0
2025-07-07T10:49:00+05:30,25458.2,25459.4,25447.55,25449.4,0
2025-07-07T10:50:00+05:30,25449.3,25451.45,25448.4,25451.05,0
2025-07-07T10:51:00+05:30,25451.4,25468.3,25449.5,25467.7,0
2025-07-07T10:52:00+05:30,25467.75,25468.45,25460.4,25461.2,0
2025-07-07T10:53:00+05:30,25461.3,25465.25,25459.55,25463.95,0
2025-07-07T10:54:00+05:30,25464.05,25465.05,25460.6,25461.85,0
2025-07-07T10:55:00+05:30,25462.45,25464.95,25459.4,25462.2,0
2025-07-07T10:56:00+05:30,25462.5,25463.2,25456.15,25461.2,0
2025-07-07T10:57:00+05:30,25461.45,25466.55,25459.35,25464.5,0
2025-07-07T10:58:00+05:30,25464.15,25469.15,25462.45,25466.3,0
2025-07-07T10:59:00+05:30,25466.15,25473.1,25463.0,25468.8,0
2025-07-07T11:00:00+05:30,25469.8,25478.0,25468.9,25474.35,0
2025-07-07T11:01:00+05:30,25474.1,25475.75,25471.25,25475.3,0
2025-07-07T11:02:00+05:30,25476.55,25478.75,25472.1,25474.45,0
2025-07-07T11:03:00+05:30,25473.1,25474.3,25468.8,25469.75,0
2025-07-07T11:04:00+05:30,25470.65,25472.25,25466.9,25467.75,0
2025-07-07T11:05:00+05:30,25468.45,25470.8,25465.8,25470.65,0
2025-07-07T11:06:00+05:30,25470.35,25473.1,25467.7,25469.45,0
2025-07-07T11:07:00+05:30,25470.7,25473.8,25468.95,25471.75,0
2025-07-07T11:08:00+05:30,25473.15,25473.45,25469.15,25470.15,0
2025-07-07T11:09:00+05:30,25470.85,25474.35,25469.2,25473.55,0
2025-07-07T11:10:00+05:30,25473.75,25473.75,25469.85,25469.95,0
2025-07-07T11:11:00+05:30,25471.05,25471.05,25456.8,25456.8,0
2025-07-07T11:12:00+05:30,25458.15,25458.15,25450.05,25456.7,0
2025-07-07T11:13:00+05:30,25457.2,25459.05,25454.85,25457.3,0
2025-07-07T11:14:00+05:30,25456.85,25458.8,25452.05,25457.7,0
2025-07-07T11:15:00+05:30,25458.9,25461.1,25456.2,25458.85,0
2025-07-07T11:16:00+05:30,25459.1,25461.65,25457.5,25461.0,0
2025-07-07T11:17:00+05:30,25460.85,25460.85,25454.4,25455.8,0
2025-07-07T11:18:00+05:30,25455.55,25457.75,25453.6,25457.65,0
2025-07-07T11:19:00+05:30,25458.0,25458.25,25453.9,25456.2,0
2025-07-07T11:20:00+05:30,25455.75,25457.5,25453.65,25454.15,0
2025-07-07T11:21:00+05:30,25454.1,25455.25,25451.1,25453.2,0
2025-07-07T11:22:00+05:30,25452.95,25456.7,25449.5,25449.8,0
2025-07-07T11:23:00+05:30,25449.3,25451.4,25447.15,25450.15,0
2025-07-07T11:24:00+05:30,25450.85,25452.45,25448.6,25452.45,0
2025-07-07T11:25:00+05:30,25452.1,25455.3,25450.85,25451.55,0
2025-07-07T11:26:00+05:30,25450.15,25452.8,25448.5,25450.7,0
2025-07-07T11:27:00+05:30,25450.35,25454.25,25447.8,25452.45,0
2025-07-07T11:28:00+05:30,25454.1,25455.1,25451.3,25452.45,0
2025-07-07T11:29:00+05:30,25452.05,25455.55,25451.0,25453.65,0
2025-07-07T11:30:00+05:30,25453.3,25455.35,25451.9,25453.4,0
2025-07-07T11:31:00+05:30,25454.15,25454.3,25446.8,25450.3,0
2025-07-07T11:32:00+05:30,25450.5,25452.85,25449.0,25452.25,0
2025-07-07T11:33:00+05:30,25451.8,25452.7,25449.25,25449.8,0
2025-07-07T11:34:00+05:30,25450.65,25453.7,25448.85,25451.3,0
2025-07-07T11:35:00+05:30,25451.8,25453.65,25447.3,25449.45,0
2025-07-07T11:36:00+05:30,25449.35,25453.3,25447.85,25452.4,0
2025-07-07T11:37:00+05:30,25452.05,25453.05,25448.6,25451.4,0
2025-07-07T11:38:00+05:30,25451.25,25454.35,25449.4,25453.65,0
2025-07-07T11:39:00+05:30,25454.5,25454.95,25448.75,25450.55,0
2025-07-07T11:40:00+05:30,25450.85,25452.4,25449.15,25451.4,0
2025-07-07T11:41:00+05:30,25451.25,25452.45,25449.25,25452.2,0
2025-07-07T11:42:00+05:30,25452.25,25456.25,25450.8,25454.7,0
2025-07-07T11:43:00+05:30,25454.8,25455.2,25449.75,25449.75,0
2025-07-07T11:44:00+05:30,25450.1,25454.0,25449.25,25452.4,0
2025-07-07T11:45:00+05:30,25453.0,25453.0,25450.15,25451.65,0
2025-07-07T11:46:00+05:30,25451.9,25453.0,25443.75,25445.25,0
2025-07-07T11:47:00+05:30,25444.25,25444.6,25436.4,25436.65,0
2025-07-07T11:48:00+05:30,25437.05,25439.8,25435.75,25435.75,0
2025-07-07T11:49:00+05:30,25435.25,25440.25,25433.95,25438.05,0
2025-07-07T11:50:00+05:30,25438.15,25440.55,25436.25,25438.45,0
2025-07-07T11:51:00+05:30,25439.05,25441.15,25437.85,25437.95,0
2025-07-07T11:52:00+05:30,25438.0,25445.4,25436.3,25443.1,0
2025-07-07T11:53:00+05:30,25443.85,25444.95,25438.85,25440.0,0
2025-07-07T11:54:00+05:30,25440.5,25440.5,25436.15,25436.4,0
2025-07-07T11:55:00+05:30,25436.7,25441.1,25435.95,25439.4,0
2025-07-07T11:56:00+05:30,25439.85,25439.85,25435.25,25438.25,0
2025-07-07T11:57:00+05:30,25438.05,25439.55,25434.4,25436.55,0
2025-07-07T11:58:00+05:30,25437.1,25440.6,25436.85,25439.6,0
2025-07-07T11:59:00+05:30,25438.7,25442.2,25437.15,25439.0,0
2025-07-07T12:00:00+05:30,25439.05,25443.8,25438.45,25440.55,0
2025-07-07T12:01:00+05:30,25440.6,25441.85,25434.45,25435.35,0
2025-07-07T12:02:00+05:30,25434.85,25435.3,25428.1,25433.55,0
2025-07-07T12:03:00+05:30,25433.05,25436.55,25433.0,25433.3,0
2025-07-07T12:04:00+05:30,25433.5,25433.7,25431.15,25432.05,0
2025-07-07T12:05:00+05:30,25432.15,25433.3,25430.65,25432.3,0
2025-07-07T12:06:00+05:30,25432.15,25433.15,25428.55,25431.9,0
2025-07-07T12:07:00+05:30,25432.45,25436.8,25431.55,25432.8,0
2025-07-07T12:08:00+05:30,25431.5,25434.4,25428.75,25431.6,0
2025-07-07T12:09:00+05:30,25431.5,25432.95,25429.3,25432.05,0
2025-07-07T12:10:00+05:30,25432.35,25432.8,25425.2,25429.2,0
2025-07-07T12:11:00+05:30,25428.55,25432.95,25427.35,25431.75,0
2025-07-07T12:12:00+05:30,25432.45,25433.25,25428.05,25430.05,0
2025-07-07T12:13:00+05:30,25429.95,25432.25,25428.25,25430.1,0
2025-07-07T12:14:00+05:30,25429.05,25431.5,25429.0,25430.25,0
2025-07-07T12:15:00+05:30,25430.55,25431.35,25423.15,25426.45,0
2025-07-07T12:16:00+05:30,25426.3,25428.85,25424.6,25427.35,0
2025-07-07T12:17:00+05:30,25427.45,25428.55,25421.25,25422.4,0
2025-07-07T12:18:00+05:30,25422.15,25427.95,25421.6,25427.65,0
2025-07-07T12:19:00+05:30,25427.2,25432.85,25425.9,25432.4,0
2025-07-07T12:20:00+05:30,25432.55,25434.75,25430.15,25434.75,0
2025-07-07T12:21:00+05:30,25434.05,25441.55,25432.15,25440.95,0
2025-07-07T12:22:00+05:30,25439.65,25443.0,25439.55,25441.45,0
2025-07-07T12:23:00+05:30,25441.55,25443.35,25439.55,25442.3,0
2025-07-07T12:24:00+05:30,25441.4,25447.25,25441.1,25444.8,0
2025-07-07T12:25:00+05:30,25445.85,25452.85,25444.75,25450.45,0
2025-07-07T12:26:00+05:30,25449.45,25450.75,25446.95,25448.1,0
2025-07-07T12:27:00+05:30,25447.1,25449.4,25446.7,25449.25,0
2025-07-07T12:28:00+05:30,25448.55,25450.4,25446.75,25447.5,0
2025-07-07T12:29:00+05:30,25447.6,25449.15,25445.3,25448.0,0
2025-07-07T12:30:00+05:30,25447.5,25453.25,25446.6,25450.65,0
2025-07-07T12:31:00+05:30,25450.9,25451.65,25448.45,25448.95,0
2025-07-07T12:32:00+05:30,25448.6,25449.95,25446.25,25449.9,0
2025-07-07T12:33:00+05:30,25448.85,25450.1,25445.5,25447.5,0
2025-07-07T12:34:00+05:30,25446.4,25449.45,25445.9,25447.55,0
2025-07-07T12:35:00+05:30,25446.85,25448.05,25442.9,25444.45,0
2025-07-07T12:36:00+05:30,25443.7,25446.7,25442.55,25445.05,0
2025-07-07T12:37:00+05:30,25444.05,25445.7,25442.55,25443.85,0
2025-07-07T12:38:00+05:30,25443.25,25447.4,25442.65,25446.7,0
2025-07-07T12:39:00+05:30,25445.15,25446.95,25443.2,25444.65,0
2025-07-07T12:40:00+05:30,25443.3,25446.45,25441.85,25445.25,0
2025-07-07T12:41:00+05:30,25444.4,25448.3,25443.85,25445.2,0
2025-07-07T12:42:00+05:30,25443.95,25447.65,25443.35,25445.15,0
2025-07-07T12:43:00+05:30,25444.9,25447.45,25441.95,25444.9,0
2025-07-07T12:44:00+05:30,25444.4,25450.3,25443.35,25450.2,0
2025-07-07T12:45:00+05:30,25448.9,25450.5,25444.1,25445.6,0
2025-07-07T12:46:00+05:30,25444.85,25445.95,25442.1,25444.35,0
2025-07-07T12:47:00+05:30,25443.55,25445.55,25440.55,25443.55,0
2025-07-07T12:48:00+05:30,25443.65,25444.0,25435.4,25439.8,0
2025-07-07T12:49:00+05:30,25439.35,25442.1,25436.65,25442.1,0
2025-07-07T12:50:00+05:30,25440.7,25441.9,25437.3,25440.7,0
2025-07-07T12:51:00+05:30,25439.95,25444.4,25439.6,25441.95,0
2025-07-07T12:52:00+05:30,25440.85,25445.8,25440.25,25443.0,0
2025-07-07T12:53:00+05:30,25443.1,25445.15,25441.5,25444.35,0
2025-07-07T12:54:00+05:30,25443.4,25446.3,25442.45,25445.85,0
2025-07-07T12:55:00+05:30,25444.75,25447.25,25443.35,25446.35,0
2025-07-07T12:56:00+05:30,25446.0,25446.0,25440.75,25442.5,0
2025-07-07T12:57:00+05:30,25441.95,25442.5,25434.9,25436.45,0
2025-07-07T12:58:00+05:30,25434.7,25436.75,25426.8,25429.2,0
2025-07-07T12:59:00+05:30,25428.35,25429.05,25421.25,25425.85,0
2025-07-07T13:00:00+05:30,25423.85,25424.45,25417.15,25422.65,0
2025-07-07T13:01:00+05:30,25421.65,25425.75,25420.25,25425.75,0
2025-07-07T13:02:00+05:30,25424.55,25427.2,25422.35,25426.25,0
2025-07-07T13:03:00+05:30,25425.8,25432.0,25425.0,25431.6,0
2025-07-07T13:04:00+05:30,25430.85,25435.5,25430.25,25431.55,0
2025-07-07T13:05:00+05:30,25430.75,25433.05,25430.2,25431.7,0
2025-07-07T13:06:00+05:30,25431.5,25434.4,25430.6,25434.1,0
2025-07-07T13:07:00+05:30,25433.5,25434.75,25430.75,25434.1,0
2025-07-07T13:08:00+05:30,25432.5,25436.95,25432.5,25435.65,0
2025-07-07T13:09:00+05:30,25434.75,25443.05,25434.1,25441.95,0
2025-07-07T13:10:00+05:30,25441.2,25444.65,25438.85,25442.7,0
2025-07-07T13:11:00+05:30,25441.1,25451.15,25439.25,25450.7,0
2025-07-07T13:12:00+05:30,25449.6,25455.35,25449.2,25450.95,0
2025-07-07T13:13:00+05:30,25449.8,25450.65,25443.7,25446.15,0
2025-07-07T13:14:00+05:30,25445.8,25449.1,25444.2,25448.8,0
2025-07-07T13:15:00+05:30,25447.6,25449.75,25446.1,25449.7,0
2025-07-07T13:16:00+05:30,25448.6,25451.0,25446.6,25447.35,0
2025-07-07T13:17:00+05:30,25447.05,25450.9,25446.55,25450.2,0
2025-07-07T13:18:00+05:30,25449.05,25459.0,25447.7,25459.0,0
2025-07-07T13:19:00+05:30,25457.5,25460.4,25455.6,25457.5,0
2025-07-07T13:20:00+05:30,25456.1,25458.65,25455.45,25456.8,0
2025-07-07T13:21:00+05:30,25455.85,25459.3,25455.5,25457.6,0
2025-07-07T13:22:00+05:30,25456.85,25458.75,25455.1,25456.95,0
2025-07-07T13:23:00+05:30,25455.35,25458.25,25453.3,25455.85,0
2025-07-07T13:24:00+05:30,25454.8,25457.9,25453.6,25456.05,0
2025-07-07T13:25:00+05:30,25455.1,25458.2,25453.95,25456.25,0
2025-07-07T13:26:00+05:30,25454.25,25457.0,25451.9,25454.75,0
2025-07-07T13:27:00+05:30,25454.5,25458.1,25454.35,25456.55,0
2025-07-07T13:28:00+05:30,25454.25,25457.15,25451.55,25452.35,0
2025-07-07T13:29:00+05:30,25452.3,25453.55,25444.25,25447.85,0
2025-07-07T13:30:00+05:30,25446.15,25448.5,25444.05,25447.7,0
2025-07-07T13:31:00+05:30,25447.05,25450.65,25444.8,25449.15,0
2025-07-07T13:32:00+05:30,25448.85,25450.85,25446.35,25450.75,0
2025-07-07T13:33:00+05:30,25449.6,25452.8,25448.9,25451.25,0
2025-07-07T13:34:00+05:30,25450.0,25453.1,25449.0,25451.2,0
2025-07-07T13:35:00+05:30,25450.25,25453.65,25449.2,25452.7,0
2025-07-07T13:36:00+05:30,25451.45,25454.15,25447.85,25450.85,0
2025-07-07T13:37:00+05:30,25448.6,25451.6,25447.5,25450.7,0
2025-07-07T13:38:00+05:30,25449.35,25452.65,25448.6,25451.55,0
2025-07-07T13:39:00+05:30,25450.95,25452.2,25448.2,25450.2,0
2025-07-07T13:40:00+05:30,25449.25,25453.6,25448.95,25451.25,0
2025-07-07T13:41:00+05:30,25450.5,25453.05,25449.65,25451.7,0
2025-07-07T13:42:00+05:30,25450.7,25452.5,25444.35,25446.4,0
2025-07-07T13:43:00+05:30,25445.6,25448.5,25444.8,25447.6,0
2025-07-07T13:44:00+05:30,25447.15,25454.0,25447.15,25452.75,0
2025-07-07T13:45:00+05:30,25451.85,25456.25,25451.25,25455.8,0
2025-07-07T13:46:00+05:30,25454.65,25456.2,25452.25,25455.1,0
2025-07-07T13:47:00+05:30,25453.85,25457.45,25451.75,25455.35,0
2025-07-07T13:48:00+05:30,25455.25,25457.55,25453.9,25456.8,0
2025-07-07T13:49:00+05:30,25456.6,25458.1,25453.8,25457.2,0
2025-07-07T13:50:00+05:30,25456.4,25457.95,25454.35,25454.45,0
2025-07-07T13:51:00+05:30,25454.0,25458.35,25453.25,25453.8,0
2025-07-07T13:52:00+05:30,25452.05,25453.6,25438.7,25441.1,0
2025-07-07T13:53:00+05:30,25440.25,25444.9,25439.55,25444.0,0
2025-07-07T13:54:00+05:30,25443.05,25447.0,25439.55,25447.0,0
2025-07-07T13:55:00+05:30,25446.8,25452.2,25445.65,25451.95,0
2025-07-07T13:56:00+05:30,25451.55,25455.95,25450.5,25452.45,0
2025-07-07T13:57:00+05:30,25451.95,25453.4,25450.2,25451.15,0
2025-07-07T13:58:00+05:30,25450.55,25455.1,25448.15,25454.0,0
2025-07-07T13:59:00+05:30,25452.6,25454.15,25447.55,25449.2,0
2025-07-07T14:00:00+05:30,25448.8,25450.95,25446.8,25449.65,0
2025-07-07T14:01:00+05:30,25447.85,25453.8,25446.85,25452.3,0
2025-07-07T14:02:00+05:30,25452.65,25458.15,25451.5,25457.0,0
2025-07-07T14:03:00+05:30,25456.3,25465.0,25454.95,25464.35,0
2025-07-07T14:04:00+05:30,25463.4,25467.8,25460.8,25463.15,0
2025-07-07T14:05:00+05:30,25462.1,25467.8,25460.8,25467.2,0
2025-07-07T14:06:00+05:30,25465.6,25467.25,25461.45,25461.5,0
2025-07-07T14:07:00+05:30,25460.95,25461.1,25455.95,25458.95,0
2025-07-07T14:08:00+05:30,25458.15,25461.45,25456.55,25458.65,0
2025-07-07T14:09:00+05:30,25459.7,25460.65,25455.5,25456.4,0
2025-07-07T14:10:00+05:30,25456.25,25458.4,25453.05,25456.9,0
2025-07-07T14:11:00+05:30,25457.1,25459.0,25455.45,25456.2,0
2025-07-07T14:12:00+05:30,25455.8,25461.3,25454.6,25455.35,0
2025-07-07T14:13:00+05:30,25454.7,25456.4,25450.45,25454.1,0
2025-07-07T14:14:00+05:30,25454.15,25457.45,25451.2,25452.05,0
2025-07-07T14:15:00+05:30,25453.6,25453.9,25449.45,25452.5,0
2025-07-07T14:16:00+05:30,25451.25,25458.0,25451.25,25454.75,0
2025-07-07T14:17:00+05:30,25454.4,25456.05,25451.4,25454.4,0
2025-07-07T14:18:00+05:30,25453.85,25456.7,25450.9,25455.5,0
2025-07-07T14:19:00+05:30,25455.3,25458.6,25454.6,25457.75,0
2025-07-07T14:20:00+05:30,25457.4,25460.05,25455.35,25458.35,0
2025-07-07T14:21:00+05:30,25458.45,25459.2,25455.15,25458.2,0
2025-07-07T14:22:00+05:30,25457.1,25462.55,25457.1,25462.3,0
2025-07-07T14:23:00+05:30,25461.65,25463.15,25459.55,25461.85,0
2025-07-07T14:24:00+05:30,25461.75,25465.25,25459.45,25459.45,0
2025-07-07T14:25:00+05:30,25460.3,25461.5,25457.05,25460.5,0
2025-07-07T14:26:00+05:30,25460.4,25462.2,25457.3,25458.55,0
2025-07-07T14:27:00+05:30,25459.65,25461.9,25456.4,25460.2,0
2025-07-07T14:28:00+05:30,25460.15,25463.35,25456.85,25457.25,0
2025-07-07T14:29:00+05:30,25458.0,25458.55,25452.2,25453.15,0
2025-07-07T14:30:00+05:30,25452.95,25456.2,25451.4,25451.8,0
2025-07-07T14:31:00+05:30,25452.45,25452.7,25415.85,25420.05,0
2025-07-07T14:32:00+05:30,25418.1,25442.0,25418.1,25440.45,0
2025-07-07T14:33:00+05:30,25440.65,25441.45,25431.0,25432.75,0
2025-07-07T14:34:00+05:30,25433.1,25438.85,25429.5,25437.4,0
2025-07-07T14:35:00+05:30,25436.95,25438.85,25432.0,25436.8,0
2025-07-07T14:36:00+05:30,25436.75,25439.2,25434.25,25437.7,0
2025-07-07T14:37:00+05:30,25438.4,25440.85,25432.85,25434.9,0
2025-07-07T14:38:00+05:30,25433.95,25439.35,25430.55,25430.85,0
2025-07-07T14:39:00+05:30,25431.4,25434.25,25428.1,25429.85,0
2025-07-07T14:40:00+05:30,25430.45,25432.1,25424.65,25429.35,0
2025-07-07T14:41:00+05:30,25429.8,25433.7,25425.5,25430.85,0
2025-07-07T14:42:00+05:30,25430.75,25432.15,25422.95,25426.7,0
2025-07-07T14:43:00+05:30,25426.1,25428.75,25421.3,25428.4,0
2025-07-07T14:44:00+05:30,25428.25,25429.0,25422.9,25425.25,0
2025-07-07T14:45:00+05:30,25425.65,25427.55,25421.5,25424.05,0
2025-07-07T14:46:00+05:30,25425.1,25428.3,25422.65,25426.55,0
2025-07-07T14:47:00+05:30,25426.5,25429.55,25423.35,25425.95,0
2025-07-07T14:48:00+05:30,25425.7,25427.95,25421.55,25423.05,0
2025-07-07T14:49:00+05:30,25423.2,25427.75,25419.55,25423.55,0
2025-07-07T14:50:00+05:30,25424.7,25427.95,25421.6,25424.45,0
2025-07-07T14:51:00+05:30,25425.25,25428.3,25422.35,25423.95,0
2025-07-07T14:52:00+05:30,25423.75,25427.9,25422.1,25425.2,0
2025-07-07T14:53:00+05:30,25426.4,25430.55,25424.05,25427.6,0
2025-07-07T14:54:00+05:30,25427.35,25428.7,25423.7,25424.7,0
2025-07-07T14:55:00+05:30,25426.05,25427.5,25421.55,25425.65,0
2025-07-07T14:56:00+05:30,25425.75,25436.85,25425.75,25436.5,0
2025-07-07T14:57:00+05:30,25437.25,25438.2,25431.4,25437.5,0
2025-07-07T14:58:00+05:30,25436.3,25442.3,25433.55,25440.35,0
2025-07-07T14:59:00+05:30,25439.8,25442.95,25437.35,25441.25,0
2025-07-07T15:00:00+05:30,25442.4,25457.2,25441.65,25456.55,0
2025-07-07T15:01:00+05:30,25456.5,25458.95,25454.2,25458.15,0
2025-07-07T15:02:00+05:30,25457.55,25462.5,25457.55,25461.7,0
2025-07-07T15:03:00+05:30,25461.5,25464.25,25460.85,25462.4,0
2025-07-07T15:04:00+05:30,25462.9,25462.9,25454.0,25456.2,0
2025-07-07T15:05:00+05:30,25456.0,25460.45,25455.35,25457.35,0
2025-07-07T15:06:00+05:30,25458.0,25459.65,25455.3,25457.0,0
2025-07-07T15:07:00+05:30,25457.35,25458.3,25453.65,25453.9,0
2025-07-07T15:08:00+05:30,25453.85,25457.0,25452.4,25455.0,0
2025-07-07T15:09:00+05:30,25455.15,25466.0,25455.15,25466.0,0
2025-07-07T15:10:00+05:30,25466.5,25466.6,25460.05,25462.8,0
2025-07-07T15:11:00+05:30,25462.65,25463.8,25457.6,25457.75,0
2025-07-07T15:12:00+05:30,25459.5,25462.5,25457.65,25460.55,0
2025-07-07T15:13:00+05:30,25460.3,25461.8,25456.45,25458.3,0
2025-07-07T15:14:00+05:30,25457.5,25460.3,25456.15,25459.95,0
2025-07-07T15:15:00+05:30,25459.8,25461.75,25456.8,25460.1,0
2025-07-07T15:16:00+05:30,25460.05,25461.3,25456.3,25458.8,0
2025-07-07T15:17:00+05:30,25458.1,25460.8,25456.75,25458.2,0
2025-07-07T15:18:00+05:30,25458.6,25460.85,25455.6,25459.7,0
2025-07-07T15:19:00+05:30,25459.45,25461.45,25457.0,25457.3,0
2025-07-07T15:20:00+05:30,25458.45,25462.85,25456.95,25461.85,0
2025-07-07T15:21:00+05:30,25461.5,25464.8,25459.0,25463.1,0
2025-07-07T15:22:00+05:30,25463.4,25464.4,25460.8,25464.0,0
2025-07-07T15:23:00+05:30,25463.75,25465.75,25460.7,25463.6,0
2025-07-07T15:24:00+05:30,25462.75,25466.75,25460.55,25463.0,0
2025-07-07T15:25:00+05:30,25465.1,25470.7,25463.55,25467.5,0
2025-07-07T15:26:00+05:30,25468.75,25473.2,25467.7,25470.35,0
2025-07-07T15:27:00+05:30,25471.05,25472.45,25465.75,25467.45,0
2025-07-07T15:28:00+05:30,25466.35,25469.1,25459.95,25463.3,0
2025-07-07T15:29:00+05:30,25459.35,25463.45,25453.35,25454.95,0
2025-07-08T09:15:00+05:30,25427.85,25457.4,25424.15,25449.8,0
2025-07-08T09:16:00+05:30,25449.6,25450.45,25432.9,25446.9,0
2025-07-08T09:17:00+05:30,25446.8,25464.4,25439.55,25455.3,0
2025-07-08T09:18:00+05:30,25457.4,25457.4,25444.25,25450.15,0
2025-07-08T09:19:00+05:30,25451.2,25457.15,25448.15,25457.15,0
2025-07-08T09:20:00+05:30,25457.5,25468.5,25456.95,25465.85,0
2025-07-08T09:21:00+05:30,25466.0,25476.35,25461.8,25476.1,0
2025-07-08T09:22:00+05:30,25474.95,25485.95,25473.8,25480.6,0
2025-07-08T09:23:00+05:30,25481.3,25481.55,25476.55,25480.65,0
2025-07-08T09:24:00+05:30,25480.1,25487.45,25479.25,25484.45,0
2025-07-08T09:25:00+05:30,25485.3,25488.35,25480.65,25483.6,0
2025-07-08T09:26:00+05:30,25482.9,25486.6,25478.2,25486.2,0
2025-07-08T09:27:00+05:30,25486.15,25490.15,25482.75,25485.05,0
2025-07-08T09:28:00+05:30,25485.15,25485.3,25476.9,25480.2,0
2025-07-08T09:29:00+05:30,25479.45,25480.1,25471.45,25474.4,0
2025-07-08T09:30:00+05:30,25475.9,25495.9,25475.25,25493.55,0
2025-07-08T09:31:00+05:30,25494.35,25494.35,25477.55,25478.2,0
2025-07-08T09:32:00+05:30,25478.95,25478.95,25472.95,25473.15,0
2025-07-08T09:33:00+05:30,25472.4,25477.05,25466.25,25469.45,0
2025-07-08T09:34:00+05:30,25468.95,25470.95,25464.65,25464.7,0
2025-07-08T09:35:00+05:30,25465.55,25468.8,25458.35,25468.8,0
2025-07-08T09:36:00+05:30,25468.65,25469.25,25463.5,25466.0,0
2025-07-08T09:37:00+05:30,25466.2,25470.0,25461.85,25467.15,0
2025-07-08T09:38:00+05:30,25467.7,25473.35,25466.55,25471.95,0
2025-07-08T09:39:00+05:30,25472.45,25472.8,25469.3,25470.9,0
2025-07-08T09:40:00+05:30,25470.7,25479.8,25468.8,25478.3,0
2025-07-08T09:41:00+05:30,25478.45,25484.3,25477.95,25480.75,0
2025-07-08T09:42:00+05:30,25482.35,25482.65,25478.05,25479.15,0
2025-07-08T09:43:00+05:30,25479.25,25481.65,25477.65,25479.2,0
2025-07-08T09:44:00+05:30,25478.55,25481.6,25471.25,25471.55,0
2025-07-08T09:45:00+05:30,25472.15,25473.9,25467.05,25473.05,0
2025-07-08T09:46:00+05:30,25474.05,25483.55,25473.55,25482.3,0
2025-07-08T09:47:00+05:30,25483.1,25484.85,25475.1,25476.25,0
2025-07-08T09:48:00+05:30,25476.4,25479.9,25474.4,25478.4,0
2025-07-08T09:49:00+05:30,25479.05,25480.85,25476.65,25478.9,0
2025-07-08T09:50:00+05:30,25479.45,25484.25,25478.1,25483.0,0
2025-07-08T09:51:00+05:30,25482.95,25484.6,25481.05,25483.65,0
2025-07-08T09:52:00+05:30,25483.55,25483.7,25472.1,25472.15,0
2025-07-08T09:53:00+05:30,25472.2,25474.1,25469.8,25471.7,0
2025-07-08T09:54:00+05:30,25471.95,25472.5,25469.15,25469.15,0
2025-07-08T09:55:00+05:30,25469.0,25470.0,25465.7,25466.6,0
2025-07-08T09:56:00+05:30,25466.9,25472.3,25465.1,25470.6,0
2025-07-08T09:57:00+05:30,25470.5,25472.85,25469.35,25469.35,0
2025-07-08T09:58:00+05:30,25468.6,25469.45,25459.55,25460.75,0
2025-07-08T09:59:00+05:30,25460.65,25461.55,25456.25,25458.05,0
2025-07-08T10:00:00+05:30,25458.7,25458.95,25446.05,25449.35,0
2025-07-08T10:01:00+05:30,25449.5,25462.45,25449.05,25462.3,0
2025-07-08T10:02:00+05:30,25462.7,25462.7,25456.7,25458.2,0
2025-07-08T10:03:00+05:30,25457.9,25459.3,25454.75,25454.75,0
2025-07-08T10:04:00+05:30,25454.55,25460.15,25454.55,25455.85,0
2025-07-08T10:05:00+05:30,25456.1,25456.2,25452.7,25452.7,0
2025-07-08T10:06:00+05:30,25452.95,25455.45,25450.7,25454.1,0
2025-07-08T10:07:00+05:30,25454.3,25458.4,25449.75,25450.2,0
2025-07-08T10:08:00+05:30,25450.25,25453.9,25449.7,25452.4,0
2025-07-08T10:09:00+05:30,25452.15,25452.9,25447.8,25448.0,0
2025-07-08T10:10:00+05:30,25448.45,25452.1,25446.35,25451.8,0
2025-07-08T10:11:00+05:30,25452.0,25453.1,25447.8,25448.7,0
2025-07-08T10:12:00+05:30,25448.35,25452.95,25447.9,25452.95,0
2025-07-08T10:13:00+05:30,25452.1,25453.6,25443.35,25443.85,0
2025-07-08T10:14:00+05:30,25444.0,25448.65,25442.95,25448.2,0
2025-07-08T10:15:00+05:30,25448.9,25451.2,25446.5,25448.25,0
2025-07-08T10:16:00+05:30,25446.85,25449.05,25441.75,25444.25,0
2025-07-08T10:17:00+05:30,25445.1,25447.25,25443.8,25445.25,0
2025-07-08T10:18:00+05:30,25445.85,25450.95,25444.7,25450.95,0
2025-07-08T10:19:00+05:30,25452.0,25460.55,25452.0,25459.95,0
2025-07-08T10:20:00+05:30,25459.5,25459.7,25456.5,25459.05,0
2025-07-08T10:21:00+05:30,25458.35,25458.8,25448.15,25448.25,0
2025-07-08T10:22:00+05:30,25448.35,25455.35,25446.3,25454.0,0
2025-07-08T10:23:00+05:30,25453.8,25454.9,25447.3,25447.95,0
2025-07-08T10:24:00+05:30,25448.4,25449.8,25445.6,25448.4,0
2025-07-08T10:25:00+05:30,25448.75,25451.8,25447.7,25450.35,0
2025-07-08T10:26:00+05:30,25449.5,25451.95,25448.35,25451.8,0
2025-07-08T10:27:00+05:30,25451.95,25452.85,25448.6,25450.4,0
2025-07-08T10:28:00+05:30,25450.05,25452.6,25448.2,25449.25,0
2025-07-08T10:29:00+05:30,25448.95,25451.6,25446.85,25449.1,0
2025-07-08T10:30:00+05:30,25449.45,25450.6,25445.9,25447.2,0
2025-07-08T10:31:00+05:30,25447.55,25447.9,25441.35,25441.65,0
2025-07-08T10:32:00+05:30,25441.25,25444.95,25439.8,25443.9,0
2025-07-08T10:33:00+05:30,25443.95,25448.15,25443.15,25445.45,0
2025-07-08T10:34:00+05:30,25444.55,25449.2,25442.05,25448.4,0
2025-07-08T10:35:00+05:30,25448.15,25452.55,25447.8,25452.55,0
2025-07-08T10:36:00+05:30,25451.85,25454.95,25450.4,25451.4,0
2025-07-08T10:37:00+05:30,25451.45,25453.5,25450.85,25451.8,0
2025-07-08T10:38:00+05:30,25451.85,25454.2,25449.3,25451.65,0
2025-07-08T10:39:00+05:30,25451.05,25453.2,25449.2,25450.5,0
2025-07-08T10:40:00+05:30,25450.6,25454.2,25448.85,25452.85,0
2025-07-08T10:41:00+05:30,25451.95,25455.55,25451.7,25454.8,0
2025-07-08T10:42:00+05:30,25453.9,25455.6,25451.4,25452.1,0
2025-07-08T10:43:00+05:30,25452.2,25453.5,25447.95,25449.65,0
2025-07-08T10:44:00+05:30,25447.8,25450.25,25445.6,25446.5,0
2025-07-08T10:45:00+05:30,25446.65,25448.45,25444.6,25446.15,0
2025-07-08T10:46:00+05:30,25446.85,25449.2,25443.55,25444.85,0
2025-07-08T10:47:00+05:30,25444.35,25444.95,25440.2,25442.3,0
2025-07-08T10:48:00+05:30,25442.55,25443.0,25436.45,25436.45,0
2025-07-08T10:49:00+05:30,25436.1,25436.9,25432.3,25435.05,0
2025-07-08T10:50:00+05:30,25434.95,25442.75,25432.55,25439.5,0
2025-07-08T10:51:00+05:30,25439.3,25444.05,25438.55,25440.65,0
2025-07-08T10:52:00+05:30,25442.45,25442.85,25439.2,25441.9,0
2025-07-08T10:53:00+05:30,25442.65,25443.2,25439.85,25442.4,0
2025-07-08T10:54:00+05:30,25442.95,25446.2,25441.15,25442.4,0
2025-07-08T10:55:00+05:30,25442.5,25445.05,25441.3,25445.05,0
2025-07-08T10:56:00+05:30,25445.2,25448.35,25443.8,25447.85,0
2025-07-08T10:57:00+05:30,25447.8,25448.4,25443.05,25445.25,0
2025-07-08T10:58:00+05:30,25445.5,25451.4,25444.35,25451.25,0
2025-07-08T10:59:00+05:30,25450.8,25453.6,25450.0,25451.35,0
2025-07-08T11:00:00+05:30,25451.45,25454.95,25447.75,25447.75,0
2025-07-08T11:01:00+05:30,25447.9,25447.9,25442.55,25443.3,0
2025-07-08T11:02:00+05:30,25442.95,25444.45,25440.9,25441.3,0
2025-07-08T11:03:00+05:30,25440.8,25442.2,25436.95,25437.7,0
2025-07-08T11:04:00+05:30,25437.95,25439.05,25436.35,25436.55,0
2025-07-08T11:05:00+05:30,25437.1,25439.85,25435.0,25438.1,0
2025-07-08T11:06:00+05:30,25437.4,25439.7,25434.45,25438.45,0
2025-07-08T11:07:00+05:30,25439.0,25440.6,25436.05,25436.05,0
2025-07-08T11:08:00+05:30,25436.45,25439.05,25433.95,25435.9,0
2025-07-08T11:09:00+05:30,25435.7,25436.95,25431.6,25431.85,0
2025-07-08T11:10:00+05:30,25431.8,25437.65,25431.05,25437.5,0
2025-07-08T11:11:00+05:30,25437.85,25443.15,25436.85,25441.3,0
2025-07-08T11:12:00+05:30,25441.25,25442.6,25438.2,25438.2,0
2025-07-08T11:13:00+05:30,25439.25,25439.9,25433.2,25435.8,0
2025-07-08T11:14:00+05:30,25435.85,25438.75,25435.1,25436.55,0
2025-07-08T11:15:00+05:30,25436.8,25439.4,25434.95,25438.45,0
2025-07-08T11:16:00+05:30,25438.2,25440.85,25437.55,25438.0,0
2025-07-08T11:17:00+05:30,25438.2,25439.9,25435.4,25438.7,0
2025-07-08T11:18:00+05:30,25439.0,25440.7,25434.7,25434.95,0
2025-07-08T11:19:00+05:30,25434.6,25437.8,25434.1,25437.65,0
2025-07-08T11:20:00+05:30,25437.25,25440.5,25436.55,25439.0,0
2025-07-08T11:21:00+05:30,25438.95,25439.1,25436.85,25438.3,0
2025-07-08T11:22:00+05:30,25438.6,25440.55,25436.75,25437.05,0
2025-07-08T11:23:00+05:30,25437.45,25437.65,25432.65,25435.2,0
2025-07-08T11:24:00+05:30,25434.25,25435.4,25432.7,25433.75,0
2025-07-08T11:25:00+05:30,25433.45,25438.25,25432.3,25436.35,0
2025-07-08T11:26:00+05:30,25436.5,25439.1,25434.25,25437.2,0
2025-07-08T11:27:00+05:30,25437.8,25439.35,25435.6,25439.25,0
2025-07-08T11:28:00+05:30,25438.35,25439.8,25436.85,25439.15,0
2025-07-08T11:29:00+05:30,25438.85,25445.95,25437.3,25445.95,0
2025-07-08T11:30:00+05:30,25445.85,25455.3,25444.25,25454.25,0
2025-07-08T11:31:00+05:30,25453.2,25455.5,25449.7,25450.95,0
2025-07-08T11:32:00+05:30,25450.4,25452.65,25448.55,25448.55,0
2025-07-08T11:33:00+05:30,25448.4,25449.55,25445.65,25447.95,0
2025-07-08T11:34:00+05:30,25447.15,25449.7,25446.0,25447.65,0
2025-07-08T11:35:00+05:30,25447.7,25448.5,25444.85,25444.85,0
2025-07-08T11:36:00+05:30,25444.45,25445.05,25441.35,25443.95,0
2025-07-08T11:37:00+05:30,25443.9,25443.95,25439.7,25441.15,0
2025-07-08T11:38:00+05:30,25441.65,25442.85,25439.9,25442.7,0
2025-07-08T11:39:00+05:30,25442.4,25443.55,25440.35,25441.25,0
2025-07-08T11:40:00+05:30,25441.4,25442.45,25439.15,25440.75,0
2025-07-08T11:41:00+05:30,25440.65,25440.65,25434.75,25437.5,0
2025-07-08T11:42:00+05:30,25437.1,25438.5,25435.35,25437.55,0
2025-07-08T11:43:00+05:30,25436.7,25439.05,25436.2,25437.15,0
2025-07-08T11:44:00+05:30,25437.55,25438.75,25435.1,25436.65,0
2025-07-08T11:45:00+05:30,25436.0,25440.1,25435.7,25436.85,0
2025-07-08T11:46:00+05:30,25436.45,25438.6,25433.7,25434.9,0
2025-07-08T11:47:00+05:30,25434.95,25437.95,25433.95,25437.55,0
2025-07-08T11:48:00+05:30,25437.15,25440.9,25436.35,25438.65,0
2025-07-08T11:49:00+05:30,25438.8,25444.15,25436.5,25440.85,0
2025-07-08T11:50:00+05:30,25440.95,25441.25,25434.25,25437.45,0
2025-07-08T11:51:00+05:30,25437.3,25446.3,25434.15,25445.4,0
2025-07-08T11:52:00+05:30,25445.25,25445.75,25442.0,25443.6,0
2025-07-08T11:53:00+05:30,25443.3,25444.4,25440.7,25443.45,0
2025-07-08T11:54:00+05:30,25443.2,25444.8,25442.35,25444.45,0
2025-07-08T11:55:00+05:30,25444.05,25446.65,25442.2,25444.1,0
2025-07-08T11:56:00+05:30,25444.25,25450.75,25443.95,25449.75,0
2025-07-08T11:57:00+05:30,25449.9,25453.1,25448.8,25453.1,0
2025-07-08T11:58:00+05:30,25452.25,25452.25,25447.1,25448.5,0
2025-07-08T11:59:00+05:30,25447.9,25450.45,25446.5,25449.55,0
2025-07-08T12:00:00+05:30,25447.85,25450.2,25446.6,25447.95,0
2025-07-08T12:01:00+05:30,25447.35,25450.25,25447.15,25449.6,0
2025-07-08T12:02:00+05:30,25449.15,25449.15,25445.4,25448.15,0
2025-07-08T12:03:00+05:30,25447.8,25450.45,25446.05,25449.7,0
2025-07-08T12:04:00+05:30,25448.55,25450.85,25447.6,25450.8,0
2025-07-08T12:05:00+05:30,25450.35,25456.7,25449.9,25456.15,0
2025-07-08T12:06:00+05:30,25456.2,25456.35,25453.6,25454.15,0
2025-07-08T12:07:00+05:30,25453.5,25455.35,25450.45,25455.05,0
2025-07-08T12:08:00+05:30,25454.25,25455.7,25452.05,25454.55,0
2025-07-08T12:09:00+05:30,25454.75,25460.5,25454.35,25459.0,0
2025-07-08T12:10:00+05:30,25458.95,25461.1,25454.4,25456.45,0
2025-07-08T12:11:00+05:30,25455.7,25457.0,25453.4,25454.6,0
2025-07-08T12:12:00+05:30,25454.65,25456.0,25452.0,25453.95,0
2025-07-08T12:13:00+05:30,25453.6,25454.15,25450.4,25451.3,0
2025-07-08T12:14:00+05:30,25451.95,25453.65,25449.9,25449.9,0
2025-07-08T12:15:00+05:30,25450.0,25453.95,25449.85,25452.1,0
2025-07-08T12:16:00+05:30,25451.5,25454.8,25450.8,25453.8,0
2025-07-08T12:17:00+05:30,25453.7,25453.7,25451.45,25452.4,0
2025-07-08T12:18:00+05:30,25452.05,25453.2,25450.4,25452.6,0
2025-07-08T12:19:00+05:30,25452.2,25456.55,25452.2,25453.3,0
2025-07-08T12:20:00+05:30,25453.8,25455.25,25451.9,25452.4,0
2025-07-08T12:21:00+05:30,25451.75,25454.65,25450.65,25452.05,0
2025-07-08T12:22:00+05:30,25451.6,25453.65,25449.4,25453.65,0
2025-07-08T12:23:00+05:30,25452.55,25459.4,25451.8,25457.0,0
2025-07-08T12:24:00+05:30,25456.75,25459.65,25456.15,25458.1,0
2025-07-08T12:25:00+05:30,25457.55,25467.3,25457.15,25465.55,0
2025-07-08T12:26:00+05:30,25467.0,25469.45,25464.95,25466.9,0
2025-07-08T12:27:00+05:30,25466.95,25470.55,25466.25,25468.05,0
2025-07-08T12:28:00+05:30,25467.45,25468.15,25464.65,25466.15,0
2025-07-08T12:29:00+05:30,25466.45,25467.4,25464.7,25466.15,0
2025-07-08T12:30:00+05:30,25465.35,25468.35,25464.15,25467.4,0
2025-07-08T12:31:00+05:30,25467.1,25470.5,25466.2,25469.65,0
2025-07-08T12:32:00+05:30,25469.4,25473.05,25468.65,25473.05,0
2025-07-08T12:33:00+05:30,25472.7,25474.85,25470.7,25474.85,0
2025-07-08T12:34:00+05:30,25475.4,25477.0,25472.45,25474.25,0
2025-07-08T12:35:00+05:30,25474.55,25477.55,25474.15,25476.35,0
2025-07-08T12:36:00+05:30,25476.15,25477.05,25471.6,25472.75,0
2025-07-08T12:37:00+05:30,25471.85,25477.55,25471.85,25476.75,0
2025-07-08T12:38:00+05:30,25476.0,25477.25,25470.75,25474.9,0
2025-07-08T12:39:00+05:30,25474.6,25475.75,25471.2,25473.6,0
2025-07-08T12:40:00+05:30,25473.05,25475.0,25464.5,25465.9,0
2025-07-08T12:41:00+05:30,25465.75,25465.75,25441.6,25443.7,0
2025-07-08T12:42:00+05:30,25442.85,25468.2,25442.85,25467.85,0
2025-07-08T12:43:00+05:30,25467.0,25471.45,25465.2,25470.55,0
2025-07-08T12:44:00+05:30,25470.45,25471.25,25467.0,25468.45,0
2025-07-08T12:45:00+05:30,25468.15,25474.1,25468.15,25473.2,0
2025-07-08T12:46:00+05:30,25472.7,25474.0,25470.35,25471.8,0
2025-07-08T12:47:00+05:30,25471.75,25472.55,25465.8,25466.95,0
2025-07-08T12:48:00+05:30,25467.4,25468.25,25464.9,25466.2,0
2025-07-08T12:49:00+05:30,25466.1,25471.65,25466.1,25471.05,0
2025-07-08T12:50:00+05:30,25470.4,25472.7,25469.7,25471.6,0
2025-07-08T12:51:00+05:30,25471.65,25472.3,25469.3,25471.15,0
2025-07-08T12:52:00+05:30,25471.6,25476.35,25471.0,25476.35,0
2025-07-08T12:53:00+05:30,25476.1,25477.65,25473.0,25474.35,0
2025-07-08T12:54:00+05:30,25474.0,25474.55,25471.85,25473.1,0
2025-07-08T12:55:00+05:30,25473.4,25477.0,25472.1,25475.05,0
2025-07-08T12:56:00+05:30,25474.5,25478.7,25474.2,25475.9,0
2025-07-08T12:57:00+05:30,25476.2,25477.45,25474.65,25475.85,0
2025-07-08T12:58:00+05:30,25476.05,25476.05,25472.1,25473.9,0
2025-07-08T12:59:00+05:30,25473.95,25475.2,25471.8,25473.65,0
2025-07-08T13:00:00+05:30,25472.5,25473.6,25467.45,25473.25,0
2025-07-08T13:01:00+05:30,25473.5,25476.4,25471.8,25476.4,0
2025-07-08T13:02:00+05:30,25475.95,25476.35,25471.2,25475.7,0
2025-07-08T13:03:00+05:30,25475.3,25475.3,25468.1,25468.45,0
2025-07-08T13:04:00+05:30,25468.35,25471.2,25466.8,25470.2,0
2025-07-08T13:05:00+05:30,25471.1,25472.2,25466.35,25470.45,0
2025-07-08T13:06:00+05:30,25470.0,25478.9,25470.0,25478.2,0
2025-07-08T13:07:00+05:30,25478.6,25480.25,25472.1,25473.3,0
2025-07-08T13:08:00+05:30,25473.1,25473.7,25470.7,25473.05,0
2025-07-08T13:09:00+05:30,25474.1,25474.2,25466.9,25469.2,0
2025-07-08T13:10:00+05:30,25469.6,25471.8,25468.5,25470.95,0
2025-07-08T13:11:00+05:30,25471.25,25472.15,25468.55,25470.5,0
2025-07-08T13:12:00+05:30,25470.6,25474.25,25469.65,25473.55,0
2025-07-08T13:13:00+05:30,25473.5,25473.65,25469.05,25471.2,0
2025-07-08T13:14:00+05:30,25472.05,25475.85,25471.05,25474.95,0
2025-07-08T13:15:00+05:30,25474.45,25476.8,25472.1,25472.1,0
2025-07-08T13:16:00+05:30,25472.25,25476.35,25471.4,25473.85,0
2025-07-08T13:17:00+05:30,25474.2,25477.35,25472.8,25473.25,0
2025-07-08T13:18:00+05:30,25473.7,25476.0,25472.75,25474.8,0
2025-07-08T13:19:00+05:30,25476.05,25477.4,25473.35,25475.9,0
2025-07-08T13:20:00+05:30,25475.8,25477.85,25473.9,25474.75,0
2025-07-08T13:21:00+05:30,25474.25,25476.4,25471.25,25471.4,0
2025-07-08T13:22:00+05:30,25471.0,25474.25,25469.25,25470.55,0
2025-07-08T13:23:00+05:30,25469.55,25472.1,25467.5,25470.5,0
2025-07-08T13:24:00+05:30,25470.3,25471.85,25467.7,25468.95,0
2025-07-08T13:25:00+05:30,25468.2,25469.9,25467.5,25468.25,0
2025-07-08T13:26:00+05:30,25468.35,25469.5,25464.5,25467.25,0
2025-07-08T13:27:00+05:30,25467.15,25468.05,25465.5,25466.25,0
2025-07-08T13:28:00+05:30,25466.05,25468.0,25465.25,25467.3,0
2025-07-08T13:29:00+05:30,25467.8,25474.05,25466.9,25473.45,0
2025-07-08T13:30:00+05:30,25473.35,25473.8,25470.25,25472.3,0
2025-07-08T13:31:00+05:30,25471.9,25471.9,25447.15,25447.55,0
2025-07-08T13:32:00+05:30,25448.1,25461.5,25447.95,25461.5,0
2025-07-08T13:33:00+05:30,25460.75,25462.9,25459.5,25461.35,0
2025-07-08T13:34:00+05:30,25462.05,25462.6,25458.95,25460.2,0
2025-07-08T13:35:00+05:30,25460.15,25461.2,25457.9,25459.15,0
2025-07-08T13:36:00+05:30,25459.05,25462.15,25458.2,25460.3,0
2025-07-08T13:37:00+05:30,25459.75,25462.35,25458.35,25461.35,0
2025-07-08T13:38:00+05:30,25461.05,25464.25,25460.2,25460.95,0
2025-07-08T13:39:00+05:30,25460.3,25461.0,25457.0,25458.7,0
2025-07-08T13:40:00+05:30,25459.6,25463.35,25457.85,25460.7,0
2025-07-08T13:41:00+05:30,25461.1,25465.4,25460.45,25462.8,0
2025-07-08T13:42:00+05:30,25462.75,25465.4,25461.85,25463.5,0
2025-07-08T13:43:00+05:30,25463.65,25470.9,25463.1,25469.2,0
2025-07-08T13:44:00+05:30,25469.1,25471.6,25468.85,25469.85,0
2025-07-08T13:45:00+05:30,25469.3,25474.9,25469.2,25473.25,0
2025-07-08T13:46:00+05:30,25473.1,25475.35,25471.75,25472.3,0
2025-07-08T13:47:00+05:30,25472.25,25475.6,25470.15,25474.6,0
2025-07-08T13:48:00+05:30,25473.25,25474.25,25470.55,25470.95,0
2025-07-08T13:49:00+05:30,25471.0,25473.7,25470.75,25472.35,0
2025-07-08T13:50:00+05:30,25472.0,25475.6,25471.15,25474.65,0
2025-07-08T13:51:00+05:30,25474.75,25475.7,25472.85,25473.0,0
2025-07-08T13:52:00+05:30,25473.1,25476.7,25472.1,25476.2,0
2025-07-08T13:53:00+05:30,25476.3,25478.8,25474.65,25476.3,0
2025-07-08T13:54:00+05:30,25476.9,25478.15,25474.8,25476.5,0
2025-07-08T13:55:00+05:30,25477.45,25478.4,25474.8,25474.8,0
2025-07-08T13:56:00+05:30,25475.15,25476.7,25472.8,25473.4,0
2025-07-08T13:57:00+05:30,25473.3,25475.55,25472.8,25472.85,0
2025-07-08T13:58:00+05:30,25472.55,25474.65,25472.15,25472.55,0
2025-07-08T13:59:00+05:30,25472.6,25477.9,25471.1,25475.15,0
2025-07-08T14:00:00+05:30,25475.35,25477.4,25472.55,25472.55,0
2025-07-08T14:01:00+05:30,25472.9,25476.7,25472.7,25472.7,0
2025-07-08T14:02:00+05:30,25473.5,25475.15,25471.55,25471.55,0
2025-07-08T14:03:00+05:30,25472.0,25473.8,25470.1,25470.25,0
2025-07-08T14:04:00+05:30,25471.55,25474.85,25469.7,25470.8,0
2025-07-08T14:05:00+05:30,25471.5,25474.05,25469.25,25469.25,0
2025-07-08T14:06:00+05:30,25469.3,25471.15,25466.15,25466.4,0
2025-07-08T14:07:00+05:30,25466.75,25470.65,25466.5,25468.85,0
2025-07-08T14:08:00+05:30,25469.25,25471.65,25468.3,25468.8,0
2025-07-08T14:09:00+05:30,25469.15,25473.6,25469.15,25470.95,0
2025-07-08T14:10:00+05:30,25471.3,25475.0,25471.25,25472.5,0
2025-07-08T14:11:00+05:30,25474.8,25474.8,25448.85,25450.35,0
2025-07-08T14:12:00+05:30,25450.45,25465.9,25450.45,25463.95,0
2025-07-08T14:13:00+05:30,25465.1,25465.95,25461.95,25461.95,0
2025-07-08T14:14:00+05:30,25462.75,25463.45,25460.0,25460.6,0
2025-07-08T14:15:00+05:30,25460.8,25461.9,25458.3,25458.6,0
2025-07-08T14:16:00+05:30,25459.55,25462.5,25456.85,25459.25,0
2025-07-08T14:17:00+05:30,25460.4,25463.05,25459.3,25460.35,0
2025-07-08T14:18:00+05:30,25461.8,25463.85,25459.9,25462.0,0
2025-07-08T14:19:00+05:30,25462.3,25463.95,25458.9,25459.8,0
2025-07-08T14:20:00+05:30,25459.95,25461.45,25455.65,25457.3,0
2025-07-08T14:21:00+05:30,25457.55,25460.8,25457.1,25457.95,0
2025-07-08T14:22:00+05:30,25457.75,25460.75,25457.75,25458.75,0
2025-07-08T14:23:00+05:30,25460.0,25460.75,25457.5,25460.1,0
2025-07-08T14:24:00+05:30,25459.9,25461.05,25456.85,25457.7,0
2025-07-08T14:25:00+05:30,25458.0,25461.8,25456.9,25457.8,0
2025-07-08T14:26:00+05:30,25458.2,25462.25,25458.0,25460.45,0
2025-07-08T14:27:00+05:30,25460.6,25464.3,25459.85,25461.45,0
2025-07-08T14:28:00+05:30,25462.1,25465.4,25460.5,25460.95,0
2025-07-08T14:29:00+05:30,25460.85,25463.9,25457.3,25457.35,0
2025-07-08T14:30:00+05:30,25457.65,25460.1,25456.6,25456.75,0
2025-07-08T14:31:00+05:30,25457.45,25464.9,25457.45,25461.05,0
2025-07-08T14:32:00+05:30,25462.05,25464.3,25461.3,25462.6,0
2025-07-08T14:33:00+05:30,25464.15,25464.95,25461.6,25463.15,0
2025-07-08T14:34:00+05:30,25463.35,25465.35,25461.55,25461.55,0
2025-07-08T14:35:00+05:30,25461.75,25466.15,25461.75,25462.55,0
2025-07-08T14:36:00+05:30,25462.95,25463.1,25447.6,25448.15,0
2025-07-08T14:37:00+05:30,25447.45,25457.0,25447.45,25454.65,0
2025-07-08T14:38:00+05:30,25456.65,25458.05,25453.85,25455.8,0
2025-07-08T14:39:00+05:30,25456.3,25458.35,25454.65,25454.65,0
2025-07-08T14:40:00+05:30,25456.05,25457.45,25454.3,25454.65,0
2025-07-08T14:41:00+05:30,25454.25,25456.85,25452.95,25453.05,0
2025-07-08T14:42:00+05:30,25454.65,25458.15,25452.8,25454.8,0
2025-07-08T14:43:00+05:30,25456.2,25459.1,25453.3,25453.3,0
2025-07-08T14:44:00+05:30,25454.6,25456.45,25452.25,25452.9,0
2025-07-08T14:45:00+05:30,25455.0,25455.5,25450.95,25450.95,0
2025-07-08T14:46:00+05:30,25451.7,25456.7,25450.75,25452.0,0
2025-07-08T14:47:00+05:30,25454.1,25457.35,25452.35,25455.55,0
2025-07-08T14:48:00+05:30,25456.8,25458.65,25454.4,25454.4,0
2025-07-08T14:49:00+05:30,25454.85,25459.05,25453.75,25455.55,0
2025-07-08T14:50:00+05:30,25457.25,25458.45,25455.25,25456.1,0
2025-07-08T14:51:00+05:30,25457.8,25461.35,25455.5,25458.0,0
2025-07-08T14:52:00+05:30,25460.45,25460.9,25456.35,25458.1,0
2025-07-08T14:53:00+05:30,25459.65,25459.65,25451.95,25453.6,0
2025-07-08T14:54:00+05:30,25456.7,25470.45,25454.4,25470.0,0
2025-07-08T14:55:00+05:30,25470.6,25474.0,25469.55,25469.7,0
2025-07-08T14:56:00+05:30,25472.4,25472.4,25468.85,25468.85,0
2025-07-08T14:57:00+05:30,25469.9,25476.0,25467.2,25471.95,0
2025-07-08T14:58:00+05:30,25475.25,25482.5,25473.9,25480.75,0
2025-07-08T14:59:00+05:30,25482.35,25486.25,25479.1,25482.3,0
2025-07-08T15:00:00+05:30,25483.55,25497.95,25476.85,25495.9,0
2025-07-08T15:01:00+05:30,25497.05,25504.45,25497.05,25498.75,0
2025-07-08T15:02:00+05:30,25498.8,25500.8,25497.05,25499.95,0
2025-07-08T15:03:00+05:30,25499.55,25505.75,25499.35,25504.1,0
2025-07-08T15:04:00+05:30,25503.95,25505.25,25502.5,25504.05,0
2025-07-08T15:05:00+05:30,25503.95,25510.9,25503.75,25510.4,0
2025-07-08T15:06:00+05:30,25510.25,25527.35,25509.85,25526.05,0
2025-07-08T15:07:00+05:30,25525.15,25529.35,25525.15,25526.2,0
2025-07-08T15:08:00+05:30,25526.95,25527.5,25513.9,25513.9,0
2025-07-08T15:09:00+05:30,25513.8,25529.7,25513.8,25528.0,0
2025-07-08T15:10:00+05:30,25527.5,25528.95,25520.55,25521.4,0
2025-07-08T15:11:00+05:30,25522.35,25523.3,25515.35,25520.65,0
2025-07-08T15:12:00+05:30,25520.4,25524.2,25520.1,25523.35,0
2025-07-08T15:13:00+05:30,25524.2,25539.05,25523.15,25536.45,0
2025-07-08T15:14:00+05:30,25535.95,25539.4,25534.85,25536.0,0
2025-07-08T15:15:00+05:30,25536.2,25540.1,25534.1,25538.4,0
2025-07-08T15:16:00+05:30,25537.9,25540.65,25525.1,25526.75,0
2025-07-08T15:17:00+05:30,25527.6,25538.8,25526.95,25538.75,0
2025-07-08T15:18:00+05:30,25539.3,25547.85,25536.65,25544.8,0
2025-07-08T15:19:00+05:30,25545.25,25548.05,25521.3,25523.0,0
2025-07-08T15:20:00+05:30,25522.35,25524.4,25517.3,25524.4,0
2025-07-08T15:21:00+05:30,25523.6,25524.85,25520.35,25521.9,0
2025-07-08T15:22:00+05:30,25521.8,25523.05,25520.45,25521.9,0
2025-07-08T15:23:00+05:30,25521.15,25523.15,25519.3,25522.95,0
2025-07-08T15:24:00+05:30,25522.05,25523.8,25517.95,25520.6,0
2025-07-08T15:25:00+05:30,25519.25,25534.85,25519.25,25534.25,0
2025-07-08T15:26:00+05:30,25533.45,25535.45,25528.05,25530.65,0
2025-07-08T15:27:00+05:30,25530.6,25530.8,25520.9,25523.35,0
2025-07-08T15:28:00+05:30,25522.75,25525.05,25521.5,25524.05,0
2025-07-08T15:29:00+05:30,25520.5,25528.85,25519.6,25523.1,0
2025-07-09T09:15:00+05:30,25514.6,25525.05,25492.55,25504.3,0
2025-07-09T09:16:00+05:30,25503.75,25503.75,25484.6,25488.6,0
2025-07-09T09:17:00+05:30,25488.8,25490.4,25483.3,25488.3,0
2025-07-09T09:18:00+05:30,25487.95,25499.5,25486.5,25494.0,0
2025-07-09T09:19:00+05:30,25493.35,25493.55,25486.3,25488.3,0
2025-07-09T09:20:00+05:30,25488.8,25492.3,25478.15,25490.6,0
2025-07-09T09:21:00+05:30,25491.0,25500.7,25490.4,25496.0,0
2025-07-09T09:22:00+05:30,25496.75,25498.8,25484.8,25488.05,0
2025-07-09T09:23:00+05:30,25488.15,25492.7,25484.55,25487.9,0
2025-07-09T09:24:00+05:30,25486.25,25489.5,25484.55,25487.45,0
2025-07-09T09:25:00+05:30,25487.7,25494.3,25487.05,25493.65,0
2025-07-09T09:26:00+05:30,25492.95,25493.55,25482.7,25484.05,0
2025-07-09T09:27:00+05:30,25483.85,25484.55,25478.05,25483.85,0
2025-07-09T09:28:00+05:30,25483.0,25485.45,25476.65,25481.1,0
2025-07-09T09:29:00+05:30,25481.35,25485.85,25481.35,25483.2,0
2025-07-09T09:30:00+05:30,25483.35,25486.4,25476.95,25477.65,0
2025-07-09T09:31:00+05:30,25477.05,25484.75,25472.05,25484.4,0
2025-07-09T09:32:00+05:30,25484.1,25492.2,25477.7,25478.7,0
2025-07-09T09:33:00+05:30,25479.85,25481.9,25476.15,25477.25,0
2025-07-09T09:34:00+05:30,25478.2,25488.3,25476.95,25488.25,0
2025-07-09T09:35:00+05:30,25488.8,25495.9,25487.6,25490.55,0
2025-07-09T09:36:00+05:30,25491.25,25492.7,25487.6,25492.05,0
2025-07-09T09:37:00+05:30,25491.9,25493.1,25488.65,25488.95,0
2025-07-09T09:38:00+05:30,25489.3,25493.5,25487.6,25493.35,0
2025-07-09T09:39:00+05:30,25492.9,25494.05,25490.8,25491.7,0
2025-07-09T09:40:00+05:30,25492.3,25492.7,25483.35,25484.5,0
2025-07-09T09:41:00+05:30,25485.0,25488.45,25483.95,25486.4,0
2025-07-09T09:42:00+05:30,25486.35,25486.35,25481.3,25482.3,0
2025-07-09T09:43:00+05:30,25482.1,25484.1,25480.65,25484.1,0
2025-07-09T09:44:00+05:30,25483.6,25485.6,25482.15,25483.85,0
2025-07-09T09:45:00+05:30,25482.0,25485.3,25477.65,25485.3,0
2025-07-09T09:46:00+05:30,25485.1,25490.55,25482.85,25485.35,0
2025-07-09T09:47:00+05:30,25485.75,25489.65,25483.95,25484.2,0
2025-07-09T09:48:00+05:30,25485.35,25486.9,25482.65,25486.9,0
2025-07-09T09:49:00+05:30,25486.7,25490.0,25485.55,25489.0,0
2025-07-09T09:50:00+05:30,25489.1,25491.2,25487.65,25490.95,0
2025-07-09T09:51:00+05:30,25490.8,25491.25,25486.8,25487.7,0
2025-07-09T09:52:00+05:30,25487.95,25490.75,25486.5,25490.3,0
2025-07-09T09:53:00+05:30,25490.6,25495.9,25490.2,25495.9,0
2025-07-09T09:54:00+05:30,25496.35,25497.0,25491.3,25491.6,0
2025-07-09T09:55:00+05:30,25491.1,25494.4,25489.75,25492.95,0
2025-07-09T09:56:00+05:30,25493.5,25507.2,25493.4,25507.0,0
2025-07-09T09:57:00+05:30,25505.7,25514.7,25505.7,25509.05,0
2025-07-09T09:58:00+05:30,25508.55,25516.3,25508.45,25515.75,0
2025-07-09T09:59:00+05:30,25516.15,25519.15,25513.8,25517.4,0
2025-07-09T10:00:00+05:30,25516.0,25519.45,25512.65,25512.8,0
2025-07-09T10:01:00+05:30,25512.05,25512.7,25505.5,25507.65,0
2025-07-09T10:02:00+05:30,25506.75,25510.75,25506.75,25507.65,0
2025-07-09T10:03:00+05:30,25507.3,25511.7,25507.3,25510.35,0
2025-07-09T10:04:00+05:30,25510.4,25510.7,25504.45,25504.65,0
2025-07-09T10:05:00+05:30,25504.5,25510.15,25504.25,25509.55,0
2025-07-09T10:06:00+05:30,25509.25,25510.95,25507.5,25508.25,0
2025-07-09T10:07:00+05:30,25507.9,25509.85,25503.6,25506.35,0
2025-07-09T10:08:00+05:30,25506.1,25511.4,25506.05,25511.4,0
2025-07-09T10:09:00+05:30,25510.65,25513.6,25510.25,25510.65,0
2025-07-09T10:10:00+05:30,25510.8,25522.25,25508.4,25522.0,0
2025-07-09T10:11:00+05:30,25521.45,25528.7,25520.95,25520.95,0
2025-07-09T10:12:00+05:30,25520.35,25524.35,25518.25,25522.65,0
2025-07-09T10:13:00+05:30,25522.55,25529.05,25520.3,25526.95,0
2025-07-09T10:14:00+05:30,25526.2,25529.45,25526.2,25527.65,0
2025-07-09T10:15:00+05:30,25527.6,25537.15,25527.6,25534.85,0
2025-07-09T10:16:00+05:30,25534.65,25534.9,25522.45,25523.65,0
2025-07-09T10:17:00+05:30,25523.1,25529.25,25523.05,25528.7,0
2025-07-09T10:18:00+05:30,25528.15,25530.85,25524.55,25525.75,0
2025-07-09T10:19:00+05:30,25525.05,25531.85,25524.95,25531.8,0
2025-07-09T10:20:00+05:30,25531.2,25533.0,25530.45,25532.35,0
2025-07-09T10:21:00+05:30,25531.65,25533.5,25530.15,25530.85,0
2025-07-09T10:22:00+05:30,25530.55,25531.3,25527.05,25530.85,0
2025-07-09T10:23:00+05:30,25530.2,25532.1,25528.25,25529.5,0
2025-07-09T10:24:00+05:30,25530.3,25531.95,25528.9,25531.65,0
2025-07-09T10:25:00+05:30,25530.6,25537.55,25529.45,25535.55,0
2025-07-09T10:26:00+05:30,25535.95,25537.25,25532.0,25532.15,0
2025-07-09T10:27:00+05:30,25532.05,25533.95,25531.05,25531.5,0
2025-07-09T10:28:00+05:30,25530.4,25531.45,25524.45,25525.9,0
2025-07-09T10:29:00+05:30,25525.1,25526.25,25518.45,25518.7,0
2025-07-09T10:30:00+05:30,25519.5,25524.45,25516.15,25524.1,0
2025-07-09T10:31:00+05:30,25523.55,25527.5,25522.2,25525.4,0
2025-07-09T10:32:00+05:30,25525.3,25527.1,25520.65,25520.65,0
2025-07-09T10:33:00+05:30,25521.1,25522.2,25518.05,25518.05,0
2025-07-09T10:34:00+05:30,25517.9,25522.6,25517.9,25522.45,0
2025-07-09T10:35:00+05:30,25521.2,25525.95,25521.2,25525.55,0
2025-07-09T10:36:00+05:30,25524.6,25526.1,25522.75,25524.45,0
2025-07-09T10:37:00+05:30,25524.65,25525.95,25521.9,25523.35,0
2025-07-09T10:38:00+05:30,25523.2,25525.85,25521.0,25524.6,0
2025-07-09T10:39:00+05:30,25524.4,25527.0,25523.75,25525.4,0
2025-07-09T10:40:00+05:30,25526.05,25526.1,25523.2,25523.2,0
2025-07-09T10:41:00+05:30,25523.05,25526.3,25521.6,25526.0,0
2025-07-09T10:42:00+05:30,25526.55,25528.8,25524.9,25526.7,0
2025-07-09T10:43:00+05:30,25526.75,25528.7,25524.45,25527.4,0
2025-07-09T10:44:00+05:30,25527.05,25528.85,25524.75,25526.4,0
2025-07-09T10:45:00+05:30,25526.35,25531.5,25525.8,25530.7,0
2025-07-09T10:46:00+05:30,25530.25,25530.7,25526.7,25527.3,0
2025-07-09T10:47:00+05:30,25526.5,25527.7,25516.5,25516.95,0
2025-07-09T10:48:00+05:30,25517.5,25525.2,25517.5,25525.2,0
2025-07-09T10:49:00+05:30,25524.85,25530.2,25524.85,25530.2,0
2025-07-09T10:50:00+05:30,25529.4,25531.0,25526.15,25527.05,0
2025-07-09T10:51:00+05:30,25527.1,25529.1,25525.85,25526.9,0
2025-07-09T10:52:00+05:30,25527.25,25527.6,25524.35,25527.35,0
2025-07-09T10:53:00+05:30,25526.8,25528.2,25524.8,25527.1,0
2025-07-09T10:54:00+05:30,25526.1,25527.65,25524.95,25525.95,0
2025-07-09T10:55:00+05:30,25525.9,25526.7,25523.75,25525.9,0
2025-07-09T10:56:00+05:30,25524.35,25527.6,25523.8,25523.9,0
2025-07-09T10:57:00+05:30,25523.6,25524.7,25522.15,25524.35,0
2025-07-09T10:58:00+05:30,25523.85,25524.85,25521.95,25522.8,0
2025-07-09T10:59:00+05:30,25523.85,25527.1,25522.75,25523.4,0
2025-07-09T11:00:00+05:30,25522.6,25526.8,25521.95,25523.65,0
2025-07-09T11:01:00+05:30,25523.35,25525.85,25520.55,25521.55,0
2025-07-09T11:02:00+05:30,25521.1,25522.95,25516.35,25517.05,0
2025-07-09T11:03:00+05:30,25516.45,25523.2,25515.75,25520.7,0
2025-07-09T11:04:00+05:30,25520.35,25521.4,25517.45,25519.5,0
2025-07-09T11:05:00+05:30,25519.2,25525.0,25518.05,25522.85,0
2025-07-09T11:06:00+05:30,25523.65,25525.75,25522.25,25523.55,0
2025-07-09T11:07:00+05:30,25523.25,25525.95,25521.5,25523.9,0
2025-07-09T11:08:00+05:30,25522.05,25524.5,25521.3,25523.0,0
2025-07-09T11:09:00+05:30,25522.45,25524.1,25521.25,25521.25,0
2025-07-09T11:10:00+05:30,25522.15,25526.25,25521.5,25524.6,0
2025-07-09T11:11:00+05:30,25525.1,25525.95,25522.55,25523.35,0
2025-07-09T11:12:00+05:30,25523.0,25526.3,25522.95,25524.9,0
2025-07-09T11:13:00+05:30,25525.25,25530.3,25525.0,25529.25,0
2025-07-09T11:14:00+05:30,25529.7,25535.2,25529.3,25534.15,0
2025-07-09T11:15:00+05:30,25534.25,25548.7,25534.2,25543.95,0
2025-07-09T11:16:00+05:30,25543.15,25545.75,25541.6,25544.2,0
2025-07-09T11:17:00+05:30,25543.55,25545.15,25542.15,25542.15,0
2025-07-09T11:18:00+05:30,25542.8,25543.35,25536.9,25537.85,0
2025-07-09T11:19:00+05:30,25537.45,25541.35,25536.8,25539.3,0
2025-07-09T11:20:00+05:30,25539.75,25541.35,25537.45,25538.35,0
2025-07-09T11:21:00+05:30,25538.1,25538.95,25535.35,25536.95,0
2025-07-09T11:22:00+05:30,25536.6,25539.0,25534.15,25536.3,0
2025-07-09T11:23:00+05:30,25536.05,25537.2,25534.2,25534.25,0
2025-07-09T11:24:00+05:30,25534.6,25538.95,25533.15,25538.35,0
2025-07-09T11:25:00+05:30,25537.9,25540.6,25537.2,25538.85,0
2025-07-09T11:26:00+05:30,25538.6,25541.05,25537.45,25539.2,0
2025-07-09T11:27:00+05:30,25539.75,25541.55,25538.65,25540.5,0
2025-07-09T11:28:00+05:30,25539.7,25543.5,25539.5,25542.15,0
2025-07-09T11:29:00+05:30,25542.05,25546.55,25541.65,25544.8,0
2025-07-09T11:30:00+05:30,25544.6,25547.3,25542.7,25543.15,0
2025-07-09T11:31:00+05:30,25543.9,25544.15,25539.05,25539.75,0
2025-07-09T11:32:00+05:30,25539.5,25541.7,25539.3,25541.7,0
2025-07-09T11:33:00+05:30,25541.95,25542.15,25538.5,25538.5,0
2025-07-09T11:34:00+05:30,25539.35,25543.4,25538.7,25542.85,0
2025-07-09T11:35:00+05:30,25541.8,25543.35,25538.85,25540.2,0
2025-07-09T11:36:00+05:30,25540.6,25543.25,25539.9,25542.4,0
2025-07-09T11:37:00+05:30,25542.15,25544.45,25540.75,25542.4,0
2025-07-09T11:38:00+05:30,25541.95,25542.5,25539.2,25539.65,0
2025-07-09T11:39:00+05:30,25539.7,25540.15,25535.45,25536.05,0
2025-07-09T11:40:00+05:30,25536.0,25537.3,25534.4,25535.6,0
2025-07-09T11:41:00+05:30,25535.1,25539.65,25535.1,25536.1,0
2025-07-09T11:42:00+05:30,25536.35,25537.4,25534.05,25534.35,0
2025-07-09T11:43:00+05:30,25534.5,25535.8,25530.4,25531.0,0
2025-07-09T11:44:00+05:30,25530.95,25532.95,25530.5,25531.4,0
2025-07-09T11:45:00+05:30,25531.95,25534.1,25528.45,25532.95,0
2025-07-09T11:46:00+05:30,25532.4,25533.15,25530.5,25531.35,0
2025-07-09T11:47:00+05:30,25531.2,25533.55,25530.2,25530.2,0
2025-07-09T11:48:00+05:30,25530.4,25531.6,25527.2,25529.15,0
2025-07-09T11:49:00+05:30,25528.75,25530.45,25527.5,25528.55,0
2025-07-09T11:50:00+05:30,25528.9,25529.45,25526.7,25527.6,0
2025-07-09T11:51:00+05:30,25527.25,25528.2,25525.45,25526.65,0
2025-07-09T11:52:00+05:30,25525.9,25527.3,25521.1,25524.35,0
2025-07-09T11:53:00+05:30,25524.1,25524.35,25503.25,25503.45,0
2025-07-09T11:54:00+05:30,25504.5,25517.2,25504.5,25517.0,0
2025-07-09T11:55:00+05:30,25516.9,25524.35,25515.45,25522.6,0
2025-07-09T11:56:00+05:30,25522.1,25524.1,25521.45,25522.85,0
2025-07-09T11:57:00+05:30,25522.9,25524.85,25520.85,25520.85,0
2025-07-09T11:58:00+05:30,25521.1,25522.75,25518.55,25522.35,0
2025-07-09T11:59:00+05:30,25522.15,25523.4,25519.4,25519.6,0
2025-07-09T12:00:00+05:30,25519.2,25520.25,25515.65,25516.6,0
2025-07-09T12:01:00+05:30,25516.45,25520.35,25515.65,25520.1,0
2025-07-09T12:02:00+05:30,25520.05,25520.65,25517.55,25517.55,0
2025-07-09T12:03:00+05:30,25516.7,25518.8,25516.45,25517.65,0
2025-07-09T12:04:00+05:30,25517.55,25521.9,25517.35,25521.8,0
2025-07-09T12:05:00+05:30,25521.4,25522.15,25518.2,25518.2,0
2025-07-09T12:06:00+05:30,25517.85,25523.4,25517.5,25523.1,0
2025-07-09T12:07:00+05:30,25522.65,25524.0,25521.1,25522.75,0
2025-07-09T12:08:00+05:30,25523.15,25524.5,25520.85,25523.7,0
2025-07-09T12:09:00+05:30,25523.35,25533.15,25522.95,25531.8,0
2025-07-09T12:10:00+05:30,25531.1,25535.25,25530.55,25533.85,0
2025-07-09T12:11:00+05:30,25533.1,25534.2,25530.5,25532.7,0
2025-07-09T12:12:00+05:30,25532.0,25535.45,25531.85,25534.0,0
2025-07-09T12:13:00+05:30,25533.6,25535.85,25532.9,25533.65,0
2025-07-09T12:14:00+05:30,25533.3,25539.9,25533.3,25537.95,0
2025-07-09T12:15:00+05:30,25539.0,25542.1,25537.9,25539.35,0
2025-07-09T12:16:00+05:30,25538.4,25541.35,25535.1,25536.1,0
2025-07-09T12:17:00+05:30,25535.1,25537.55,25534.8,25535.95,0
2025-07-09T12:18:00+05:30,25537.0,25539.7,25535.55,25538.4,0
2025-07-09T12:19:00+05:30,25538.1,25539.3,25535.95,25537.25,0
2025-07-09T12:20:00+05:30,25536.5,25538.4,25534.9,25535.9,0
2025-07-09T12:21:00+05:30,25535.15,25539.1,25535.0,25535.7,0
2025-07-09T12:22:00+05:30,25534.4,25536.85,25530.7,25532.35,0
2025-07-09T12:23:00+05:30,25532.25,25536.15,25531.5,25534.2,0
2025-07-09T12:24:00+05:30,25533.85,25536.35,25532.9,25534.7,0
2025-07-09T12:25:00+05:30,25534.85,25541.1,25534.15,25538.15,0
2025-07-09T12:26:00+05:30,25537.55,25540.6,25537.15,25538.9,0
2025-07-09T12:27:00+05:30,25538.1,25540.4,25537.05,25539.35,0
2025-07-09T12:28:00+05:30,25539.15,25541.0,25537.65,25538.95,0
2025-07-09T12:29:00+05:30,25538.75,25540.6,25537.2,25540.35,0
2025-07-09T12:30:00+05:30,25539.55,25544.25,25538.5,25542.65,0
2025-07-09T12:31:00+05:30,25542.6,25544.2,25541.15,25543.55,0
2025-07-09T12:32:00+05:30,25542.2,25543.25,25536.4,25537.35,0
2025-07-09T12:33:00+05:30,25537.0,25539.0,25534.65,25538.45,0
2025-07-09T12:34:00+05:30,25538.05,25540.05,25536.3,25537.3,0
2025-07-09T12:35:00+05:30,25536.85,25540.55,25536.5,25540.5,0
2025-07-09T12:36:00+05:30,25539.2,25541.4,25537.0,25539.8,0
2025-07-09T12:37:00+05:30,25538.7,25542.9,25537.9,25541.45,0
2025-07-09T12:38:00+05:30,25540.4,25541.05,25536.7,25538.75,0
2025-07-09T12:39:00+05:30,25538.6,25544.2,25537.95,25543.55,0
2025-07-09T12:40:00+05:30,25542.75,25545.9,25541.8,25545.75,0
2025-07-09T12:41:00+05:30,25543.45,25545.95,25541.65,25543.2,0
2025-07-09T12:42:00+05:30,25542.75,25543.15,25537.5,25538.45,0
2025-07-09T12:43:00+05:30,25537.55,25539.85,25534.25,25535.55,0
2025-07-09T12:44:00+05:30,25534.75,25536.2,25532.4,25533.3,0
2025-07-09T12:45:00+05:30,25532.85,25533.8,25524.25,25526.95,0
2025-07-09T12:46:00+05:30,25525.65,25530.45,25523.15,25525.1,0
2025-07-09T12:47:00+05:30,25523.0,25527.3,25523.0,25526.15,0
2025-07-09T12:48:00+05:30,25525.05,25532.4,25524.6,25532.4,0
2025-07-09T12:49:00+05:30,25531.45,25536.9,25530.6,25536.25,0
2025-07-09T12:50:00+05:30,25535.0,25537.4,25534.7,25536.5,0
2025-07-09T12:51:00+05:30,25535.6,25537.0,25533.8,25535.95,0
2025-07-09T12:52:00+05:30,25535.45,25537.25,25533.85,25536.9,0
2025-07-09T12:53:00+05:30,25535.6,25536.5,25532.25,25534.55,0
2025-07-09T12:54:00+05:30,25533.25,25535.0,25532.3,25534.2,0
2025-07-09T12:55:00+05:30,25533.5,25534.35,25530.15,25531.1,0
2025-07-09T12:56:00+05:30,25530.4,25532.75,25529.6,25531.95,0
2025-07-09T12:57:00+05:30,25531.65,25533.5,25529.4,25532.05,0
2025-07-09T12:58:00+05:30,25530.85,25532.5,25529.55,25531.1,0
2025-07-09T12:59:00+05:30,25529.6,25533.4,25528.7,25531.65,0
2025-07-09T13:00:00+05:30,25530.95,25531.85,25527.3,25529.2,0
2025-07-09T13:01:00+05:30,25529.0,25530.0,25524.9,25526.35,0
2025-07-09T13:02:00+05:30,25525.75,25527.9,25523.7,25526.45,0
2025-07-09T13:03:00+05:30,25526.5,25527.3,25520.55,25523.05,0
2025-07-09T13:04:00+05:30,25520.85,25522.85,25490.5,25490.5,0
2025-07-09T13:05:00+05:30,25491.35,25515.7,25491.35,25515.45,0
2025-07-09T13:06:00+05:30,25514.9,25518.9,25513.1,25515.7,0
2025-07-09T13:07:00+05:30,25514.1,25516.55,25511.6,25514.6,0
2025-07-09T13:08:00+05:30,25514.45,25515.8,25511.9,25513.95,0
2025-07-09T13:09:00+05:30,25512.8,25516.6,25512.05,25515.05,0
2025-07-09T13:10:00+05:30,25514.1,25515.5,25511.8,25514.75,0
2025-07-09T13:11:00+05:30,25513.85,25523.5,25512.6,25521.35,0
2025-07-09T13:12:00+05:30,25520.9,25524.25,25518.0,25522.6,0
2025-07-09T13:13:00+05:30,25522.15,25527.2,25521.55,25525.3,0
2025-07-09T13:14:00+05:30,25524.15,25526.85,25522.55,25525.4,0
2025-07-09T13:15:00+05:30,25525.15,25527.55,25523.5,25525.95,0
2025-07-09T13:16:00+05:30,25523.95,25528.2,25523.1,25526.5,0
2025-07-09T13:17:00+05:30,25525.85,25529.1,25524.45,25526.5,0
2025-07-09T13:18:00+05:30,25525.65,25526.9,25522.95,25525.2,0
2025-07-09T13:19:00+05:30,25524.5,25525.15,25521.8,25523.95,0
2025-07-09T13:20:00+05:30,25523.15,25527.9,25523.0,25525.0,0
2025-07-09T13:21:00+05:30,25524.25,25526.75,25522.85,25524.9,0
2025-07-09T13:22:00+05:30,25524.45,25533.35,25523.9,25531.95,0
2025-07-09T13:23:00+05:30,25531.45,25535.95,25529.15,25535.95,0
2025-07-09T13:24:00+05:30,25534.95,25537.8,25530.55,25533.2,0
2025-07-09T13:25:00+05:30,25534.4,25535.85,25529.05,25531.55,0
2025-07-09T13:26:00+05:30,25530.6,25532.85,25527.35,25529.55,0
2025-07-09T13:27:00+05:30,25529.5,25532.25,25526.85,25531.15,0
2025-07-09T13:28:00+05:30,25530.55,25532.9,25528.45,25530.55,0
2025-07-09T13:29:00+05:30,25529.95,25532.7,25528.15,25532.5,0
2025-07-09T13:30:00+05:30,25531.55,25534.15,25530.7,25532.9,0
2025-07-09T13:31:00+05:30,25532.35,25534.55,25531.0,25532.35,0
2025-07-09T13:32:00+05:30,25532.4,25533.65,25528.85,25532.5,0
2025-07-09T13:33:00+05:30,25531.35,25533.8,25529.65,25532.35,0
2025-07-09T13:34:00+05:30,25531.75,25533.3,25529.8,25531.8,0
2025-07-09T13:35:00+05:30,25531.5,25532.0,25527.85,25529.8,0
2025-07-09T13:36:00+05:30,25528.8,25531.25,25523.5,25525.85,0
2025-07-09T13:37:00+05:30,25525.95,25529.8,25525.05,25528.25,0
2025-07-09T13:38:00+05:30,25527.45,25531.8,25527.4,25531.25,0
2025-07-09T13:39:00+05:30,25530.95,25531.95,25526.8,25529.8,0
2025-07-09T13:40:00+05:30,25528.25,25531.1,25526.8,25529.55,0
2025-07-09T13:41:00+05:30,25528.55,25531.2,25527.45,25529.6,0
2025-07-09T13:42:00+05:30,25529.05,25532.35,25528.45,25531.7,0
2025-07-09T13:43:00+05:30,25531.1,25532.85,25525.1,25526.95,0
2025-07-09T13:44:00+05:30,25525.95,25528.75,25525.45,25526.55,0
2025-07-09T13:45:00+05:30,25526.15,25529.55,25525.55,25529.05,0
2025-07-09T13:46:00+05:30,25527.85,25528.55,25524.8,25526.35,0
2025-07-09T13:47:00+05:30,25525.85,25528.8,25524.95,25528.55,0
2025-07-09T13:48:00+05:30,25526.5,25528.2,25525.05,25526.3,0
2025-07-09T13:49:00+05:30,25525.85,25526.7,25522.85,25524.05,0
2025-07-09T13:50:00+05:30,25523.55,25523.55,25518.25,25518.25,0
2025-07-09T13:51:00+05:30,25517.45,25522.65,25516.85,25521.1,0
2025-07-09T13:52:00+05:30,25518.65,25522.6,25518.65,25521.85,0
2025-07-09T13:53:00+05:30,25521.3,25525.9,25520.7,25525.1,0
2025-07-09T13:54:00+05:30,25525.3,25526.05,25520.5,25523.4,0
2025-07-09T13:55:00+05:30,25522.0,25524.95,25521.65,25522.9,0
2025-07-09T13:56:00+05:30,25522.6,25526.7,25522.6,25526.0,0
2025-07-09T13:57:00+05:30,25524.3,25527.1,25523.95,25526.85,0
2025-07-09T13:58:00+05:30,25526.55,25532.55,25525.85,25531.55,0
2025-07-09T13:59:00+05:30,25529.65,25531.05,25528.15,25529.85,0
2025-07-09T14:00:00+05:30,25529.95,25532.1,25528.85,25529.6,0
2025-07-09T14:01:00+05:30,25529.7,25530.0,25526.2,25527.25,0
2025-07-09T14:02:00+05:30,25526.95,25528.65,25524.6,25526.1,0
2025-07-09T14:03:00+05:30,25525.1,25527.55,25524.4,25526.6,0
2025-07-09T14:04:00+05:30,25525.55,25527.95,25524.35,25525.95,0
2025-07-09T14:05:00+05:30,25525.45,25527.45,25519.9,25521.55,0
2025-07-09T14:06:00+05:30,25522.3,25522.85,25517.6,25519.9,0
2025-07-09T14:07:00+05:30,25519.85,25523.2,25519.85,25522.0,0
2025-07-09T14:08:00+05:30,25521.8,25526.85,25520.55,25525.95,0
2025-07-09T14:09:00+05:30,25525.45,25526.5,25523.2,25524.85,0
2025-07-09T14:10:00+05:30,25524.0,25526.7,25523.2,25523.95,0
2025-07-09T14:11:00+05:30,25524.25,25525.25,25522.3,25523.95,0
2025-07-09T14:12:00+05:30,25523.6,25526.25,25522.35,25524.9,0
2025-07-09T14:13:00+05:30,25525.0,25529.05,25525.0,25527.7,0
2025-07-09T14:14:00+05:30,25527.05,25531.05,25526.85,25530.3,0
2025-07-09T14:15:00+05:30,25530.25,25533.2,25522.35,25524.3,0
2025-07-09T14:16:00+05:30,25524.8,25524.85,25520.1,25521.0,0
2025-07-09T14:17:00+05:30,25521.05,25524.0,25512.05,25513.75,0
2025-07-09T14:18:00+05:30,25514.15,25516.7,25510.85,25513.95,0
2025-07-09T14:19:00+05:30,25513.4,25520.65,25513.2,25520.1,0
2025-07-09T14:20:00+05:30,25519.7,25521.75,25518.05,25520.95,0
2025-07-09T14:21:00+05:30,25520.85,25521.3,25517.3,25519.95,0
2025-07-09T14:22:00+05:30,25520.05,25521.4,25516.35,25521.15,0
2025-07-09T14:23:00+05:30,25521.0,25521.95,25512.6,25513.7,0
2025-07-09T14:24:00+05:30,25513.6,25517.45,25508.05,25508.6,0
2025-07-09T14:25:00+05:30,25506.35,25509.95,25498.85,25509.95,0
2025-07-09T14:26:00+05:30,25509.15,25510.8,25504.55,25505.8,0
2025-07-09T14:27:00+05:30,25506.05,25507.0,25492.5,25494.55,0
2025-07-09T14:28:00+05:30,25493.65,25499.95,25493.15,25499.1,0
2025-07-09T14:29:00+05:30,25499.0,25499.0,25490.75,25492.05,0
2025-07-09T14:30:00+05:30,25490.5,25491.05,25479.8,25481.0,0
2025-07-09T14:31:00+05:30,25480.65,25482.1,25473.2,25482.1,0
2025-07-09T14:32:00+05:30,25480.5,25488.3,25480.5,25484.45,0
2025-07-09T14:33:00+05:30,25484.4,25484.4,25474.4,25476.55,0
2025-07-09T14:34:00+05:30,25476.05,25476.8,25455.15,25457.4,0
2025-07-09T14:35:00+05:30,25457.05,25470.35,25456.35,25468.65,0
2025-07-09T14:36:00+05:30,25469.5,25470.7,25465.0,25468.5,0
2025-07-09T14:37:00+05:30,25468.1,25480.5,25465.85,25480.5,0
2025-07-09T14:38:00+05:30,25480.15,25480.15,25467.3,25468.55,0
2025-07-09T14:39:00+05:30,25468.6,25478.6,25466.9,25478.15,0
2025-07-09T14:40:00+05:30,25478.05,25479.85,25468.4,25470.1,0
2025-07-09T14:41:00+05:30,25470.0,25473.65,25467.15,25468.5,0
2025-07-09T14:42:00+05:30,25467.9,25468.3,25464.15,25465.45,0
2025-07-09T14:43:00+05:30,25464.35,25467.3,25463.4,25465.25,0
2025-07-09T14:44:00+05:30,25465.05,25470.3,25463.85,25469.45,0
2025-07-09T14:45:00+05:30,25469.85,25470.45,25462.8,25464.4,0
2025-07-09T14:46:00+05:30,25463.4,25465.5,25456.9,25459.05,0
2025-07-09T14:47:00+05:30,25458.3,25466.3,25457.2,25464.6,0
2025-07-09T14:48:00+05:30,25464.5,25466.3,25455.85,25458.4,0
2025-07-09T14:49:00+05:30,25457.55,25458.3,25454.05,25458.15,0
2025-07-09T14:50:00+05:30,25456.8,25462.2,25449.05,25451.15,0
2025-07-09T14:51:00+05:30,25451.45,25459.8,25446.05,25459.5,0
2025-07-09T14:52:00+05:30,25459.35,25460.4,25455.3,25458.65,0
2025-07-09T14:53:00+05:30,25458.0,25460.0,25424.35,25425.75,0
2025-07-09T14:54:00+05:30,25425.95,25448.4,25425.95,25446.4,0
2025-07-09T14:55:00+05:30,25446.0,25448.45,25443.75,25444.1,0
2025-07-09T14:56:00+05:30,25443.85,25456.05,25443.85,25454.05,0
2025-07-09T14:57:00+05:30,25453.9,25455.55,25451.45,25455.55,0
2025-07-09T14:58:00+05:30,25455.35,25458.9,25454.2,25456.05,0
2025-07-09T14:59:00+05:30,25456.2,25461.8,25454.7,25461.8,0
2025-07-09T15:00:00+05:30,25462.8,25476.0,25460.9,25471.55,0
2025-07-09T15:01:00+05:30,25472.4,25474.1,25469.35,25474.1,0
2025-07-09T15:02:00+05:30,25474.05,25475.65,25471.85,25474.65,0
2025-07-09T15:03:00+05:30,25474.85,25476.1,25472.65,25473.7,0
2025-07-09T15:04:00+05:30,25473.75,25476.0,25471.65,25475.1,0
2025-07-09T15:05:00+05:30,25476.05,25478.25,25474.1,25475.35,0
2025-07-09T15:06:00+05:30,25475.6,25476.8,25473.9,25476.55,0
2025-07-09T15:07:00+05:30,25476.9,25479.35,25475.9,25479.0,0
2025-07-09T15:08:00+05:30,25479.4,25480.35,25476.35,25477.6,0
2025-07-09T15:09:00+05:30,25478.0,25478.0,25474.75,25476.35,0
2025-07-09T15:10:00+05:30,25477.75,25480.95,25476.85,25480.9,0
2025-07-09T15:11:00+05:30,25481.15,25481.65,25479.55,25480.7,0
2025-07-09T15:12:00+05:30,25481.25,25483.1,25479.8,25480.45,0
2025-07-09T15:13:00+05:30,25480.8,25481.8,25478.3,25479.65,0
2025-07-09T15:14:00+05:30,25481.25,25481.3,25477.95,25478.4,0
2025-07-09T15:15:00+05:30,25479.85,25482.35,25477.9,25481.35,0
2025-07-09T15:16:00+05:30,25482.05,25482.05,25476.75,25477.55,0
2025-07-09T15:17:00+05:30,25478.1,25478.1,25474.5,25474.5,0
2025-07-09T15:18:00+05:30,25475.65,25475.65,25469.8,25470.4,0
2025-07-09T15:19:00+05:30,25471.45,25471.7,25469.0,25470.1,0
2025-07-09T15:20:00+05:30,25471.1,25475.45,25471.1,25473.8,0
2025-07-09T15:21:00+05:30,25474.4,25477.05,25472.35,25476.4,0
2025-07-09T15:22:00+05:30,25477.4,25477.6,25474.6,25475.3,0
2025-07-09T15:23:00+05:30,25476.35,25476.5,25473.55,25474.75,0
2025-07-09T15:24:00+05:30,25475.3,25476.6,25473.55,25474.55,0
2025-07-09T15:25:00+05:30,25475.55,25480.3,25474.7,25477.95,0
2025-07-09T15:26:00+05:30,25477.85,25477.85,25474.95,25476.9,0
2025-07-09T15:27:00+05:30,25477.95,25478.05,25473.8,25475.05,0
2025-07-09T15:28:00+05:30,25475.8,25477.75,25471.75,25475.15,0
2025-07-09T15:29:00+05:30,25473.5,25473.8,25464.4,25464.65,0
2025-07-10T09:15:00+05:30,25511.65,25524.05,25481.25,25483.0,0
2025-07-10T09:16:00+05:30,25482.5,25485.15,25467.75,25478.2,0
2025-07-10T09:17:00+05:30,25480.2,25503.7,25472.65,25498.35,0
2025-07-10T09:18:00+05:30,25495.8,25496.5,25470.6,25475.65,0
2025-07-10T09:19:00+05:30,25475.9,25482.45,25469.85,25470.2,0
2025-07-10T09:20:00+05:30,25470.6,25470.6,25457.15,25462.25,0
2025-07-10T09:21:00+05:30,25460.8,25464.4,25448.85,25450.3,0
2025-07-10T09:22:00+05:30,25450.45,25454.3,25446.35,25452.5,0
2025-07-10T09:23:00+05:30,25452.75,25454.35,25451.25,25452.9,0
2025-07-10T09:24:00+05:30,25453.5,25455.9,25450.85,25453.7,0
2025-07-10T09:25:00+05:30,25453.0,25461.3,25450.95,25460.15,0
2025-07-10T09:26:00+05:30,25459.45,25466.4,25451.45,25464.1,0
2025-07-10T09:27:00+05:30,25465.0,25466.8,25453.45,25456.8,0
2025-07-10T09:28:00+05:30,25456.25,25459.7,25453.3,25458.55,0
2025-07-10T09:29:00+05:30,25457.35,25459.2,25450.9,25450.9,0
2025-07-10T09:30:00+05:30,25451.9,25455.6,25448.0,25449.25,0
2025-07-10T09:31:00+05:30,25450.15,25454.2,25444.95,25450.55,0
2025-07-10T09:32:00+05:30,25447.5,25447.5,25432.75,25434.8,0
2025-07-10T09:33:00+05:30,25435.45,25437.85,25433.95,25437.85,0
2025-07-10T09:34:00+05:30,25438.05,25444.65,25436.6,25444.65,0
2025-07-10T09:35:00+05:30,25445.2,25456.5,25443.3,25454.0,0
2025-07-10T09:36:00+05:30,25454.15,25457.15,25449.35,25451.2,0
2025-07-10T09:37:00+05:30,25451.55,25454.85,25446.4,25449.6,0
2025-07-10T09:38:00+05:30,25449.35,25449.4,25438.45,25439.6,0
2025-07-10T09:39:00+05:30,25440.1,25441.9,25433.8,25435.6,0
2025-07-10T09:40:00+05:30,25434.4,25441.2,25431.3,25439.85,0
2025-07-10T09:41:00+05:30,25439.4,25440.05,25434.15,25437.15,0
2025-07-10T09:42:00+05:30,25437.0,25441.25,25436.95,25440.5,0
2025-07-10T09:43:00+05:30,25440.95,25441.75,25438.8,25439.3,0
2025-07-10T09:44:00+05:30,25439.05,25442.3,25438.55,25438.55,0
2025-07-10T09:45:00+05:30,25438.4,25445.8,25436.95,25445.3,0
2025-07-10T09:46:00+05:30,25445.35,25451.9,25444.7,25448.05,0
2025-07-10T09:47:00+05:30,25447.6,25451.35,25446.5,25447.1,0
2025-07-10T09:48:00+05:30,25447.3,25452.0,25446.45,25451.6,0
2025-07-10T09:49:00+05:30,25451.4,25454.15,25450.5,25453.5,0
2025-07-10T09:50:00+05:30,25453.2,25454.1,25445.3,25446.15,0
2025-07-10T09:51:00+05:30,25445.8,25446.15,25435.45,25435.9,0
2025-07-10T09:52:00+05:30,25435.6,25436.2,25431.55,25435.65,0
2025-07-10T09:53:00+05:30,25435.35,25437.7,25422.0,25423.15,0
2025-07-10T09:54:00+05:30,25422.35,25422.4,25415.6,25418.55,0
2025-07-10T09:55:00+05:30,25417.85,25417.85,25411.95,25412.3,0
2025-07-10T09:56:00+05:30,25412.35,25420.25,25411.65,25418.6,0
2025-07-10T09:57:00+05:30,25419.25,25420.2,25410.3,25410.65,0
2025-07-10T09:58:00+05:30,25410.75,25430.4,25410.75,25428.45,0
2025-07-10T09:59:00+05:30,25428.3,25429.55,25425.85,25426.6,0
2025-07-10T10:00:00+05:30,25427.0,25436.65,25425.9,25434.3,0
2025-07-10T10:01:00+05:30,25433.8,25435.4,25431.8,25432.4,0
2025-07-10T10:02:00+05:30,25432.7,25434.95,25425.05,25425.15,0
2025-07-10T10:03:00+05:30,25425.45,25432.15,25422.95,25429.4,0
2025-07-10T10:04:00+05:30,25429.1,25429.55,25419.65,25420.25,0
2025-07-10T10:05:00+05:30,25421.5,25431.6,25421.0,25430.75,0
2025-07-10T10:06:00+05:30,25430.9,25436.1,25430.9,25435.1,0
2025-07-10T10:07:00+05:30,25434.1,25434.55,25425.85,25426.0,0
2025-07-10T10:08:00+05:30,25426.45,25426.45,25418.45,25418.75,0
2025-07-10T10:09:00+05:30,25418.9,25420.55,25417.5,25419.9,0
2025-07-10T10:10:00+05:30,25419.95,25421.85,25416.45,25416.6,0
2025-07-10T10:11:00+05:30,25416.85,25417.4,25412.0,25417.1,0
2025-07-10T10:12:00+05:30,25417.4,25417.8,25410.25,25410.55,0
2025-07-10T10:13:00+05:30,25410.3,25411.15,25406.2,25408.15,0
2025-07-10T10:14:00+05:30,25407.45,25413.45,25402.65,25413.05,0
2025-07-10T10:15:00+05:30,25412.2,25418.3,25408.8,25408.8,0
2025-07-10T10:16:00+05:30,25408.65,25415.9,25400.25,25415.9,0
2025-07-10T10:17:00+05:30,25414.85,25415.85,25412.85,25413.1,0
2025-07-10T10:18:00+05:30,25413.95,25415.1,25411.05,25412.75,0
2025-07-10T10:19:00+05:30,25413.1,25419.7,25412.55,25418.15,0
2025-07-10T10:20:00+05:30,25418.25,25419.1,25414.25,25416.0,0
2025-07-10T10:21:00+05:30,25416.35,25418.85,25412.35,25413.2,0
2025-07-10T10:22:00+05:30,25413.15,25414.4,25411.1,25413.6,0
2025-07-10T10:23:00+05:30,25413.55,25418.4,25413.2,25416.05,0
2025-07-10T10:24:00+05:30,25415.95,25421.85,25413.3,25421.4,0
2025-07-10T10:25:00+05:30,25421.15,25424.7,25419.65,25420.9,0
2025-07-10T10:26:00+05:30,25420.2,25423.35,25418.35,25419.9,0
2025-07-10T10:27:00+05:30,25420.6,25422.65,25414.7,25420.25,0
2025-07-10T10:28:00+05:30,25420.2,25421.1,25417.95,25419.3,0
2025-07-10T10:29:00+05:30,25419.6,25423.75,25417.85,25421.25,0
2025-07-10T10:30:00+05:30,25421.85,25424.6,25417.7,25423.7,0
2025-07-10T10:31:00+05:30,25423.05,25426.5,25422.55,25426.25,0
2025-07-10T10:32:00+05:30,25425.8,25427.55,25424.15,25425.0,0
2025-07-10T10:33:00+05:30,25424.85,25426.2,25421.25,25422.4,0
2025-07-10T10:34:00+05:30,25422.55,25423.1,25420.5,25420.75,0
2025-07-10T10:35:00+05:30,25421.2,25422.55,25419.45,25421.3,0
2025-07-10T10:36:00+05:30,25421.9,25423.45,25419.95,25423.15,0
2025-07-10T10:37:00+05:30,25423.55,25424.85,25419.2,25419.2,0
2025-07-10T10:38:00+05:30,25420.3,25421.0,25417.75,25418.2,0
2025-07-10T10:39:00+05:30,25419.3,25421.15,25417.8,25420.35,0
2025-07-10T10:40:00+05:30,25420.4,25423.3,25420.1,25420.65,0
2025-07-10T10:41:00+05:30,25420.6,25422.05,25417.4,25418.35,0
2025-07-10T10:42:00+05:30,25418.4,25419.2,25414.7,25415.1,0
2025-07-10T10:43:00+05:30,25415.4,25415.65,25410.45,25413.4,0
2025-07-10T10:44:00+05:30,25413.35,25413.9,25409.7,25412.1,0
2025-07-10T10:45:00+05:30,25411.25,25423.45,25410.55,25419.45,0
2025-07-10T10:46:00+05:30,25419.25,25420.35,25415.95,25416.5,0
2025-07-10T10:47:00+05:30,25416.4,25419.2,25412.8,25414.6,0
2025-07-10T10:48:00+05:30,25414.2,25415.3,25409.3,25409.3,0
2025-07-10T10:49:00+05:30,25410.1,25411.65,25402.45,25403.55,0
2025-07-10T10:50:00+05:30,25403.45,25403.75,25395.2,25396.4,0
2025-07-10T10:51:00+05:30,25396.7,25397.2,25393.95,25394.8,0
2025-07-10T10:52:00+05:30,25395.1,25395.6,25386.25,25386.3,0
2025-07-10T10:53:00+05:30,25387.15,25387.15,25382.65,25383.55,0
2025-07-10T10:54:00+05:30,25383.7,25389.65,25382.95,25389.05,0
2025-07-10T10:55:00+05:30,25389.75,25389.85,25387.15,25388.75,0
2025-07-10T10:56:00+05:30,25388.2,25388.2,25383.25,25383.55,0
2025-07-10T10:57:00+05:30,25384.25,25388.85,25381.35,25387.6,0
2025-07-10T10:58:00+05:30,25387.7,25391.15,25387.15,25388.0,0
2025-07-10T10:59:00+05:30,25387.35,25390.8,25386.25,25388.9,0
2025-07-10T11:00:00+05:30,25389.3,25393.0,25385.9,25386.35,0
2025-07-10T11:01:00+05:30,25386.6,25391.7,25386.25,25387.1,0
2025-07-10T11:02:00+05:30,25386.7,25388.9,25384.2,25384.2,0
2025-07-10T11:03:00+05:30,25383.95,25384.75,25378.75,25380.6,0
2025-07-10T11:04:00+05:30,25380.5,25385.75,25378.6,25379.9,0
2025-07-10T11:05:00+05:30,25380.25,25384.25,25375.15,25383.35,0
2025-07-10T11:06:00+05:30,25383.5,25384.35,25380.7,25382.45,0
2025-07-10T11:07:00+05:30,25382.4,25382.75,25380.05,25380.75,0
2025-07-10T11:08:00+05:30,25381.75,25382.95,25379.65,25380.9,0
2025-07-10T11:09:00+05:30,25381.7,25382.15,25378.55,25379.95,0
2025-07-10T11:10:00+05:30,25380.3,25385.7,25377.45,25384.2,0
2025-07-10T11:11:00+05:30,25384.7,25388.25,25383.8,25385.8,0
2025-07-10T11:12:00+05:30,25386.95,25390.1,25385.4,25388.85,0
2025-07-10T11:13:00+05:30,25389.45,25392.95,25389.1,25392.1,0
2025-07-10T11:14:00+05:30,25392.35,25401.7,25392.05,25397.0,0
2025-07-10T11:15:00+05:30,25397.45,25399.7,25394.2,25394.75,0
2025-07-10T11:16:00+05:30,25395.1,25396.65,25392.7,25393.75,0
2025-07-10T11:17:00+05:30,25394.15,25394.5,25390.9,25391.0,0
2025-07-10T11:18:00+05:30,25391.7,25393.65,25389.65,25389.65,0
2025-07-10T11:19:00+05:30,25390.1,25390.75,25386.35,25386.75,0
2025-07-10T11:20:00+05:30,25386.55,25389.4,25385.05,25386.95,0
2025-07-10T11:21:00+05:30,25386.9,25387.05,25379.65,25380.7,0
2025-07-10T11:22:00+05:30,25380.5,25382.05,25380.05,25381.75,0
2025-07-10T11:23:00+05:30,25381.9,25381.95,25368.1,25368.3,0
2025-07-10T11:24:00+05:30,25369.1,25369.7,25364.25,25366.8,0
2025-07-10T11:25:00+05:30,25367.0,25367.25,25363.7,25367.25,0
2025-07-10T11:26:00+05:30,25366.9,25373.8,25366.9,25372.9,0
2025-07-10T11:27:00+05:30,25373.55,25376.8,25372.35,25375.5,0
2025-07-10T11:28:00+05:30,25376.3,25378.9,25375.55,25376.95,0
2025-07-10T11:29:00+05:30,25376.65,25377.8,25373.6,25377.35,0
2025-07-10T11:30:00+05:30,25377.9,25383.65,25377.7,25381.2,0
2025-07-10T11:31:00+05:30,25381.45,25382.5,25379.35,25379.6,0
2025-07-10T11:32:00+05:30,25379.35,25380.85,25370.0,25370.9,0
2025-07-10T11:33:00+05:30,25370.8,25379.75,25370.15,25377.15,0
2025-07-10T11:34:00+05:30,25377.55,25379.95,25376.25,25377.5,0
2025-07-10T11:35:00+05:30,25378.05,25378.05,25370.0,25371.65,0
2025-07-10T11:36:00+05:30,25372.25,25375.95,25371.95,25373.15,0
2025-07-10T11:37:00+05:30,25373.3,25375.25,25371.55,25374.55,0
2025-07-10T11:38:00+05:30,25374.45,25379.8,25373.85,25378.4,0
2025-07-10T11:39:00+05:30,25378.85,25379.5,25375.5,25377.1,0
2025-07-10T11:40:00+05:30,25376.95,25378.35,25374.3,25378.35,0
2025-07-10T11:41:00+05:30,25377.45,25382.2,25376.8,25379.95,0
2025-07-10T11:42:00+05:30,25380.85,25381.35,25378.3,25379.5,0
2025-07-10T11:43:00+05:30,25378.95,25380.15,25376.7,25377.5,0
2025-07-10T11:44:00+05:30,25377.05,25378.45,25372.95,25373.25,0
2025-07-10T11:45:00+05:30,25372.85,25374.9,25371.95,25374.35,0
2025-07-10T11:46:00+05:30,25374.15,25383.0,25373.25,25382.7,0
2025-07-10T11:47:00+05:30,25382.85,25384.05,25380.8,25382.85,0
2025-07-10T11:48:00+05:30,25383.35,25384.65,25379.7,25380.5,0
2025-07-10T11:49:00+05:30,25380.75,25382.15,25378.25,25379.3,0
2025-07-10T11:50:00+05:30,25379.45,25379.45,25377.15,25378.1,0
2025-07-10T11:51:00+05:30,25378.55,25379.15,25374.6,25375.4,0
2025-07-10T11:52:00+05:30,25375.45,25378.35,25374.2,25378.15,0
2025-07-10T11:53:00+05:30,25379.25,25381.2,25379.05,25380.1,0
2025-07-10T11:54:00+05:30,25380.6,25383.1,25379.0,25382.1,0
2025-07-10T11:55:00+05:30,25382.8,25385.05,25381.2,25381.75,0
2025-07-10T11:56:00+05:30,25380.6,25381.35,25378.3,25378.5,0
2025-07-10T11:57:00+05:30,25378.6,25379.6,25376.4,25376.75,0
2025-07-10T11:58:00+05:30,25376.6,25377.15,25373.45,25374.15,0
2025-07-10T11:59:00+05:30,25374.3,25375.25,25368.75,25368.95,0
2025-07-10T12:00:00+05:30,25368.85,25374.45,25360.45,25372.8,0
2025-07-10T12:01:00+05:30,25372.3,25373.15,25364.7,25365.45,0
2025-07-10T12:02:00+05:30,25365.2,25368.1,25363.6,25367.15,0
2025-07-10T12:03:00+05:30,25367.05,25369.4,25367.05,25368.05,0
2025-07-10T12:04:00+05:30,25368.1,25368.95,25366.85,25367.4,0
2025-07-10T12:05:00+05:30,25367.25,25368.35,25365.0,25367.4,0
2025-07-10T12:06:00+05:30,25366.4,25367.35,25361.85,25363.5,0
2025-07-10T12:07:00+05:30,25363.7,25365.2,25358.5,25359.45,0
2025-07-10T12:08:00+05:30,25359.2,25362.25,25357.2,25361.55,0
2025-07-10T12:09:00+05:30,25362.4,25364.85,25361.45,25363.7,0
2025-07-10T12:10:00+05:30,25363.65,25364.15,25358.75,25360.3,0
2025-07-10T12:11:00+05:30,25361.05,25362.45,25358.25,25360.1,0
2025-07-10T12:12:00+05:30,25360.35,25362.55,25358.95,25362.35,0
2025-07-10T12:13:00+05:30,25362.2,25369.6,25361.7,25368.7,0
2025-07-10T12:14:00+05:30,25369.05,25370.0,25366.9,25368.25,0
2025-07-10T12:15:00+05:30,25370.2,25373.1,25366.05,25368.5,0
2025-07-10T12:16:00+05:30,25368.4,25369.5,25365.65,25368.25,0
2025-07-10T12:17:00+05:30,25367.9,25368.75,25365.85,25367.25,0
2025-07-10T12:18:00+05:30,25367.4,25371.8,25367.4,25370.55,0
2025-07-10T12:19:00+05:30,25370.65,25378.75,25370.45,25378.6,0
2025-07-10T12:20:00+05:30,25378.55,25381.9,25377.35,25380.2,0
2025-07-10T12:21:00+05:30,25380.35,25382.55,25379.1,25381.0,0
2025-07-10T12:22:00+05:30,25381.1,25387.65,25380.55,25384.65,0
2025-07-10T12:23:00+05:30,25384.9,25395.85,25383.85,25394.25,0
2025-07-10T12:24:00+05:30,25394.85,25398.45,25393.8,25396.35,0
2025-07-10T12:25:00+05:30,25396.6,25397.75,25390.1,25390.65,0
2025-07-10T12:26:00+05:30,25390.8,25392.5,25387.9,25389.25,0
2025-07-10T12:27:00+05:30,25389.75,25392.3,25388.3,25390.9,0
2025-07-10T12:28:00+05:30,25390.75,25392.4,25388.05,25389.35,0
2025-07-10T12:29:00+05:30,25389.55,25404.4,25389.4,25402.9,0
2025-07-10T12:30:00+05:30,25403.2,25407.25,25403.2,25404.65,0
2025-07-10T12:31:00+05:30,25403.45,25403.85,25399.1,25399.85,0
2025-07-10T12:32:00+05:30,25400.5,25403.95,25400.1,25402.2,0
2025-07-10T12:33:00+05:30,25401.35,25403.7,25393.5,25394.15,0
2025-07-10T12:34:00+05:30,25393.8,25402.25,25392.75,25399.7,0
2025-07-10T12:35:00+05:30,25399.55,25408.15,25399.35,25405.05,0
2025-07-10T12:36:00+05:30,25406.15,25407.7,25400.95,25404.75,0
2025-07-10T12:37:00+05:30,25404.7,25407.7,25403.25,25406.4,0
2025-07-10T12:38:00+05:30,25405.15,25410.75,25405.1,25407.2,0
2025-07-10T12:39:00+05:30,25406.7,25408.45,25405.75,25408.05,0
2025-07-10T12:40:00+05:30,25407.85,25409.9,25402.75,25404.0,0
2025-07-10T12:41:00+05:30,25403.8,25404.55,25400.85,25400.85,0
2025-07-10T12:42:00+05:30,25400.9,25401.9,25397.45,25398.4,0
2025-07-10T12:43:00+05:30,25398.15,25398.9,25391.6,25392.3,0
2025-07-10T12:44:00+05:30,25392.45,25392.9,25389.2,25389.45,0
2025-07-10T12:45:00+05:30,25389.75,25390.6,25387.05,25388.2,0
2025-07-10T12:46:00+05:30,25388.1,25390.9,25384.7,25390.9,0
2025-07-10T12:47:00+05:30,25390.05,25392.85,25388.45,25389.35,0
2025-07-10T12:48:00+05:30,25388.75,25390.35,25384.85,25387.65,0
2025-07-10T12:49:00+05:30,25386.75,25392.65,25384.65,25392.65,0
2025-07-10T12:50:00+05:30,25391.6,25393.45,25389.95,25391.25,0
2025-07-10T12:51:00+05:30,25392.1,25393.7,25388.25,25392.2,0
2025-07-10T12:52:00+05:30,25391.9,25401.35,25391.25,25400.25,0
2025-07-10T12:53:00+05:30,25399.8,25402.7,25395.65,25396.95,0
2025-07-10T12:54:00+05:30,25397.25,25397.6,25388.85,25388.85,0
2025-07-10T12:55:00+05:30,25388.95,25394.7,25388.6,25391.85,0
2025-07-10T12:56:00+05:30,25391.2,25393.95,25390.35,25392.65,0
2025-07-10T12:57:00+05:30,25393.7,25394.1,25390.85,25392.95,0
2025-07-10T12:58:00+05:30,25393.45,25399.85,25391.85,25399.6,0
2025-07-10T12:59:00+05:30,25398.55,25402.75,25397.1,25400.6,0
2025-07-10T13:00:00+05:30,25401.6,25404.3,25394.35,25395.65,0
2025-07-10T13:01:00+05:30,25395.1,25395.75,25390.85,25393.45,0
2025-07-10T13:02:00+05:30,25393.0,25394.6,25390.4,25393.5,0
2025-07-10T13:03:00+05:30,25393.6,25395.25,25391.25,25392.45,0
2025-07-10T13:04:00+05:30,25392.25,25392.75,25387.8,25390.3,0
2025-07-10T13:05:00+05:30,25389.85,25390.35,25385.5,25386.1,0
2025-07-10T13:06:00+05:30,25385.55,25386.65,25380.9,25383.6,0
2025-07-10T13:07:00+05:30,25382.35,25386.8,25381.35,25385.55,0
2025-07-10T13:08:00+05:30,25385.1,25385.25,25380.0,25380.7,0
2025-07-10T13:09:00+05:30,25380.8,25381.7,25378.05,25380.6,0
2025-07-10T13:10:00+05:30,25380.1,25382.2,25378.95,25381.25,0
2025-07-10T13:11:00+05:30,25381.85,25384.05,25378.65,25382.45,0
2025-07-10T13:12:00+05:30,25387.25,25389.35,25384.05,25385.55,0
2025-07-10T13:13:00+05:30,25385.05,25386.4,25381.5,25382.7,0
2025-07-10T13:14:00+05:30,25382.3,25384.7,25381.8,25382.25,0
2025-07-10T13:15:00+05:30,25382.65,25383.7,25380.75,25382.1,0
2025-07-10T13:16:00+05:30,25380.85,25384.15,25379.45,25383.6,0
2025-07-10T13:17:00+05:30,25382.9,25384.35,25381.35,25382.6,0
2025-07-10T13:18:00+05:30,25383.05,25391.35,25382.2,25389.7,0
2025-07-10T13:19:00+05:30,25389.3,25395.85,25387.95,25395.25,0
2025-07-10T13:20:00+05:30,25393.65,25398.75,25393.65,25397.05,0
2025-07-10T13:21:00+05:30,25397.55,25399.05,25395.8,25398.05,0
2025-07-10T13:22:00+05:30,25397.75,25398.85,25392.05,25393.55,0
2025-07-10T13:23:00+05:30,25393.3,25394.4,25391.0,25391.1,0
2025-07-10T13:24:00+05:30,25391.4,25392.0,25386.4,25387.95,0
2025-07-10T13:25:00+05:30,25387.35,25388.5,25384.8,25386.7,0
2025-07-10T13:26:00+05:30,25386.0,25386.35,25383.5,25384.0,0
2025-07-10T13:27:00+05:30,25383.85,25390.0,25382.9,25389.1,0
2025-07-10T13:28:00+05:30,25389.05,25389.85,25386.05,25389.2,0
2025-07-10T13:29:00+05:30,25389.3,25393.5,25388.05,25390.55,0
2025-07-10T13:30:00+05:30,25390.5,25399.05,25390.5,25396.25,0
2025-07-10T13:31:00+05:30,25396.3,25398.85,25392.35,25393.15,0
2025-07-10T13:32:00+05:30,25393.1,25393.1,25386.15,25387.3,0
2025-07-10T13:33:00+05:30,25387.9,25391.8,25386.8,25391.8,0
2025-07-10T13:34:00+05:30,25391.15,25392.6,25389.4,25390.7,0
2025-07-10T13:35:00+05:30,25390.15,25392.45,25385.85,25390.3,0
2025-07-10T13:36:00+05:30,25390.4,25391.5,25388.35,25389.2,0
2025-07-10T13:37:00+05:30,25388.6,25390.25,25386.3,25388.9,0
2025-07-10T13:38:00+05:30,25388.45,25389.75,25384.5,25387.7,0
2025-07-10T13:39:00+05:30,25387.75,25389.35,25386.3,25386.5,0
2025-07-10T13:40:00+05:30,25387.4,25387.4,25380.05,25384.05,0
2025-07-10T13:41:00+05:30,25383.1,25385.6,25381.1,25381.95,0
2025-07-10T13:42:00+05:30,25383.0,25385.6,25381.0,25383.8,0
2025-07-10T13:43:00+05:30,25383.6,25383.85,25377.55,25378.8,0
2025-07-10T13:44:00+05:30,25378.15,25378.7,25367.6,25367.6,0
2025-07-10T13:45:00+05:30,25367.95,25367.95,25357.1,25366.25,0
2025-07-10T13:46:00+05:30,25365.5,25366.25,25362.4,25363.7,0
2025-07-10T13:47:00+05:30,25362.95,25367.8,25362.95,25366.0,0
2025-07-10T13:48:00+05:30,25365.8,25370.55,25364.8,25368.85,0
2025-07-10T13:49:00+05:30,25368.5,25378.8,25366.85,25377.8,0
2025-07-10T13:50:00+05:30,25377.7,25388.8,25377.7,25384.7,0
2025-07-10T13:51:00+05:30,25385.05,25385.5,25380.8,25382.5,0
2025-07-10T13:52:00+05:30,25382.55,25383.55,25378.55,25380.75,0
2025-07-10T13:53:00+05:30,25380.25,25381.8,25378.1,25378.8,0
2025-07-10T13:54:00+05:30,25379.7,25381.5,25375.9,25377.05,0
2025-07-10T13:55:00+05:30,25376.95,25377.95,25374.65,25376.55,0
2025-07-10T13:56:00+05:30,25376.75,25378.6,25375.2,25376.85,0
2025-07-10T13:57:00+05:30,25376.95,25376.95,25368.3,25372.1,0
2025-07-10T13:58:00+05:30,25371.9,25372.2,25358.85,25359.1,0
2025-07-10T13:59:00+05:30,25358.45,25378.1,25358.45,25374.35,0
2025-07-10T14:00:00+05:30,25374.9,25379.5,25372.75,25377.75,0
2025-07-10T14:01:00+05:30,25376.6,25381.7,25376.25,25379.55,0
2025-07-10T14:02:00+05:30,25378.9,25383.15,25378.85,25381.25,0
2025-07-10T14:03:00+05:30,25381.8,25389.8,25381.3,25388.55,0
2025-07-10T14:04:00+05:30,25388.1,25389.7,25382.75,25383.05,0
2025-07-10T14:05:00+05:30,25382.85,25396.5,25382.4,25396.25,0
2025-07-10T14:06:00+05:30,25397.55,25431.05,25397.55,25423.95,0
2025-07-10T14:07:00+05:30,25422.95,25427.25,25419.75,25424.55,0
2025-07-10T14:08:00+05:30,25424.65,25426.05,25411.65,25411.65,0
2025-07-10T14:09:00+05:30,25416.25,25416.25,25405.9,25407.05,0
2025-07-10T14:10:00+05:30,25407.2,25409.9,25406.0,25408.15,0
2025-07-10T14:11:00+05:30,25407.15,25411.45,25405.95,25406.0,0
2025-07-10T14:12:00+05:30,25406.2,25407.95,25389.0,25391.0,0
2025-07-10T14:13:00+05:30,25391.7,25392.0,25387.25,25390.6,0
2025-07-10T14:14:00+05:30,25389.8,25398.8,25389.35,25393.95,0
2025-07-10T14:15:00+05:30,25394.2,25397.3,25393.7,25395.05,0
2025-07-10T14:16:00+05:30,25394.95,25399.2,25392.85,25399.2,0
2025-07-10T14:17:00+05:30,25397.75,25407.65,25396.05,25402.6,0
2025-07-10T14:18:00+05:30,25402.0,25403.1,25399.1,25399.9,0
2025-07-10T14:19:00+05:30,25399.45,25401.55,25398.5,25401.2,0
2025-07-10T14:20:00+05:30,25400.95,25403.0,25397.95,25400.8,0
2025-07-10T14:21:00+05:30,25401.05,25404.95,25401.05,25404.65,0
2025-07-10T14:22:00+05:30,25404.6,25405.2,25401.6,25403.6,0
2025-07-10T14:23:00+05:30,25403.3,25403.5,25397.75,25397.75,0
2025-07-10T14:24:00+05:30,25398.5,25401.55,25397.85,25400.7,0
2025-07-10T14:25:00+05:30,25402.05,25405.05,25399.35,25403.25,0
2025-07-10T14:26:00+05:30,25403.5,25408.95,25403.2,25407.5,0
2025-07-10T14:27:00+05:30,25408.1,25408.55,25404.65,25404.65,0
2025-07-10T14:28:00+05:30,25404.25,25408.75,25401.9,25408.05,0
2025-07-10T14:29:00+05:30,25408.1,25416.6,25408.1,25411.35,0
2025-07-10T14:30:00+05:30,25411.45,25413.15,25405.8,25405.8,0
2025-07-10T14:31:00+05:30,25406.15,25406.35,25402.95,25403.3,0
2025-07-10T14:32:00+05:30,25403.5,25404.3,25401.25,25401.25,0
2025-07-10T14:33:00+05:30,25402.35,25403.0,25400.4,25402.1,0
2025-07-10T14:34:00+05:30,25401.8,25407.05,25401.45,25406.8,0
2025-07-10T14:35:00+05:30,25406.1,25411.4,25405.6,25408.6,0
2025-07-10T14:36:00+05:30,25408.45,25414.5,25407.75,25409.05,0
2025-07-10T14:37:00+05:30,25409.0,25411.5,25405.35,25407.25,0
2025-07-10T14:38:00+05:30,25407.75,25412.0,25403.5,25405.3,0
2025-07-10T14:39:00+05:30,25405.25,25407.6,25402.9,25402.95,0
2025-07-10T14:40:00+05:30,25402.1,25408.15,25402.1,25406.5,0
2025-07-10T14:41:00+05:30,25405.85,25409.8,25404.25,25404.25,0
2025-07-10T14:42:00+05:30,25405.35,25410.35,25405.35,25408.6,0
2025-07-10T14:43:00+05:30,25408.45,25408.95,25404.55,25405.5,0
2025-07-10T14:44:00+05:30,25404.8,25410.9,25400.05,25408.3,0
2025-07-10T14:45:00+05:30,25407.85,25411.0,25406.45,25408.95,0
2025-07-10T14:46:00+05:30,25408.6,25409.7,25405.85,25406.9,0
2025-07-10T14:47:00+05:30,25406.75,25409.0,25401.45,25403.6,0
2025-07-10T14:48:00+05:30,25404.45,25404.85,25368.65,25368.65,0
2025-07-10T14:49:00+05:30,25370.0,25389.6,25369.65,25388.95,0
2025-07-10T14:50:00+05:30,25389.0,25394.25,25385.85,25392.05,0
2025-07-10T14:51:00+05:30,25392.65,25398.35,25388.45,25389.1,0
2025-07-10T14:52:00+05:30,25388.7,25389.2,25380.45,25386.75,0
2025-07-10T14:53:00+05:30,25386.65,25388.7,25385.55,25386.4,0
2025-07-10T14:54:00+05:30,25386.55,25387.35,25383.65,25385.75,0
2025-07-10T14:55:00+05:30,25386.05,25390.95,25385.15,25390.65,0
2025-07-10T14:56:00+05:30,25389.8,25393.1,25387.5,25387.85,0
2025-07-10T14:57:00+05:30,25388.55,25392.05,25377.85,25380.3,0
2025-07-10T14:58:00+05:30,25380.85,25384.5,25378.75,25380.5,0
2025-07-10T14:59:00+05:30,25381.1,25381.4,25363.2,25363.2,0
2025-07-10T15:00:00+05:30,25366.05,25366.45,25342.4,25347.75,0
2025-07-10T15:01:00+05:30,25349.65,25364.8,25345.65,25362.65,0
2025-07-10T15:02:00+05:30,25363.3,25368.2,25349.75,25351.4,0
2025-07-10T15:03:00+05:30,25352.5,25355.25,25349.0,25352.15,0
2025-07-10T15:04:00+05:30,25352.7,25365.8,25347.95,25362.5,0
2025-07-10T15:05:00+05:30,25363.85,25373.25,25362.25,25364.5,0
2025-07-10T15:06:00+05:30,25365.85,25365.85,25358.2,25362.5,0
2025-07-10T15:07:00+05:30,25362.4,25365.0,25357.05,25357.5,0
2025-07-10T15:08:00+05:30,25357.95,25372.65,25354.3,25370.85,0
2025-07-10T15:09:00+05:30,25371.2,25376.35,25370.15,25374.05,0
2025-07-10T15:10:00+05:30,25375.55,25377.4,25373.55,25374.05,0
2025-07-10T15:11:00+05:30,25374.35,25374.35,25367.25,25368.55,0
2025-07-10T15:12:00+05:30,25368.6,25368.85,25363.5,25366.6,0
2025-07-10T15:13:00+05:30,25366.65,25376.6,25366.65,25371.25,0
2025-07-10T15:14:00+05:30,25370.55,25370.7,25358.8,25362.75,0
2025-07-10T15:15:00+05:30,25362.55,25364.75,25355.55,25364.75,0
2025-07-10T15:16:00+05:30,25365.45,25374.7,25365.45,25370.95,0
2025-07-10T15:17:00+05:30,25371.65,25371.65,25358.35,25360.2,0
2025-07-10T15:18:00+05:30,25361.0,25361.0,25353.55,25356.05,0
2025-07-10T15:19:00+05:30,25356.35,25372.7,25355.4,25371.8,0
2025-07-10T15:20:00+05:30,25370.45,25371.75,25362.05,25363.6,0
2025-07-10T15:21:00+05:30,25364.2,25364.2,25355.1,25357.35,0
2025-07-10T15:22:00+05:30,25357.7,25359.55,25351.2,25351.85,0
2025-07-10T15:23:00+05:30,25351.4,25353.65,25348.2,25348.7,0
2025-07-10T15:24:00+05:30,25349.05,25351.65,25345.55,25350.95,0
2025-07-10T15:25:00+05:30,25351.1,25353.65,25349.9,25353.35,0
2025-07-10T15:26:00+05:30,25353.3,25354.25,25349.65,25352.4,0
2025-07-10T15:27:00+05:30,25350.1,25356.6,25340.45,25355.45,0
2025-07-10T15:28:00+05:30,25354.9,25358.7,25350.8,25354.9,0
2025-07-10T15:29:00+05:30,25353.05,25355.2,25345.95,25348.15,0
2025-07-11T09:15:00+05:30,25255.5,25285.95,25244.0,25263.05,0
2025-07-11T09:16:00+05:30,25263.3,25288.45,25258.25,25283.65,0
2025-07-11T09:17:00+05:30,25280.1,25289.95,25272.7,25289.0,0
2025-07-11T09:18:00+05:30,25287.85,25293.55,25284.4,25292.05,0
2025-07-11T09:19:00+05:30,25292.3,25297.5,25286.8,25288.95,0
2025-07-11T09:20:00+05:30,25288.45,25302.4,25282.2,25299.1,0
2025-07-11T09:21:00+05:30,25298.65,25303.8,25289.3,25290.1,0
2025-07-11T09:22:00+05:30,25289.75,25300.15,25287.85,25297.45,0
2025-07-11T09:23:00+05:30,25298.0,25298.8,25289.6,25298.45,0
2025-07-11T09:24:00+05:30,25298.05,25304.2,25297.0,25300.1,0
2025-07-11T09:25:00+05:30,25300.5,25317.6,25300.3,25316.8,0
2025-07-11T09:26:00+05:30,25316.75,25317.15,25308.4,25311.55,0
2025-07-11T09:27:00+05:30,25310.7,25318.0,25309.25,25314.85,0
2025-07-11T09:28:00+05:30,25315.85,25318.05,25310.95,25311.7,0
2025-07-11T09:29:00+05:30,25312.25,25312.6,25306.1,25310.4,0
2025-07-11T09:30:00+05:30,25309.9,25310.7,25300.7,25301.55,0
2025-07-11T09:31:00+05:30,25302.25,25305.7,25292.5,25293.05,0
2025-07-11T09:32:00+05:30,25292.95,25295.3,25286.3,25294.65,0
2025-07-11T09:33:00+05:30,25294.8,25296.75,25289.65,25290.55,0
2025-07-11T09:34:00+05:30,25290.3,25291.6,25285.45,25286.85,0
2025-07-11T09:35:00+05:30,25287.7,25289.25,25285.65,25287.85,0
2025-07-11T09:36:00+05:30,25288.85,25296.8,25287.1,25296.8,0
2025-07-11T09:37:00+05:30,25297.45,25302.5,25295.35,25301.95,0
2025-07-11T09:38:00+05:30,25302.5,25307.6,25301.55,25307.25,0
2025-07-11T09:39:00+05:30,25306.15,25308.35,25301.35,25304.7,0
2025-07-11T09:40:00+05:30,25304.5,25314.35,25302.7,25313.5,0
2025-07-11T09:41:00+05:30,25312.85,25315.0,25310.45,25313.35,0
2025-07-11T09:42:00+05:30,25313.4,25321.35,25312.9,25320.45,0
2025-07-11T09:43:00+05:30,25320.85,25322.45,25312.9,25315.3,0
2025-07-11T09:44:00+05:30,25314.65,25317.8,25311.5,25315.25,0
2025-07-11T09:45:00+05:30,25315.55,25315.8,25299.55,25300.2,0
2025-07-11T09:46:00+05:30,25300.05,25304.35,25296.7,25303.7,0
2025-07-11T09:47:00+05:30,25301.45,25304.5,25300.35,25302.4,0
2025-07-11T09:48:00+05:30,25301.6,25302.4,25299.75,25300.55,0
2025-07-11T09:49:00+05:30,25301.05,25301.65,25296.75,25297.55,0
2025-07-11T09:50:00+05:30,25297.45,25298.2,25290.55,25291.8,0
2025-07-11T09:51:00+05:30,25291.4,25294.0,25289.55,25291.2,0
2025-07-11T09:52:00+05:30,25291.65,25295.65,25290.4,25294.75,0
2025-07-11T09:53:00+05:30,25294.55,25303.9,25294.55,25298.15,0
2025-07-11T09:54:00+05:30,25297.9,25298.5,25295.45,25297.5,0
2025-07-11T09:55:00+05:30,25298.15,25301.0,25294.7,25294.7,0
2025-07-11T09:56:00+05:30,25294.95,25297.75,25292.45,25295.65,0
2025-07-11T09:57:00+05:30,25296.05,25296.05,25287.2,25288.05,0
2025-07-11T09:58:00+05:30,25288.8,25289.1,25279.35,25279.4,0
2025-07-11T09:59:00+05:30,25280.3,25286.9,25279.6,25286.9,0
2025-07-11T10:00:00+05:30,25287.05,25287.6,25274.2,25276.4,0
2025-07-11T10:01:00+05:30,25276.75,25276.8,25264.2,25266.8,0
2025-07-11T10:02:00+05:30,25267.75,25268.75,25263.45,25268.2,0
2025-07-11T10:03:00+05:30,25268.9,25271.65,25263.6,25265.15,0
2025-07-11T10:04:00+05:30,25264.5,25266.75,25258.35,25258.9,0
2025-07-11T10:05:00+05:30,25258.65,25266.75,25255.4,25263.85,0
2025-07-11T10:06:00+05:30,25264.3,25266.45,25260.05,25263.6,0
2025-07-11T10:07:00+05:30,25264.1,25265.3,25260.35,25264.95,0
2025-07-11T10:08:00+05:30,25265.0,25269.05,25261.5,25268.25,0
2025-07-11T10:09:00+05:30,25267.8,25271.5,25265.4,25269.5,0
2025-07-11T10:10:00+05:30,25269.85,25269.85,25259.35,25259.35,0
2025-07-11T10:11:00+05:30,25259.65,25265.25,25258.95,25262.1,0
2025-07-11T10:12:00+05:30,25262.85,25264.05,25259.8,25262.45,0
2025-07-11T10:13:00+05:30,25263.3,25263.85,25256.8,25257.95,0
2025-07-11T10:14:00+05:30,25257.8,25257.8,25252.4,25256.75,0
2025-07-11T10:15:00+05:30,25256.9,25257.25,25253.2,25253.95,0
2025-07-11T10:16:00+05:30,25254.5,25255.1,25251.6,25254.95,0
2025-07-11T10:17:00+05:30,25255.15,25256.4,25251.5,25252.2,0
2025-07-11T10:18:00+05:30,25252.3,25254.65,25246.65,25249.2,0
2025-07-11T10:19:00+05:30,25249.7,25249.7,25238.9,25239.55,0
2025-07-11T10:20:00+05:30,25239.65,25246.7,25238.7,25245.9,0
2025-07-11T10:21:00+05:30,25245.3,25245.35,25232.8,25233.6,0
2025-07-11T10:22:00+05:30,25233.75,25239.2,25231.5,25238.25,0
2025-07-11T10:23:00+05:30,25238.95,25242.0,25237.5,25241.05,0
2025-07-11T10:24:00+05:30,25241.0,25242.3,25238.1,25240.05,0
2025-07-11T10:25:00+05:30,25240.5,25245.6,25239.9,25240.2,0
2025-07-11T10:26:00+05:30,25239.7,25240.1,25235.5,25239.75,0
2025-07-11T10:27:00+05:30,25239.95,25241.25,25236.0,25240.45,0
2025-07-11T10:28:00+05:30,25240.05,25241.1,25237.6,25237.6,0
2025-07-11T10:29:00+05:30,25237.85,25239.95,25234.8,25239.2,0
2025-07-11T10:30:00+05:30,25238.8,25240.7,25228.85,25232.05,0
2025-07-11T10:31:00+05:30,25232.15,25232.5,25220.3,25228.2,0
2025-07-11T10:32:00+05:30,25228.65,25228.65,25223.0,25223.4,0
2025-07-11T10:33:00+05:30,25223.35,25223.75,25215.45,25218.35,0
2025-07-11T10:34:00+05:30,25218.7,25221.1,25216.75,25219.9,0
2025-07-11T10:35:00+05:30,25219.75,25219.75,25213.8,25217.2,0
2025-07-11T10:36:00+05:30,25217.65,25221.65,25215.3,25221.65,0
2025-07-11T10:37:00+05:30,25221.35,25229.85,25220.95,25229.85,0
2025-07-11T10:38:00+05:30,25228.4,25229.7,25226.85,25228.2,0
2025-07-11T10:39:00+05:30,25228.65,25230.45,25226.0,25228.8,0
2025-07-11T10:40:00+05:30,25229.05,25229.4,25225.1,25225.15,0
2025-07-11T10:41:00+05:30,25224.65,25228.85,25223.4,25226.2,0
2025-07-11T10:42:00+05:30,25226.25,25228.5,25224.95,25225.8,0
2025-07-11T10:43:00+05:30,25225.85,25226.35,25207.95,25207.95,0
2025-07-11T10:44:00+05:30,25207.75,25211.3,25206.0,25210.6,0
2025-07-11T10:45:00+05:30,25210.15,25210.4,25198.55,25198.85,0
2025-07-11T10:46:00+05:30,25199.8,25202.9,25198.25,25200.1,0
2025-07-11T10:47:00+05:30,25200.25,25202.0,25198.0,25202.0,0
2025-07-11T10:48:00+05:30,25200.8,25201.65,25192.2,25197.65,0
2025-07-11T10:49:00+05:30,25197.25,25197.45,25191.35,25191.6,0
2025-07-11T10:50:00+05:30,25192.55,25199.35,25189.85,25199.0,0
2025-07-11T10:51:00+05:30,25198.4,25203.2,25196.9,25202.8,0
2025-07-11T10:52:00+05:30,25202.7,25206.35,25201.4,25205.4,0
2025-07-11T10:53:00+05:30,25205.45,25206.9,25203.45,25206.4,0
2025-07-11T10:54:00+05:30,25206.75,25208.65,25203.65,25204.15,0
2025-07-11T10:55:00+05:30,25203.85,25203.85,25198.85,25200.4,0
2025-07-11T10:56:00+05:30,25200.9,25202.0,25197.8,25199.05,0
2025-07-11T10:57:00+05:30,25198.7,25199.3,25185.0,25185.05,0
2025-07-11T10:58:00+05:30,25185.1,25185.1,25171.85,25173.4,0
2025-07-11T10:59:00+05:30,25174.5,25176.0,25170.3,25175.05,0
2025-07-11T11:00:00+05:30,25176.25,25177.2,25168.75,25169.5,0
2025-07-11T11:01:00+05:30,25169.35,25170.15,25164.5,25165.35,0
2025-07-11T11:02:00+05:30,25165.0,25167.75,25163.65,25165.45,0
2025-07-11T11:03:00+05:30,25165.4,25165.4,25161.2,25161.6,0
2025-07-11T11:04:00+05:30,25161.0,25164.0,25157.15,25162.6,0
2025-07-11T11:05:00+05:30,25164.35,25166.5,25162.45,25165.05,0
2025-07-11T11:06:00+05:30,25165.0,25172.95,25164.2,25170.25,0
2025-07-11T11:07:00+05:30,25171.7,25177.3,25169.4,25173.15,0
2025-07-11T11:08:00+05:30,25173.5,25173.5,25162.75,25163.0,0
2025-07-11T11:09:00+05:30,25163.05,25163.55,25149.25,25151.5,0
2025-07-11T11:10:00+05:30,25151.4,25162.5,25150.75,25162.45,0
2025-07-11T11:11:00+05:30,25163.1,25174.25,25162.8,25174.1,0
2025-07-11T11:12:00+05:30,25174.8,25213.25,25173.1,25210.6,0
2025-07-11T11:13:00+05:30,25213.2,25214.85,25179.25,25182.85,0
2025-07-11T11:14:00+05:30,25183.15,25185.7,25178.65,25179.15,0
2025-07-11T11:15:00+05:30,25179.05,25180.8,25174.45,25175.85,0
2025-07-11T11:16:00+05:30,25175.35,25178.0,25173.9,25177.05,0
2025-07-11T11:17:00+05:30,25177.25,25178.2,25174.05,25174.85,0
2025-07-11T11:18:00+05:30,25175.1,25177.95,25171.95,25172.85,0
2025-07-11T11:19:00+05:30,25171.9,25173.3,25169.25,25169.7,0
2025-07-11T11:20:00+05:30,25168.85,25170.25,25167.1,25168.8,0
2025-07-11T11:21:00+05:30,25168.65,25170.85,25167.75,25168.2,0
2025-07-11T11:22:00+05:30,25168.5,25169.55,25164.7,25165.6,0
2025-07-11T11:23:00+05:30,25164.9,25166.3,25161.6,25161.9,0
2025-07-11T11:24:00+05:30,25161.85,25165.55,25161.25,25162.25,0
2025-07-11T11:25:00+05:30,25162.2,25162.9,25157.5,25158.8,0
2025-07-11T11:26:00+05:30,25157.45,25158.6,25154.45,25155.25,0
2025-07-11T11:27:00+05:30,25155.9,25159.45,25154.3,25154.3,0
2025-07-11T11:28:00+05:30,25155.4,25156.15,25153.15,25155.65,0
2025-07-11T11:29:00+05:30,25155.55,25161.7,25154.7,25161.65,0
2025-07-11T11:30:00+05:30,25161.3,25165.4,25161.3,25162.8,0
2025-07-11T11:31:00+05:30,25162.2,25176.05,25161.55,25174.9,0
2025-07-11T11:32:00+05:30,25175.65,25175.7,25169.6,25169.6,0
2025-07-11T11:33:00+05:30,25170.25,25171.45,25165.05,25166.8,0
2025-07-11T11:34:00+05:30,25167.35,25170.4,25165.4,25168.95,0
2025-07-11T11:35:00+05:30,25168.85,25172.9,25166.4,25172.55,0
2025-07-11T11:36:00+05:30,25172.9,25174.4,25170.5,25173.2,0
2025-07-11T11:37:00+05:30,25174.05,25175.05,25171.7,25174.15,0
2025-07-11T11:38:00+05:30,25174.65,25178.0,25174.25,25177.45,0
2025-07-11T11:39:00+05:30,25177.25,25180.65,25175.3,25178.0,0
2025-07-11T11:40:00+05:30,25178.75,25179.4,25175.0,25175.95,0
2025-07-11T11:41:00+05:30,25175.7,25175.7,25170.7,25172.2,0
2025-07-11T11:42:00+05:30,25172.4,25175.8,25170.3,25175.35,0
2025-07-11T11:43:00+05:30,25176.05,25178.9,25173.05,25177.25,0
2025-07-11T11:44:00+05:30,25176.75,25177.1,25165.65,25166.5,0
2025-07-11T11:45:00+05:30,25166.85,25171.55,25165.85,25168.85,0
2025-07-11T11:46:00+05:30,25168.75,25176.3,25168.2,25175.55,0
2025-07-11T11:47:00+05:30,25175.7,25175.9,25170.4,25174.25,0
2025-07-11T11:48:00+05:30,25173.85,25173.85,25170.1,25171.1,0
2025-07-11T11:49:00+05:30,25171.7,25174.7,25169.95,25169.95,0
2025-07-11T11:50:00+05:30,25170.25,25171.1,25167.95,25169.6,0
2025-07-11T11:51:00+05:30,25169.5,25170.65,25167.4,25169.4,0
2025-07-11T11:52:00+05:30,25169.5,25174.55,25168.9,25173.85,0
2025-07-11T11:53:00+05:30,25173.9,25179.45,25172.75,25176.15,0
2025-07-11T11:54:00+05:30,25176.6,25179.4,25174.15,25174.8,0
2025-07-11T11:55:00+05:30,25174.35,25175.85,25171.15,25171.2,0
2025-07-11T11:56:00+05:30,25170.7,25172.55,25168.7,25171.4,0
2025-07-11T11:57:00+05:30,25170.75,25171.85,25165.75,25166.15,0
2025-07-11T11:58:00+05:30,25166.35,25171.4,25164.45,25169.5,0
2025-07-11T11:59:00+05:30,25169.65,25169.65,25161.55,25163.2,0
2025-07-11T12:00:00+05:30,25163.05,25164.2,25160.3,25160.75,0
2025-07-11T12:01:00+05:30,25160.55,25161.35,25153.25,25158.05,0
2025-07-11T12:02:00+05:30,25157.7,25158.15,25154.25,25156.2,0
2025-07-11T12:03:00+05:30,25156.0,25156.95,25152.35,25152.35,0
2025-07-11T12:04:00+05:30,25151.55,25153.2,25136.75,25149.95,0
2025-07-11T12:05:00+05:30,25150.15,25156.9,25149.35,25155.9,0
2025-07-11T12:06:00+05:30,25155.8,25162.8,25155.15,25161.95,0
2025-07-11T12:07:00+05:30,25161.1,25164.7,25158.8,25159.25,0
2025-07-11T12:08:00+05:30,25159.35,25159.6,25155.05,25156.85,0
2025-07-11T12:09:00+05:30,25157.4,25157.4,25145.65,25154.65,0
2025-07-11T12:10:00+05:30,25154.35,25155.95,25151.85,25155.0,0
2025-07-11T12:11:00+05:30,25155.65,25156.1,25152.55,25153.75,0
2025-07-11T12:12:00+05:30,25153.85,25159.1,25151.1,25157.15,0
2025-07-11T12:13:00+05:30,25157.55,25166.7,25156.2,25165.1,0
2025-07-11T12:14:00+05:30,25166.1,25167.8,25164.25,25166.5,0
2025-07-11T12:15:00+05:30,25166.55,25166.65,25160.45,25161.7,0
2025-07-11T12:16:00+05:30,25161.5,25162.15,25156.95,25158.45,0
2025-07-11T12:17:00+05:30,25158.4,25163.15,25156.85,25161.3,0
2025-07-11T12:18:00+05:30,25161.5,25169.15,25159.5,25164.8,0
2025-07-11T12:19:00+05:30,25164.9,25166.0,25163.05,25164.6,0
2025-07-11T12:20:00+05:30,25164.35,25165.45,25162.4,25162.4,0
2025-07-11T12:21:00+05:30,25162.65,25163.75,25158.4,25159.7,0
2025-07-11T12:22:00+05:30,25159.75,25162.1,25159.05,25159.65,0
2025-07-11T12:23:00+05:30,25160.05,25161.5,25158.45,25158.45,0
2025-07-11T12:24:00+05:30,25158.25,25161.25,25157.25,25158.05,0
2025-07-11T12:25:00+05:30,25158.65,25161.3,25157.6,25159.2,0
2025-07-11T12:26:00+05:30,25159.95,25160.25,25156.1,25156.55,0
2025-07-11T12:27:00+05:30,25156.85,25158.3,25155.7,25157.3,0
2025-07-11T12:28:00+05:30,25157.5,25158.55,25155.9,25157.55,0
2025-07-11T12:29:00+05:30,25157.75,25159.65,25155.9,25157.15,0
2025-07-11T12:30:00+05:30,25157.05,25175.8,25156.05,25166.0,0
2025-07-11T12:31:00+05:30,25165.9,25171.8,25165.4,25169.85,0
2025-07-11T12:32:00+05:30,25170.2,25172.15,25167.65,25169.35,0
2025-07-11T12:33:00+05:30,25169.55,25174.45,25169.25,25171.8,0
2025-07-11T12:34:00+05:30,25171.65,25179.25,25171.25,25177.75,0
2025-07-11T12:35:00+05:30,25178.1,25183.25,25176.8,25183.25,0
2025-07-11T12:36:00+05:30,25181.6,25186.7,25181.6,25185.55,0
2025-07-11T12:37:00+05:30,25185.45,25189.55,25183.05,25183.35,0
2025-07-11T12:38:00+05:30,25183.6,25183.75,25177.1,25179.1,0
2025-07-11T12:39:00+05:30,25179.7,25180.25,25175.75,25176.85,0
2025-07-11T12:40:00+05:30,25176.7,25179.65,25176.2,25178.9,0
2025-07-11T12:41:00+05:30,25178.75,25180.15,25176.7,25178.05,0
2025-07-11T12:42:00+05:30,25178.55,25180.35,25175.4,25176.85,0
2025-07-11T12:43:00+05:30,25177.0,25203.45,25176.6,25202.4,0
2025-07-11T12:44:00+05:30,25202.25,25205.15,25184.7,25184.7,0
2025-07-11T12:45:00+05:30,25185.55,25185.75,25179.2,25183.15,0
2025-07-11T12:46:00+05:30,25183.5,25183.5,25180.2,25181.2,0
2025-07-11T12:47:00+05:30,25180.65,25183.45,25180.55,25182.3,0
2025-07-11T12:48:00+05:30,25182.25,25182.65,25179.25,25180.25,0
2025-07-11T12:49:00+05:30,25179.85,25181.6,25177.7,25177.85,0
2025-07-11T12:50:00+05:30,25177.8,25180.7,25177.6,25178.45,0
2025-07-11T12:51:00+05:30,25178.15,25181.55,25177.1,25179.55,0
2025-07-11T12:52:00+05:30,25179.65,25179.65,25170.6,25170.6,0
2025-07-11T12:53:00+05:30,25170.95,25171.7,25165.05,25166.65,0
2025-07-11T12:54:00+05:30,25166.15,25168.1,25162.6,25163.15,0
2025-07-11T12:55:00+05:30,25163.4,25165.4,25163.2,25165.25,0
2025-07-11T12:56:00+05:30,25164.9,25166.6,25164.45,25165.0,0
2025-07-11T12:57:00+05:30,25165.1,25168.8,25164.4,25165.25,0
2025-07-11T12:58:00+05:30,25165.5,25167.7,25161.45,25162.45,0
2025-07-11T12:59:00+05:30,25163.95,25164.75,25159.25,25163.6,0
2025-07-11T13:00:00+05:30,25163.7,25167.75,25163.3,25164.65,0
2025-07-11T13:01:00+05:30,25164.45,25165.55,25161.55,25162.2,0
2025-07-11T13:02:00+05:30,25162.45,25165.8,25161.8,25162.3,0
2025-07-11T13:03:00+05:30,25162.05,25164.3,25159.05,25162.3,0
2025-07-11T13:04:00+05:30,25163.0,25164.45,25160.85,25163.75,0
2025-07-11T13:05:00+05:30,25163.7,25165.25,25160.15,25162.2,0
2025-07-11T13:06:00+05:30,25162.1,25162.7,25157.15,25158.05,0
2025-07-11T13:07:00+05:30,25158.2,25158.95,25156.4,25157.1,0
2025-07-11T13:08:00+05:30,25157.55,25158.85,25153.4,25155.8,0
2025-07-11T13:09:00+05:30,25156.3,25156.9,25140.55,25140.55,0
2025-07-11T13:10:00+05:30,25140.8,25155.1,25140.5,25153.45,0
2025-07-11T13:11:00+05:30,25154.0,25155.2,25150.35,25153.9,0
2025-07-11T13:12:00+05:30,25153.75,25155.7,25152.25,25153.25,0
2025-07-11T13:13:00+05:30,25153.8,25155.7,25152.15,25154.25,0
2025-07-11T13:14:00+05:30,25154.4,25156.6,25153.3,25155.7,0
2025-07-11T13:15:00+05:30,25155.25,25157.85,25153.15,25153.6,0
2025-07-11T13:16:00+05:30,25153.55,25154.5,25150.25,25151.7,0
2025-07-11T13:17:00+05:30,25150.6,25156.0,25150.6,25154.75,0
2025-07-11T13:18:00+05:30,25154.45,25162.2,25154.0,25160.7,0
2025-07-11T13:19:00+05:30,25160.1,25161.35,25157.9,25159.1,0
2025-07-11T13:20:00+05:30,25159.4,25160.3,25155.15,25155.85,0
2025-07-11T13:21:00+05:30,25155.55,25155.75,25151.4,25151.65,0
2025-07-11T13:22:00+05:30,25151.7,25160.55,25151.35,25159.5,0
2025-07-11T13:23:00+05:30,25159.6,25161.1,25157.3,25158.9,0
2025-07-11T13:24:00+05:30,25159.25,25160.0,25155.9,25156.55,0
2025-07-11T13:25:00+05:30,25156.25,25157.7,25155.45,25156.15,0
2025-07-11T13:26:00+05:30,25156.25,25161.75,25155.5,25159.5,0
2025-07-11T13:27:00+05:30,25160.1,25163.65,25159.1,25161.7,0
2025-07-11T13:28:00+05:30,25162.1,25162.95,25157.15,25157.6,0
2025-07-11T13:29:00+05:30,25157.8,25158.3,25151.7,25152.55,0
2025-07-11T13:30:00+05:30,25152.85,25158.75,25152.85,25157.2,0
2025-07-11T13:31:00+05:30,25157.65,25159.0,25152.7,25152.7,0
2025-07-11T13:32:00+05:30,25153.85,25156.95,25153.25,25155.4,0
2025-07-11T13:33:00+05:30,25155.55,25156.75,25153.3,25153.35,0
2025-07-11T13:34:00+05:30,25154.55,25155.05,25150.95,25150.95,0
2025-07-11T13:35:00+05:30,25151.1,25156.1,25150.85,25154.4,0
2025-07-11T13:36:00+05:30,25153.45,25155.85,25152.65,25153.3,0
2025-07-11T13:37:00+05:30,25153.9,25154.95,25151.85,25152.9,0
2025-07-11T13:38:00+05:30,25154.1,25158.4,25152.5,25156.75,0
2025-07-11T13:39:00+05:30,25156.85,25159.0,25153.35,25153.35,0
2025-07-11T13:40:00+05:30,25154.05,25154.15,25149.2,25149.2,0
2025-07-11T13:41:00+05:30,25149.35,25150.45,25145.5,25147.9,0
2025-07-11T13:42:00+05:30,25148.2,25149.5,25144.6,25145.55,0
2025-07-11T13:43:00+05:30,25146.2,25149.5,25144.0,25148.6,0
2025-07-11T13:44:00+05:30,25149.55,25150.3,25146.8,25147.35,0
2025-07-11T13:45:00+05:30,25147.4,25149.1,25144.45,25147.8,0
2025-07-11T13:46:00+05:30,25147.6,25149.9,25146.3,25148.6,0
2025-07-11T13:47:00+05:30,25149.35,25150.9,25147.2,25147.9,0
2025-07-11T13:48:00+05:30,25148.2,25162.9,25148.2,25156.85,0
2025-07-11T13:49:00+05:30,25157.05,25163.85,25157.0,25161.3,0
2025-07-11T13:50:00+05:30,25161.0,25162.55,25157.85,25160.45,0
2025-07-11T13:51:00+05:30,25159.75,25164.35,25158.65,25162.5,0
2025-07-11T13:52:00+05:30,25162.95,25166.6,25161.55,25165.15,0
2025-07-11T13:53:00+05:30,25164.8,25166.8,25163.65,25165.05,0
2025-07-11T13:54:00+05:30,25164.6,25169.15,25164.05,25166.4,0
2025-07-11T13:55:00+05:30,25167.3,25169.1,25164.75,25167.7,0
2025-07-11T13:56:00+05:30,25168.15,25170.05,25166.3,25168.9,0
2025-07-11T13:57:00+05:30,25168.75,25169.15,25164.55,25164.95,0
2025-07-11T13:58:00+05:30,25164.9,25171.15,25164.7,25170.9,0
2025-07-11T13:59:00+05:30,25170.75,25172.65,25168.4,25168.4,0
2025-07-11T14:00:00+05:30,25169.0,25171.0,25163.25,25163.25,0
2025-07-11T14:01:00+05:30,25163.2,25166.65,25162.5,25163.3,0
2025-07-11T14:02:00+05:30,25163.4,25164.7,25161.25,25161.95,0
2025-07-11T14:03:00+05:30,25162.0,25164.7,25158.6,25161.7,0
2025-07-11T14:04:00+05:30,25161.45,25163.3,25159.55,25161.65,0
2025-07-11T14:05:00+05:30,25161.15,25164.35,25160.55,25161.35,0
2025-07-11T14:06:00+05:30,25161.05,25164.5,25159.7,25162.3,0
2025-07-11T14:07:00+05:30,25161.95,25163.95,25158.4,25158.4,0
2025-07-11T14:08:00+05:30,25158.1,25160.7,25155.8,25155.85,0
2025-07-11T14:09:00+05:30,25156.05,25157.8,25152.7,25153.8,0
2025-07-11T14:10:00+05:30,25154.4,25155.5,25150.05,25150.85,0
2025-07-11T14:11:00+05:30,25150.95,25158.4,25150.7,25157.1,0
2025-07-11T14:12:00+05:30,25157.6,25191.55,25157.25,25189.85,0
2025-07-11T14:13:00+05:30,25189.4,25190.2,25167.2,25169.85,0
2025-07-11T14:14:00+05:30,25169.6,25170.8,25165.75,25168.4,0
2025-07-11T14:15:00+05:30,25168.3,25171.35,25166.55,25169.85,0
2025-07-11T14:16:00+05:30,25170.2,25171.65,25166.85,25167.2,0
2025-07-11T14:17:00+05:30,25166.7,25171.0,25166.1,25167.1,0
2025-07-11T14:18:00+05:30,25167.05,25170.5,25165.2,25167.45,0
2025-07-11T14:19:00+05:30,25167.65,25169.4,25163.65,25163.9,0
2025-07-11T14:20:00+05:30,25163.7,25164.9,25153.9,25154.1,0
2025-07-11T14:21:00+05:30,25154.35,25157.05,25152.6,25154.75,0
2025-07-11T14:22:00+05:30,25154.6,25157.0,25153.3,25153.9,0
2025-07-11T14:23:00+05:30,25153.6,25157.3,25152.85,25154.5,0
2025-07-11T14:24:00+05:30,25154.65,25159.5,25153.4,25157.55,0
2025-07-11T14:25:00+05:30,25157.1,25158.6,25153.3,25154.3,0
2025-07-11T14:26:00+05:30,25154.6,25159.7,25153.8,25157.0,0
2025-07-11T14:27:00+05:30,25156.95,25158.85,25153.6,25154.75,0
2025-07-11T14:28:00+05:30,25154.6,25157.35,25152.6,25154.15,0
2025-07-11T14:29:00+05:30,25154.25,25156.6,25150.8,25152.35,0
2025-07-11T14:30:00+05:30,25153.7,25154.85,25150.4,25152.25,0
2025-07-11T14:31:00+05:30,25152.3,25156.8,25151.2,25155.35,0
2025-07-11T14:32:00+05:30,25155.05,25163.15,25152.1,25160.25,0
2025-07-11T14:33:00+05:30,25159.9,25162.3,25157.6,25158.5,0
2025-07-11T14:34:00+05:30,25158.4,25163.45,25157.9,25161.15,0
2025-07-11T14:35:00+05:30,25160.45,25166.0,25160.45,25161.15,0
2025-07-11T14:36:00+05:30,25160.65,25165.8,25159.25,25159.25,0
2025-07-11T14:37:00+05:30,25159.55,25162.65,25159.05,25159.05,0
2025-07-11T14:38:00+05:30,25159.1,25164.3,25157.75,25162.2,0
2025-07-11T14:39:00+05:30,25162.95,25168.1,25160.95,25165.45,0
2025-07-11T14:40:00+05:30,25165.75,25169.15,25164.65,25167.95,0
2025-07-11T14:41:00+05:30,25168.15,25169.95,25166.85,25167.1,0
2025-07-11T14:42:00+05:30,25166.95,25169.6,25165.05,25167.95,0
2025-07-11T14:43:00+05:30,25167.3,25171.45,25165.8,25166.0,0
2025-07-11T14:44:00+05:30,25166.4,25169.15,25165.5,25166.75,0
2025-07-11T14:45:00+05:30,25167.05,25173.05,25167.05,25173.05,0
2025-07-11T14:46:00+05:30,25172.8,25175.8,25169.3,25173.0,0
2025-07-11T14:47:00+05:30,25173.2,25174.95,25168.35,25170.35,0
2025-07-11T14:48:00+05:30,25170.6,25170.9,25165.95,25168.15,0
2025-07-11T14:49:00+05:30,25168.25,25169.45,25165.8,25166.25,0
2025-07-11T14:50:00+05:30,25166.4,25167.45,25162.95,25162.95,0
2025-07-11T14:51:00+05:30,25163.05,25164.75,25159.85,25161.15,0
2025-07-11T14:52:00+05:30,25161.2,25164.4,25160.6,25160.8,0
2025-07-11T14:53:00+05:30,25160.6,25162.8,25159.1,25160.4,0
2025-07-11T14:54:00+05:30,25158.95,25162.45,25157.4,25160.55,0
2025-07-11T14:55:00+05:30,25158.4,25165.65,25158.4,25162.85,0
2025-07-11T14:56:00+05:30,25160.7,25166.05,25160.6,25160.85,0
2025-07-11T14:57:00+05:30,25161.1,25163.9,25158.55,25162.7,0
2025-07-11T14:58:00+05:30,25163.2,25167.85,25161.25,25166.95,0
2025-07-11T14:59:00+05:30,25165.0,25170.6,25164.95,25167.95,0
2025-07-11T15:00:00+05:30,25166.35,25172.05,25165.3,25167.05,0
2025-07-11T15:01:00+05:30,25166.85,25168.8,25159.9,25166.85,0
2025-07-11T15:02:00+05:30,25164.9,25167.6,25160.1,25161.8,0
2025-07-11T15:03:00+05:30,25161.3,25163.15,25157.15,25161.0,0
2025-07-11T15:04:00+05:30,25160.7,25165.4,25159.1,25165.15,0
2025-07-11T15:05:00+05:30,25163.95,25166.7,25161.4,25165.1,0
2025-07-11T15:06:00+05:30,25164.55,25167.0,25161.4,25164.8,0
2025-07-11T15:07:00+05:30,25164.1,25165.8,25162.3,25165.8,0
2025-07-11T15:08:00+05:30,25163.75,25165.4,25159.6,25162.65,0
2025-07-11T15:09:00+05:30,25162.6,25166.25,25160.35,25164.9,0
2025-07-11T15:10:00+05:30,25164.75,25166.1,25160.45,25162.25,0
2025-07-11T15:11:00+05:30,25162.0,25163.2,25157.0,25157.25,0
2025-07-11T15:12:00+05:30,25156.85,25158.0,25152.65,25156.6,0
2025-07-11T15:13:00+05:30,25157.65,25158.6,25154.3,25154.75,0
2025-07-11T15:14:00+05:30,25154.25,25156.45,25150.15,25150.15,0
2025-07-11T15:15:00+05:30,25149.8,25151.25,25148.35,25149.6,0
2025-07-11T15:16:00+05:30,25149.15,25153.6,25148.35,25150.45,0
2025-07-11T15:17:00+05:30,25148.0,25151.25,25145.5,25145.95,0
2025-07-11T15:18:00+05:30,25146.3,25147.15,25140.3,25141.05,0
2025-07-11T15:19:00+05:30,25139.25,25141.7,25135.95,25138.6,0
2025-07-11T15:20:00+05:30,25138.55,25144.35,25138.55,25143.45,0
2025-07-11T15:21:00+05:30,25142.25,25144.75,25142.25,25143.0,0
2025-07-11T15:22:00+05:30,25143.05,25145.75,25142.25,25144.15,0
2025-07-11T15:23:00+05:30,25143.95,25144.9,25140.95,25140.95,0
2025-07-11T15:24:00+05:30,25141.6,25142.75,25137.5,25140.1,0
2025-07-11T15:25:00+05:30,25140.25,25143.9,25139.1,25140.65,0
2025-07-11T15:26:00+05:30,25140.35,25142.8,25131.6,25134.0,0
2025-07-11T15:27:00+05:30,25134.65,25136.4,25133.25,25135.5,0
2025-07-11T15:28:00+05:30,25136.45,25137.95,25129.0,25135.5,0
2025-07-11T15:29:00+05:30,25132.85,25140.55,25132.1,25140.55,0
2025-07-14T09:15:00+05:30,25149.5,25151.1,25113.55,25119.45,0
2025-07-14T09:16:00+05:30,25120.25,25122.6,25093.75,25094.5,0
2025-07-14T09:17:00+05:30,25093.65,25102.15,25086.4,25099.7,0
2025-07-14T09:18:00+05:30,25098.05,25107.95,25090.0,25091.55,0
2025-07-14T09:19:00+05:30,25089.5,25103.6,25089.5,25099.3,0
2025-07-14T09:20:00+05:30,25100.6,25103.9,25091.25,25101.55,0
2025-07-14T09:21:00+05:30,25101.05,25104.65,25080.6,25082.95,0
2025-07-14T09:22:00+05:30,25082.1,25083.7,25076.75,25078.25,0
2025-07-14T09:23:00+05:30,25077.0,25080.95,25068.5,25070.05,0
2025-07-14T09:24:00+05:30,25069.9,25071.75,25052.15,25056.1,0
2025-07-14T09:25:00+05:30,25054.7,25061.15,25051.2,25053.95,0
2025-07-14T09:26:00+05:30,25054.35,25060.1,25052.5,25058.45,0
2025-07-14T09:27:00+05:30,25058.0,25067.35,25057.95,25064.65,0
2025-07-14T09:28:00+05:30,25064.7,25068.5,25056.3,25068.45,0
2025-07-14T09:29:00+05:30,25067.75,25074.35,25066.95,25073.2,0
2025-07-14T09:30:00+05:30,25071.9,25079.15,25071.7,25073.2,0
2025-07-14T09:31:00+05:30,25071.95,25075.05,25068.6,25070.0,0
2025-07-14T09:32:00+05:30,25067.9,25069.25,25059.75,25067.2,0
2025-07-14T09:33:00+05:30,25067.75,25069.2,25053.15,25053.35,0
2025-07-14T09:34:00+05:30,25052.8,25058.3,25051.05,25055.35,0
2025-07-14T09:35:00+05:30,25055.3,25057.05,25041.9,25047.65,0
2025-07-14T09:36:00+05:30,25047.45,25054.75,25044.65,25054.75,0
2025-07-14T09:37:00+05:30,25054.8,25065.05,25053.55,25065.05,0
2025-07-14T09:38:00+05:30,25065.0,25073.9,25065.0,25072.4,0
2025-07-14T09:39:00+05:30,25072.1,25075.7,25069.3,25073.8,0
2025-07-14T09:40:00+05:30,25073.55,25077.4,25070.4,25075.7,0
2025-07-14T09:41:00+05:30,25076.95,25083.7,25076.95,25083.7,0
2025-07-14T09:42:00+05:30,25083.55,25084.5,25080.1,25080.1,0
2025-07-14T09:43:00+05:30,25079.55,25089.0,25077.3,25088.8,0
2025-07-14T09:44:00+05:30,25087.65,25091.25,25085.2,25090.0,0
2025-07-14T09:45:00+05:30,25089.7,25093.7,25086.85,25087.5,0
2025-07-14T09:46:00+05:30,25087.8,25089.25,25084.05,25089.25,0
2025-07-14T09:47:00+05:30,25089.3,25090.9,25085.5,25085.5,0
2025-07-14T09:48:00+05:30,25085.45,25085.7,25077.0,25080.25,0
2025-07-14T09:49:00+05:30,25079.2,25087.95,25078.85,25087.95,0
2025-07-14T09:50:00+05:30,25088.2,25095.75,25081.65,25095.0,0
2025-07-14T09:51:00+05:30,25094.95,25105.2,25094.95,25104.25,0
2025-07-14T09:52:00+05:30,25104.6,25112.65,25104.5,25107.55,0
2025-07-14T09:53:00+05:30,25107.5,25111.25,25104.75,25110.35,0
2025-07-14T09:54:00+05:30,25110.1,25115.1,25108.2,25111.9,0
2025-07-14T09:55:00+05:30,25111.5,25112.75,25103.45,25104.7,0
2025-07-14T09:56:00+05:30,25105.65,25110.9,25103.5,25110.9,0
2025-07-14T09:57:00+05:30,25110.65,25118.3,25106.7,25115.75,0
2025-07-14T09:58:00+05:30,25116.9,25122.05,25116.05,25119.7,0
2025-07-14T09:59:00+05:30,25120.6,25121.95,25114.55,25117.15,0
2025-07-14T10:00:00+05:30,25117.5,25125.0,25117.05,25124.35,0
2025-07-14T10:01:00+05:30,25124.8,25127.2,25120.05,25120.05,0
2025-07-14T10:02:00+05:30,25119.9,25120.75,25109.75,25112.3,0
2025-07-14T10:03:00+05:30,25112.55,25115.6,25110.2,25114.75,0
2025-07-14T10:04:00+05:30,25114.05,25114.9,25109.1,25109.7,0
2025-07-14T10:05:00+05:30,25109.45,25110.1,25098.15,25099.35,0
2025-07-14T10:06:00+05:30,25099.15,25099.85,25086.4,25094.1,0
2025-07-14T10:07:00+05:30,25094.8,25095.25,25092.7,25094.45,0
2025-07-14T10:08:00+05:30,25094.3,25108.1,25093.6,25106.65,0
2025-07-14T10:09:00+05:30,25106.7,25109.0,25104.25,25106.65,0
2025-07-14T10:10:00+05:30,25106.4,25107.35,25098.5,25099.25,0
2025-07-14T10:11:00+05:30,25099.35,25101.7,25096.85,25101.25,0
2025-07-14T10:12:00+05:30,25101.2,25109.1,25099.55,25108.8,0
2025-07-14T10:13:00+05:30,25109.2,25116.8,25108.85,25115.75,0
2025-07-14T10:14:00+05:30,25116.4,25121.15,25115.75,25119.8,0
2025-07-14T10:15:00+05:30,25120.75,25125.35,25117.1,25117.35,0
2025-07-14T10:16:00+05:30,25117.0,25117.25,25106.95,25110.85,0
2025-07-14T10:17:00+05:30,25112.3,25118.7,25111.4,25117.8,0
2025-07-14T10:18:00+05:30,25117.9,25121.65,25116.2,25121.0,0
2025-07-14T10:19:00+05:30,25120.65,25121.55,25117.65,25119.35,0
2025-07-14T10:20:00+05:30,25119.3,25122.2,25118.7,25120.1,0
2025-07-14T10:21:00+05:30,25120.25,25127.05,25118.15,25125.05,0
2025-07-14T10:22:00+05:30,25125.0,25125.25,25121.05,25122.05,0
2025-07-14T10:23:00+05:30,25122.45,25123.55,25115.25,25115.95,0
2025-07-14T10:24:00+05:30,25116.0,25119.3,25114.85,25116.0,0
2025-07-14T10:25:00+05:30,25116.65,25117.2,25112.0,25117.2,0
2025-07-14T10:26:00+05:30,25117.5,25122.0,25115.5,25120.0,0
2025-07-14T10:27:00+05:30,25119.9,25120.9,25117.15,25118.2,0
2025-07-14T10:28:00+05:30,25117.1,25118.9,25110.45,25111.15,0
2025-07-14T10:29:00+05:30,25111.65,25112.35,25109.4,25110.15,0
2025-07-14T10:30:00+05:30,25109.3,25112.05,25099.95,25100.3,0
2025-07-14T10:31:00+05:30,25100.2,25101.2,25096.15,25096.55,0
2025-07-14T10:32:00+05:30,25097.1,25098.65,25091.75,25092.3,0
2025-07-14T10:33:00+05:30,25092.0,25095.95,25091.0,25092.7,0
2025-07-14T10:34:00+05:30,25092.6,25094.35,25085.9,25086.8,0
2025-07-14T10:35:00+05:30,25087.3,25091.4,25086.55,25089.75,0
2025-07-14T10:36:00+05:30,25089.6,25090.35,25081.25,25081.35,0
2025-07-14T10:37:00+05:30,25082.65,25086.7,25080.8,25086.1,0
2025-07-14T10:38:00+05:30,25086.3,25086.9,25083.85,25084.8,0
2025-07-14T10:39:00+05:30,25084.7,25085.1,25079.0,25079.45,0
2025-07-14T10:40:00+05:30,25079.3,25080.05,25071.85,25074.8,0
2025-07-14T10:41:00+05:30,25075.05,25081.8,25073.05,25080.95,0
2025-07-14T10:42:00+05:30,25081.05,25087.45,25080.55,25085.2,0
2025-07-14T10:43:00+05:30,25085.75,25088.4,25082.2,25087.7,0
2025-07-14T10:44:00+05:30,25087.85,25088.9,25086.6,25088.05,0
2025-07-14T10:45:00+05:30,25087.75,25088.05,25083.6,25084.05,0
2025-07-14T10:46:00+05:30,25084.5,25087.05,25082.35,25086.2,0
2025-07-14T10:47:00+05:30,25086.45,25086.75,25082.3,25082.55,0
2025-07-14T10:48:00+05:30,25082.15,25084.2,25081.05,25083.65,0
2025-07-14T10:49:00+05:30,25083.35,25085.95,25082.55,25085.55,0
2025-07-14T10:50:00+05:30,25085.6,25087.45,25084.0,25085.5,0
2025-07-14T10:51:00+05:30,25085.55,25086.1,25082.3,25083.4,0
2025-07-14T10:52:00+05:30,25083.2,25084.5,25081.1,25081.7,0
2025-07-14T10:53:00+05:30,25081.55,25083.95,25079.7,25083.35,0
2025-07-14T10:54:00+05:30,25083.5,25083.55,25078.3,25078.75,0
2025-07-14T10:55:00+05:30,25078.15,25081.7,25077.7,25081.2,0
2025-07-14T10:56:00+05:30,25081.9,25095.2,25081.9,25094.2,0
2025-07-14T10:57:00+05:30,25094.05,25094.05,25088.65,25088.65,0
2025-07-14T10:58:00+05:30,25088.45,25089.35,25078.2,25078.85,0
2025-07-14T10:59:00+05:30,25078.6,25078.85,25072.35,25073.2,0
2025-07-14T11:00:00+05:30,25074.25,25076.45,25072.9,25076.45,0
2025-07-14T11:01:00+05:30,25076.85,25081.85,25076.35,25080.35,0
2025-07-14T11:02:00+05:30,25081.6,25085.1,25080.1,25084.75,0
2025-07-14T11:03:00+05:30,25084.6,25085.05,25080.4,25082.15,0
2025-07-14T11:04:00+05:30,25081.85,25082.45,25079.65,25079.8,0
2025-07-14T11:05:00+05:30,25079.45,25080.2,25077.55,25077.6,0
2025-07-14T11:06:00+05:30,25078.05,25078.05,25074.3,25076.9,0
2025-07-14T11:07:00+05:30,25076.65,25076.65,25069.9,25069.9,0
2025-07-14T11:08:00+05:30,25070.45,25072.5,25066.9,25067.0,0
2025-07-14T11:09:00+05:30,25066.5,25068.25,25064.2,25064.2,0
2025-07-14T11:10:00+05:30,25064.55,25068.4,25062.05,25067.45,0
2025-07-14T11:11:00+05:30,25068.15,25068.25,25064.2,25064.2,0
2025-07-14T11:12:00+05:30,25065.3,25067.0,25061.85,25062.3,0
2025-07-14T11:13:00+05:30,25062.05,25064.95,25061.9,25063.8,0
2025-07-14T11:14:00+05:30,25063.7,25065.35,25062.95,25063.95,0
2025-07-14T11:15:00+05:30,25063.75,25065.25,25059.95,25060.75,0
2025-07-14T11:16:00+05:30,25060.6,25061.05,25058.0,25058.6,0
2025-07-14T11:17:00+05:30,25060.05,25064.5,25057.75,25062.55,0
2025-07-14T11:18:00+05:30,25062.7,25064.9,25062.35,25063.7,0
2025-07-14T11:19:00+05:30,25063.75,25066.4,25059.5,25060.1,0
2025-07-14T11:20:00+05:30,25060.9,25061.1,25056.15,25056.95,0
2025-07-14T11:21:00+05:30,25057.0,25058.2,25053.8,25054.5,0
2025-07-14T11:22:00+05:30,25055.15,25055.35,25049.95,25051.3,0
2025-07-14T11:23:00+05:30,25050.85,25053.7,25048.2,25049.75,0
2025-07-14T11:24:00+05:30,25049.3,25050.45,25045.45,25046.0,0
2025-07-14T11:25:00+05:30,25046.85,25047.65,25042.45,25047.0,0
2025-07-14T11:26:00+05:30,25046.55,25047.1,25042.2,25043.4,0
2025-07-14T11:27:00+05:30,25044.95,25051.15,25042.2,25051.15,0
2025-07-14T11:28:00+05:30,25050.2,25050.2,25019.75,25022.1,0
2025-07-14T11:29:00+05:30,25022.15,25038.35,25019.8,25036.35,0
2025-07-14T11:30:00+05:30,25036.8,25049.5,25036.5,25047.9,0
2025-07-14T11:31:00+05:30,25048.25,25048.5,25039.85,25040.6,0
2025-07-14T11:32:00+05:30,25040.05,25040.7,25035.85,25037.95,0
2025-07-14T11:33:00+05:30,25037.7,25039.85,25037.1,25037.85,0
2025-07-14T11:34:00+05:30,25038.05,25039.35,25035.35,25036.55,0
2025-07-14T11:35:00+05:30,25036.35,25038.1,25031.75,25032.65,0
2025-07-14T11:36:00+05:30,25032.85,25036.15,25032.25,25035.7,0
2025-07-14T11:37:00+05:30,25034.0,25034.6,25031.35,25033.4,0
2025-07-14T11:38:00+05:30,25033.0,25034.05,25028.1,25031.25,0
2025-07-14T11:39:00+05:30,25032.1,25037.85,25032.1,25034.05,0
2025-07-14T11:40:00+05:30,25034.4,25041.8,25033.6,25040.15,0
2025-07-14T11:41:00+05:30,25040.0,25040.9,25034.4,25035.2,0
2025-07-14T11:42:00+05:30,25035.15,25036.1,25028.25,25029.75,0
2025-07-14T11:43:00+05:30,25029.4,25029.55,25024.45,25024.8,0
2025-07-14T11:44:00+05:30,25025.05,25035.05,25024.25,25033.35,0
2025-07-14T11:45:00+05:30,25034.35,25035.15,25029.7,25029.95,0
2025-07-14T11:46:00+05:30,25030.75,25033.5,25028.55,25033.2,0
2025-07-14T11:47:00+05:30,25033.65,25039.25,25032.5,25038.65,0
2025-07-14T11:48:00+05:30,25039.1,25044.35,25037.95,25043.15,0
2025-07-14T11:49:00+05:30,25043.8,25044.5,25038.4,25038.7,0
2025-07-14T11:50:00+05:30,25038.85,25042.95,25038.15,25042.4,0
2025-07-14T11:51:00+05:30,25042.8,25043.55,25038.25,25039.2,0
2025-07-14T11:52:00+05:30,25039.1,25040.35,25037.3,25039.45,0
2025-07-14T11:53:00+05:30,25040.05,25040.05,25031.15,25031.35,0
2025-07-14T11:54:00+05:30,25031.1,25038.7,25031.1,25038.7,0
2025-07-14T11:55:00+05:30,25038.8,25039.15,25033.75,25034.95,0
2025-07-14T11:56:00+05:30,25035.0,25040.4,25033.15,25038.6,0
2025-07-14T11:57:00+05:30,25038.0,25039.5,25035.9,25036.2,0
2025-07-14T11:58:00+05:30,25036.1,25038.1,25033.4,25035.55,0
2025-07-14T11:59:00+05:30,25035.7,25036.4,25033.6,25034.55,0
2025-07-14T12:00:00+05:30,25034.8,25039.55,25033.25,25033.4,0
2025-07-14T12:01:00+05:30,25033.3,25034.5,25029.25,25034.25,0
2025-07-14T12:02:00+05:30,25033.85,25037.95,25033.85,25036.6,0
2025-07-14T12:03:00+05:30,25036.0,25039.1,25033.9,25035.95,0
2025-07-14T12:04:00+05:30,25036.75,25037.3,25033.9,25034.05,0
2025-07-14T12:05:00+05:30,25034.95,25039.35,25034.4,25036.8,0
2025-07-14T12:06:00+05:30,25037.05,25039.3,25035.3,25037.7,0
2025-07-14T12:07:00+05:30,25037.95,25043.25,25036.95,25040.95,0
2025-07-14T12:08:00+05:30,25041.05,25048.55,25040.0,25046.45,0
2025-07-14T12:09:00+05:30,25046.05,25055.65,25044.65,25051.7,0
2025-07-14T12:10:00+05:30,25053.55,25055.5,25050.2,25050.2,0
2025-07-14T12:11:00+05:30,25049.75,25049.95,25043.45,25043.85,0
2025-07-14T12:12:00+05:30,25043.7,25048.55,25043.3,25045.75,0
2025-07-14T12:13:00+05:30,25046.0,25049.5,25045.25,25045.4,0
2025-07-14T12:14:00+05:30,25045.65,25049.15,25044.9,25045.4,0
2025-07-14T12:15:00+05:30,25046.45,25048.5,25045.75,25047.55,0
2025-07-14T12:16:00+05:30,25046.45,25050.65,25044.9,25050.15,0
2025-07-14T12:17:00+05:30,25050.35,25053.0,25048.9,25049.6,0
2025-07-14T12:18:00+05:30,25049.55,25055.05,25049.55,25054.75,0
2025-07-14T12:19:00+05:30,25054.15,25055.9,25052.05,25052.9,0
2025-07-14T12:20:00+05:30,25054.35,25056.55,25051.6,25052.65,0
2025-07-14T12:21:00+05:30,25052.4,25054.55,25047.65,25047.65,0
2025-07-14T12:22:00+05:30,25047.25,25050.85,25047.05,25048.5,0
2025-07-14T12:23:00+05:30,25049.3,25052.4,25043.3,25043.5,0
2025-07-14T12:24:00+05:30,25044.5,25046.7,25042.65,25043.9,0
2025-07-14T12:25:00+05:30,25044.95,25044.95,25039.35,25041.2,0
2025-07-14T12:26:00+05:30,25040.9,25044.15,25038.1,25038.1,0
2025-07-14T12:27:00+05:30,25038.6,25040.45,25035.75,25040.0,0
2025-07-14T12:28:00+05:30,25040.15,25043.95,25038.15,25040.7,0
2025-07-14T12:29:00+05:30,25041.0,25045.15,25040.4,25043.45,0
2025-07-14T12:30:00+05:30,25044.2,25049.8,25043.6,25048.15,0
2025-07-14T12:31:00+05:30,25048.5,25050.05,25043.5,25044.1,0
2025-07-14T12:32:00+05:30,25043.6,25050.25,25041.6,25049.25,0
2025-07-14T12:33:00+05:30,25049.75,25055.5,25048.75,25052.25,0
2025-07-14T12:34:00+05:30,25051.8,25052.75,25048.7,25048.7,0
2025-07-14T12:35:00+05:30,25050.55,25051.9,25047.4,25047.5,0
2025-07-14T12:36:00+05:30,25048.4,25049.45,25044.15,25045.25,0
2025-07-14T12:37:00+05:30,25045.2,25045.7,25041.9,25042.85,0
2025-07-14T12:38:00+05:30,25041.9,25044.25,25039.9,25044.15,0
2025-07-14T12:39:00+05:30,25043.95,25047.3,25042.7,25046.05,0
2025-07-14T12:40:00+05:30,25047.2,25052.15,25046.0,25049.95,0
2025-07-14T12:41:00+05:30,25049.9,25053.25,25049.75,25049.9,0
2025-07-14T12:42:00+05:30,25050.4,25053.0,25049.3,25051.95,0
2025-07-14T12:43:00+05:30,25053.15,25055.6,25050.5,25055.05,0
2025-07-14T12:44:00+05:30,25054.35,25058.3,25053.05,25055.85,0
2025-07-14T12:45:00+05:30,25057.4,25060.6,25055.85,25059.55,0
2025-07-14T12:46:00+05:30,25059.0,25060.95,25050.9,25051.35,0
2025-07-14T12:47:00+05:30,25051.7,25054.25,25050.0,25051.15,0
2025-07-14T12:48:00+05:30,25050.95,25052.5,25050.2,25050.9,0
2025-07-14T12:49:00+05:30,25050.95,25053.65,25050.1,25050.1,0
2025-07-14T12:50:00+05:30,25051.25,25054.2,25049.2,25051.2,0
2025-07-14T12:51:00+05:30,25050.45,25052.95,25048.7,25051.3,0
2025-07-14T12:52:00+05:30,25050.35,25052.25,25045.05,25047.4,0
2025-07-14T12:53:00+05:30,25049.65,25050.05,25041.9,25042.8,0
2025-07-14T12:54:00+05:30,25042.25,25043.95,25039.9,25041.3,0
2025-07-14T12:55:00+05:30,25041.35,25041.7,25036.4,25036.85,0
2025-07-14T12:56:00+05:30,25036.65,25040.6,25036.35,25039.4,0
2025-07-14T12:57:00+05:30,25038.7,25040.5,25036.7,25036.7,0
2025-07-14T12:58:00+05:30,25036.6,25038.6,25033.8,25036.75,0
2025-07-14T12:59:00+05:30,25036.7,25041.55,25035.8,25039.05,0
2025-07-14T13:00:00+05:30,25039.3,25044.9,25037.4,25042.7,0
2025-07-14T13:01:00+05:30,25043.0,25045.5,25041.5,25043.9,0
2025-07-14T13:02:00+05:30,25043.25,25047.55,25042.0,25046.2,0
2025-07-14T13:03:00+05:30,25046.65,25048.95,25044.9,25047.85,0
2025-07-14T13:04:00+05:30,25048.0,25050.45,25046.45,25048.0,0
2025-07-14T13:05:00+05:30,25048.1,25048.65,25042.9,25044.1,0
2025-07-14T13:06:00+05:30,25043.9,25044.3,25039.95,25040.5,0
2025-07-14T13:07:00+05:30,25040.95,25040.95,25025.85,25025.85,0
2025-07-14T13:08:00+05:30,25025.3,25025.3,25001.95,25002.75,0
2025-07-14T13:09:00+05:30,25002.9,25021.15,25002.9,25020.8,0
2025-07-14T13:10:00+05:30,25021.65,25021.65,25017.15,25021.3,0
2025-07-14T13:11:00+05:30,25021.4,25024.75,25020.35,25021.7,0
2025-07-14T13:12:00+05:30,25022.7,25026.7,25021.2,25025.2,0
2025-07-14T13:13:00+05:30,25025.45,25026.55,25021.95,25026.1,0
2025-07-14T13:14:00+05:30,25026.25,25028.65,25024.8,25026.35,0
2025-07-14T13:15:00+05:30,25027.25,25030.75,25025.5,25028.85,0
2025-07-14T13:16:00+05:30,25029.15,25031.6,25028.8,25028.95,0
2025-07-14T13:17:00+05:30,25028.75,25040.8,25028.75,25040.2,0
2025-07-14T13:18:00+05:30,25039.9,25040.9,25034.7,25034.8,0
2025-07-14T13:19:00+05:30,25035.05,25039.5,25034.65,25036.9,0
2025-07-14T13:20:00+05:30,25037.0,25041.35,25035.9,25040.55,0
2025-07-14T13:21:00+05:30,25040.2,25048.2,25039.5,25042.75,0
2025-07-14T13:22:00+05:30,25042.8,25045.5,25039.95,25044.3,0
2025-07-14T13:23:00+05:30,25045.2,25056.5,25044.45,25055.0,0
2025-07-14T13:24:00+05:30,25054.75,25055.45,25048.9,25051.1,0
2025-07-14T13:25:00+05:30,25051.95,25054.85,25050.25,25050.85,0
2025-07-14T13:26:00+05:30,25051.25,25052.4,25048.55,25051.65,0
2025-07-14T13:27:00+05:30,25051.7,25052.05,25048.2,25048.7,0
2025-07-14T13:28:00+05:30,25048.5,25049.65,25045.4,25046.45,0
2025-07-14T13:29:00+05:30,25046.25,25058.1,25045.75,25057.35,0
2025-07-14T13:30:00+05:30,25058.55,25058.55,25054.85,25056.75,0
2025-07-14T13:31:00+05:30,25056.05,25056.9,25050.85,25053.55,0
2025-07-14T13:32:00+05:30,25054.45,25057.7,25052.25,25052.4,0
2025-07-14T13:33:00+05:30,25052.3,25052.65,25048.3,25050.8,0
2025-07-14T13:34:00+05:30,25052.05,25052.3,25048.45,25052.0,0
2025-07-14T13:35:00+05:30,25052.95,25053.05,25047.2,25048.85,0
2025-07-14T13:36:00+05:30,25049.85,25050.4,25041.7,25044.25,0
2025-07-14T13:37:00+05:30,25045.15,25047.45,25042.35,25043.85,0
2025-07-14T13:38:00+05:30,25043.5,25044.1,25038.0,25040.55,0
2025-07-14T13:39:00+05:30,25041.0,25044.95,25039.6,25042.7,0
2025-07-14T13:40:00+05:30,25044.45,25044.45,25039.65,25041.15,0
2025-07-14T13:41:00+05:30,25040.85,25047.5,25039.8,25044.95,0
2025-07-14T13:42:00+05:30,25045.1,25047.95,25042.1,25043.05,0
2025-07-14T13:43:00+05:30,25043.75,25049.7,25041.85,25046.9,0
2025-07-14T13:44:00+05:30,25047.15,25049.5,25045.4,25048.45,0
2025-07-14T13:45:00+05:30,25049.3,25049.8,25045.1,25049.0,0
2025-07-14T13:46:00+05:30,25049.2,25054.75,25048.95,25051.9,0
2025-07-14T13:47:00+05:30,25052.4,25052.5,25048.15,25049.95,0
2025-07-14T13:48:00+05:30,25049.75,25053.55,25048.6,25050.9,0
2025-07-14T13:49:00+05:30,25050.75,25051.8,25044.3,25046.95,0
2025-07-14T13:50:00+05:30,25047.95,25047.95,25044.05,25045.6,0
2025-07-14T13:51:00+05:30,25045.35,25045.9,25042.85,25043.8,0
2025-07-14T13:52:00+05:30,25043.4,25045.35,25041.6,25044.55,0
2025-07-14T13:53:00+05:30,25044.1,25048.45,25042.4,25046.05,0
2025-07-14T13:54:00+05:30,25046.2,25046.65,25038.85,25040.3,0
2025-07-14T13:55:00+05:30,25040.4,25040.55,25035.7,25037.2,0
2025-07-14T13:56:00+05:30,25036.75,25040.15,25034.15,25039.0,0
2025-07-14T13:57:00+05:30,25037.35,25038.45,25027.6,25028.1,0
2025-07-14T13:58:00+05:30,25028.3,25028.3,25012.9,25015.3,0
2025-07-14T13:59:00+05:30,25015.55,25035.25,25015.55,25035.25,0
2025-07-14T14:00:00+05:30,25034.6,25034.6,25030.1,25032.05,0
2025-07-14T14:01:00+05:30,25031.2,25033.5,25028.55,25029.4,0
2025-07-14T14:02:00+05:30,25029.15,25031.9,25028.45,25029.3,0
2025-07-14T14:03:00+05:30,25029.2,25033.25,25027.5,25032.85,0
2025-07-14T14:04:00+05:30,25031.8,25033.1,25030.35,25032.45,0
2025-07-14T14:05:00+05:30,25033.25,25034.3,25030.75,25032.1,0
2025-07-14T14:06:00+05:30,25031.75,25040.95,25031.75,25040.95,0
2025-07-14T14:07:00+05:30,25040.0,25043.75,25039.3,25041.05,0
2025-07-14T14:08:00+05:30,25041.0,25041.25,25037.6,25039.2,0
2025-07-14T14:09:00+05:30,25039.15,25042.6,25037.5,25042.15,0
2025-07-14T14:10:00+05:30,25042.05,25042.45,25039.95,25041.35,0
2025-07-14T14:11:00+05:30,25041.45,25042.3,25036.15,25036.55,0
2025-07-14T14:12:00+05:30,25036.3,25037.5,25032.95,25037.5,0
2025-07-14T14:13:00+05:30,25037.15,25040.3,25035.75,25040.3,0
2025-07-14T14:14:00+05:30,25039.85,25046.65,25038.2,25046.65,0
2025-07-14T14:15:00+05:30,25046.85,25047.8,25043.75,25044.85,0
2025-07-14T14:16:00+05:30,25045.05,25045.95,25038.75,25039.1,0
2025-07-14T14:17:00+05:30,25039.2,25041.6,25038.2,25040.2,0
2025-07-14T14:18:00+05:30,25039.7,25045.9,25038.15,25045.9,0
2025-07-14T14:19:00+05:30,25045.5,25047.95,25043.9,25044.6,0
2025-07-14T14:20:00+05:30,25044.3,25045.35,25041.5,25043.7,0
2025-07-14T14:21:00+05:30,25043.9,25045.35,25042.25,25044.6,0
2025-07-14T14:22:00+05:30,25045.2,25047.2,25043.9,25046.15,0
2025-07-14T14:23:00+05:30,25045.75,25051.45,25044.75,25049.7,0
2025-07-14T14:24:00+05:30,25050.2,25055.1,25049.9,25051.65,0
2025-07-14T14:25:00+05:30,25052.2,25054.15,25049.3,25053.2,0
2025-07-14T14:26:00+05:30,25052.65,25057.15,25050.25,25057.15,0
2025-07-14T14:27:00+05:30,25057.9,25060.8,25055.45,25056.9,0
2025-07-14T14:28:00+05:30,25055.9,25056.25,25052.35,25054.2,0
2025-07-14T14:29:00+05:30,25053.4,25059.05,25052.15,25058.8,0
2025-07-14T14:30:00+05:30,25059.25,25060.6,25053.4,25054.5,0
2025-07-14T14:31:00+05:30,25054.15,25055.15,25045.8,25046.25,0
2025-07-14T14:32:00+05:30,25045.55,25047.75,25042.85,25044.6,0
2025-07-14T14:33:00+05:30,25044.55,25048.9,25043.5,25044.05,0
2025-07-14T14:34:00+05:30,25043.85,25045.85,25042.1,25043.9,0
2025-07-14T14:35:00+05:30,25042.35,25046.05,25042.35,25043.4,0
2025-07-14T14:36:00+05:30,25044.15,25044.6,25038.2,25038.8,0
2025-07-14T14:37:00+05:30,25039.25,25044.45,25037.2,25043.45,0
2025-07-14T14:38:00+05:30,25043.0,25050.5,25041.35,25043.9,0
2025-07-14T14:39:00+05:30,25044.05,25044.95,25040.0,25040.95,0
2025-07-14T14:40:00+05:30,25040.9,25046.6,25039.95,25045.1,0
2025-07-14T14:41:00+05:30,25044.8,25046.7,25042.6,25044.75,0
2025-07-14T14:42:00+05:30,25045.05,25049.35,25044.2,25046.95,0
2025-07-14T14:43:00+05:30,25047.25,25049.55,25046.45,25047.9,0
2025-07-14T14:44:00+05:30,25048.85,25051.85,25048.75,25049.85,0
2025-07-14T14:45:00+05:30,25051.1,25053.4,25049.7,25050.5,0
2025-07-14T14:46:00+05:30,25050.25,25052.2,25048.05,25049.75,0
2025-07-14T14:47:00+05:30,25048.65,25049.7,25045.35,25047.55,0
2025-07-14T14:48:00+05:30,25048.05,25053.6,25046.9,25050.85,0
2025-07-14T14:49:00+05:30,25050.75,25052.85,25049.25,25052.2,0
2025-07-14T14:50:00+05:30,25052.85,25055.1,25051.9,25053.85,0
2025-07-14T14:51:00+05:30,25053.7,25055.2,25051.35,25054.25,0
2025-07-14T14:52:00+05:30,25053.8,25076.8,25052.35,25076.2,0
2025-07-14T14:53:00+05:30,25076.55,25082.35,25076.55,25080.95,0
2025-07-14T14:54:00+05:30,25080.45,25086.4,25079.5,25083.55,0
2025-07-14T14:55:00+05:30,25083.85,25085.8,25076.3,25077.8,0
2025-07-14T14:56:00+05:30,25077.55,25078.15,25074.8,25076.45,0
2025-07-14T14:57:00+05:30,25076.3,25078.85,25075.4,25078.35,0
2025-07-14T14:58:00+05:30,25078.85,25099.4,25078.75,25096.2,0
2025-07-14T14:59:00+05:30,25096.25,25108.5,25092.3,25105.1,0
2025-07-14T15:00:00+05:30,25107.05,25107.1,25093.3,25097.1,0
2025-07-14T15:01:00+05:30,25097.0,25097.45,25091.15,25091.5,0
2025-07-14T15:02:00+05:30,25092.15,25092.3,25088.1,25090.45,0
2025-07-14T15:03:00+05:30,25090.35,25093.8,25083.45,25084.45,0
2025-07-14T15:04:00+05:30,25083.85,25084.7,25077.85,25078.0,0
2025-07-14T15:05:00+05:30,25077.75,25080.25,25076.55,25078.6,0
2025-07-14T15:06:00+05:30,25078.8,25081.4,25078.2,25081.4,0
2025-07-14T15:07:00+05:30,25082.45,25082.45,25077.15,25079.9,0
2025-07-14T15:08:00+05:30,25080.25,25081.75,25076.7,25077.5,0
2025-07-14T15:09:00+05:30,25077.35,25079.0,25069.5,25073.55,0
2025-07-14T15:10:00+05:30,25073.9,25074.65,25068.55,25068.75,0
2025-07-14T15:11:00+05:30,25068.95,25073.85,25066.75,25073.85,0
2025-07-14T15:12:00+05:30,25074.5,25085.75,25074.3,25085.3,0
2025-07-14T15:13:00+05:30,25084.75,25085.2,25079.45,25080.25,0
2025-07-14T15:14:00+05:30,25080.7,25081.4,25078.7,25079.85,0
2025-07-14T15:15:00+05:30,25080.0,25083.75,25078.3,25083.1,0
2025-07-14T15:16:00+05:30,25082.5,25083.6,25079.35,25079.95,0
2025-07-14T15:17:00+05:30,25080.45,25083.5,25079.45,25082.6,0
2025-07-14T15:18:00+05:30,25083.4,25083.85,25077.5,25078.35,0
2025-07-14T15:19:00+05:30,25078.5,25081.7,25077.1,25080.5,0
2025-07-14T15:20:00+05:30,25080.3,25084.25,25078.8,25081.8,0
2025-07-14T15:21:00+05:30,25082.45,25085.05,25081.85,25083.45,0
2025-07-14T15:22:00+05:30,25083.6,25090.15,25083.25,25089.3,0
2025-07-14T15:23:00+05:30,25089.55,25090.65,25084.95,25086.2,0
2025-07-14T15:24:00+05:30,25085.6,25087.25,25081.95,25087.0,0
2025-07-14T15:25:00+05:30,25086.65,25090.65,25086.65,25089.85,0
2025-07-14T15:26:00+05:30,25090.65,25092.3,25088.95,25091.35,0
2025-07-14T15:27:00+05:30,25090.7,25091.8,25088.45,25088.95,0
2025-07-14T15:28:00+05:30,25089.5,25091.0,25081.3,25084.4,0
2025-07-14T15:29:00+05:30,25083.25,25092.7,25081.55,25087.1,0
2025-07-15T09:15:00+05:30,25089.5,25151.15,25088.45,25150.45,0
2025-07-15T09:16:00+05:30,25149.95,25149.95,25132.1,25137.95,0
2025-07-15T09:17:00+05:30,25138.8,25138.8,25130.05,25130.95,0
2025-07-15T09:18:00+05:30,25132.25,25133.1,25123.05,25131.35,0
2025-07-15T09:19:00+05:30,25131.8,25142.85,25130.7,25139.95,0
2025-07-15T09:20:00+05:30,25140.0,25142.6,25134.45,25142.05,0
2025-07-15T09:21:00+05:30,25141.2,25148.8,25139.0,25141.15,0
2025-07-15T09:22:00+05:30,25141.05,25141.75,25133.55,25136.25,0
2025-07-15T09:23:00+05:30,25136.65,25144.6,25136.45,25140.35,0
2025-07-15T09:24:00+05:30,25139.8,25149.65,25135.4,25147.75,0
2025-07-15T09:25:00+05:30,25147.8,25147.8,25138.3,25140.05,0
2025-07-15T09:26:00+05:30,25138.65,25139.2,25132.65,25134.9,0
2025-07-15T09:27:00+05:30,25135.05,25139.05,25133.45,25137.75,0
2025-07-15T09:28:00+05:30,25137.85,25145.8,25136.45,25145.8,0
2025-07-15T09:29:00+05:30,25145.65,25147.4,25143.65,25147.4,0
2025-07-15T09:30:00+05:30,25147.95,25155.8,25138.7,25139.5,0
2025-07-15T09:31:00+05:30,25139.3,25141.55,25131.15,25133.45,0
2025-07-15T09:32:00+05:30,25134.2,25139.05,25132.2,25139.05,0
2025-07-15T09:33:00+05:30,25138.75,25144.05,25129.65,25129.65,0
2025-07-15T09:34:00+05:30,25129.85,25141.0,25125.1,25139.95,0
2025-07-15T09:35:00+05:30,25140.15,25140.15,25127.35,25131.8,0
2025-07-15T09:36:00+05:30,25131.2,25132.6,25118.15,25121.75,0
2025-07-15T09:37:00+05:30,25121.85,25123.85,25117.75,25121.1,0
2025-07-15T09:38:00+05:30,25121.25,25127.05,25120.95,25125.5,0
2025-07-15T09:39:00+05:30,25125.8,25128.25,25120.85,25123.75,0
2025-07-15T09:40:00+05:30,25124.05,25125.35,25107.6,25114.3,0
2025-07-15T09:41:00+05:30,25114.7,25114.7,25102.75,25105.65,0
2025-07-15T09:42:00+05:30,25105.35,25113.35,25103.85,25112.55,0
2025-07-15T09:43:00+05:30,25111.55,25112.5,25099.55,25101.5,0
2025-07-15T09:44:00+05:30,25102.35,25105.55,25097.35,25101.65,0
2025-07-15T09:45:00+05:30,25101.5,25103.15,25093.95,25095.7,0
2025-07-15T09:46:00+05:30,25094.95,25100.85,25089.25,25100.85,0
2025-07-15T09:47:00+05:30,25100.8,25110.75,25100.15,25110.75,0
2025-07-15T09:48:00+05:30,25110.9,25111.2,25103.85,25104.45,0
2025-07-15T09:49:00+05:30,25103.5,25107.95,25102.5,25106.35,0
2025-07-15T09:50:00+05:30,25107.2,25108.5,25104.75,25107.8,0
2025-07-15T09:51:00+05:30,25107.55,25116.95,25105.75,25116.1,0
2025-07-15T09:52:00+05:30,25116.5,25120.65,25116.4,25117.65,0
2025-07-15T09:53:00+05:30,25118.5,25122.7,25116.75,25119.95,0
2025-07-15T09:54:00+05:30,25119.75,25122.15,25097.9,25098.4,0
2025-07-15T09:55:00+05:30,25097.7,25106.05,25096.2,25104.2,0
2025-07-15T09:56:00+05:30,25105.2,25106.25,25100.45,25103.7,0
2025-07-15T09:57:00+05:30,25103.25,25109.4,25100.05,25109.15,0
2025-07-15T09:58:00+05:30,25109.85,25111.3,25096.3,25100.35,0
2025-07-15T09:59:00+05:30,25099.85,25102.4,25097.4,25101.55,0
2025-07-15T10:00:00+05:30,25102.8,25105.95,25097.7,25104.7,0
2025-07-15T10:01:00+05:30,25105.5,25111.6,25103.75,25110.8,0
2025-07-15T10:02:00+05:30,25110.45,25122.8,25109.6,25122.8,0
2025-07-15T10:03:00+05:30,25122.35,25122.35,25113.85,25116.05,0
2025-07-15T10:04:00+05:30,25115.6,25122.4,25115.6,25118.8,0
2025-07-15T10:05:00+05:30,25119.15,25119.8,25115.3,25116.8,0
2025-07-15T10:06:00+05:30,25117.6,25123.0,25116.9,25122.05,0
2025-07-15T10:07:00+05:30,25121.4,25126.25,25120.95,25125.6,0
2025-07-15T10:08:00+05:30,25125.25,25128.65,25122.05,25125.25,0
2025-07-15T10:09:00+05:30,25125.05,25127.95,25121.75,25122.55,0
2025-07-15T10:10:00+05:30,25122.9,25123.95,25117.7,25123.95,0
2025-07-15T10:11:00+05:30,25124.15,25127.65,25122.65,25126.4,0
2025-07-15T10:12:00+05:30,25125.95,25128.85,25124.2,25128.4,0
2025-07-15T10:13:00+05:30,25128.1,25130.9,25124.1,25125.4,0
2025-07-15T10:14:00+05:30,25124.85,25128.9,25124.6,25128.25,0
2025-07-15T10:15:00+05:30,25127.85,25132.55,25127.85,25130.0,0
2025-07-15T10:16:00+05:30,25129.05,25130.65,25125.3,25125.4,0
2025-07-15T10:17:00+05:30,25125.75,25128.25,25123.1,25124.75,0
2025-07-15T10:18:00+05:30,25125.05,25125.95,25100.8,25113.75,0
2025-07-15T10:19:00+05:30,25113.7,25117.45,25112.85,25112.85,0
2025-07-15T10:20:00+05:30,25113.55,25118.7,25110.9,25117.7,0
2025-07-15T10:21:00+05:30,25117.9,25120.85,25108.75,25110.9,0
2025-07-15T10:22:00+05:30,25111.15,25113.5,25109.9,25110.15,0
2025-07-15T10:23:00+05:30,25110.1,25114.0,25109.75,25111.55,0
2025-07-15T10:24:00+05:30,25111.95,25113.85,25110.2,25112.55,0
2025-07-15T10:25:00+05:30,25112.15,25115.85,25110.65,25115.4,0
2025-07-15T10:26:00+05:30,25115.8,25119.6,25114.1,25119.4,0
2025-07-15T10:27:00+05:30,25119.5,25125.2,25119.35,25124.35,0
2025-07-15T10:28:00+05:30,25124.8,25128.8,25124.15,25127.25,0
2025-07-15T10:29:00+05:30,25127.6,25130.5,25126.55,25129.95,0
2025-07-15T10:30:00+05:30,25129.75,25134.75,25128.0,25134.75,0
2025-07-15T10:31:00+05:30,25134.1,25143.6,25133.75,25142.5,0
2025-07-15T10:32:00+05:30,25141.8,25143.25,25134.35,25141.95,0
2025-07-15T10:33:00+05:30,25142.05,25146.05,25139.85,25144.4,0
2025-07-15T10:34:00+05:30,25145.0,25146.15,25140.05,25143.85,0
2025-07-15T10:35:00+05:30,25143.1,25151.65,25143.1,25147.5,0
2025-07-15T10:36:00+05:30,25147.1,25148.35,25142.5,25147.2,0
2025-07-15T10:37:00+05:30,25146.6,25151.15,25146.15,25148.15,0
2025-07-15T10:38:00+05:30,25148.6,25154.3,25147.3,25153.25,0
2025-07-15T10:39:00+05:30,25153.15,25165.15,25151.15,25156.9,0
2025-07-15T10:40:00+05:30,25157.9,25162.75,25156.15,25159.3,0
2025-07-15T10:41:00+05:30,25159.25,25161.25,25155.15,25157.6,0
2025-07-15T10:42:00+05:30,25157.85,25164.4,25157.25,25162.5,0
2025-07-15T10:43:00+05:30,25162.4,25168.75,25160.25,25165.05,0
2025-07-15T10:44:00+05:30,25165.0,25165.0,25159.3,25160.35,0
2025-07-15T10:45:00+05:30,25159.7,25165.9,25159.7,25164.0,0
2025-07-15T10:46:00+05:30,25163.9,25166.55,25158.15,25158.55,0
2025-07-15T10:47:00+05:30,25158.6,25164.65,25158.6,25164.35,0
2025-07-15T10:48:00+05:30,25164.8,25167.25,25163.7,25166.35,0
2025-07-15T10:49:00+05:30,25166.2,25167.9,25165.25,25167.45,0
2025-07-15T10:50:00+05:30,25166.8,25172.85,25165.45,25170.3,0
2025-07-15T10:51:00+05:30,25170.4,25182.95,25169.15,25181.55,0
2025-07-15T10:52:00+05:30,25181.4,25190.35,25181.4,25189.9,0
2025-07-15T10:53:00+05:30,25190.1,25193.4,25185.15,25193.1,0
2025-07-15T10:54:00+05:30,25192.0,25195.95,25187.45,25191.4,0
2025-07-15T10:55:00+05:30,25190.4,25193.75,25189.8,25191.7,0
2025-07-15T10:56:00+05:30,25191.8,25193.2,25185.75,25187.35,0
2025-07-15T10:57:00+05:30,25187.45,25191.05,25186.4,25190.8,0
2025-07-15T10:58:00+05:30,25191.15,25196.6,25189.9,25196.1,0
2025-07-15T10:59:00+05:30,25196.0,25197.25,25192.55,25192.85,0
2025-07-15T11:00:00+05:30,25192.95,25195.2,25190.45,25194.75,0
2025-07-15T11:01:00+05:30,25195.0,25210.05,25194.9,25208.45,0
2025-07-15T11:02:00+05:30,25208.3,25214.2,25208.3,25213.3,0
2025-07-15T11:03:00+05:30,25212.4,25217.6,25210.6,25216.7,0
2025-07-15T11:04:00+05:30,25216.75,25218.45,25213.45,25213.45,0
2025-07-15T11:05:00+05:30,25214.4,25228.8,25213.05,25225.8,0
2025-07-15T11:06:00+05:30,25225.3,25231.55,25222.75,25230.1,0
2025-07-15T11:07:00+05:30,25229.2,25233.5,25224.6,25230.75,0
2025-07-15T11:08:00+05:30,25231.0,25232.6,25222.5,25223.5,0
2025-07-15T11:09:00+05:30,25223.85,25232.25,25221.5,25231.75,0
2025-07-15T11:10:00+05:30,25231.1,25231.6,25221.9,25221.9,0
2025-07-15T11:11:00+05:30,25222.35,25241.15,25218.3,25240.65,0
2025-07-15T11:12:00+05:30,25240.4,25245.2,25232.25,25233.9,0
2025-07-15T11:13:00+05:30,25234.45,25235.3,25221.4,25224.2,0
2025-07-15T11:14:00+05:30,25224.0,25224.1,25216.95,25221.4,0
2025-07-15T11:15:00+05:30,25221.2,25227.45,25219.75,25219.75,0
2025-07-15T11:16:00+05:30,25220.05,25221.2,25214.15,25216.9,0
2025-07-15T11:17:00+05:30,25217.85,25221.25,25216.05,25216.35,0
2025-07-15T11:18:00+05:30,25217.65,25218.1,25210.15,25212.25,0
2025-07-15T11:19:00+05:30,25211.3,25213.2,25204.15,25205.85,0
2025-07-15T11:20:00+05:30,25206.15,25214.4,25204.3,25212.95,0
2025-07-15T11:21:00+05:30,25213.45,25220.45,25212.05,25216.75,0
2025-07-15T11:22:00+05:30,25217.1,25218.2,25209.6,25210.1,0
2025-07-15T11:23:00+05:30,25210.6,25216.5,25209.6,25215.85,0
2025-07-15T11:24:00+05:30,25217.0,25219.2,25214.1,25217.4,0
2025-07-15T11:25:00+05:30,25216.2,25218.3,25213.85,25214.5,0
2025-07-15T11:26:00+05:30,25214.6,25219.25,25213.2,25216.15,0
2025-07-15T11:27:00+05:30,25216.4,25216.4,25212.05,25212.65,0
2025-07-15T11:28:00+05:30,25212.6,25215.3,25210.9,25211.85,0
2025-07-15T11:29:00+05:30,25211.45,25213.25,25210.25,25211.85,0
2025-07-15T11:30:00+05:30,25211.75,25224.25,25210.25,25223.75,0
2025-07-15T11:31:00+05:30,25223.1,25224.2,25219.15,25220.55,0
2025-07-15T11:32:00+05:30,25220.35,25226.65,25220.05,25223.2,0
2025-07-15T11:33:00+05:30,25224.95,25226.55,25221.9,25223.7,0
2025-07-15T11:34:00+05:30,25223.8,25226.1,25222.95,25224.2,0
2025-07-15T11:35:00+05:30,25225.0,25225.95,25220.05,25225.75,0
2025-07-15T11:36:00+05:30,25225.8,25228.3,25222.95,25224.4,0
2025-07-15T11:37:00+05:30,25224.1,25224.35,25208.75,25211.9,0
2025-07-15T11:38:00+05:30,25212.6,25222.5,25204.5,25217.45,0
2025-07-15T11:39:00+05:30,25215.6,25220.45,25215.6,25219.0,0
2025-07-15T11:40:00+05:30,25219.5,25225.75,25215.85,25223.4,0
2025-07-15T11:41:00+05:30,25222.65,25225.45,25217.75,25221.85,0
2025-07-15T11:42:00+05:30,25220.8,25223.45,25219.15,25219.5,0
2025-07-15T11:43:00+05:30,25219.75,25227.3,25218.9,25223.35,0
2025-07-15T11:44:00+05:30,25222.35,25225.3,25219.85,25223.25,0
2025-07-15T11:45:00+05:30,25223.7,25224.85,25219.3,25220.65,0
2025-07-15T11:46:00+05:30,25220.2,25221.7,25216.35,25216.6,0
2025-07-15T11:47:00+05:30,25216.45,25218.65,25215.95,25217.75,0
2025-07-15T11:48:00+05:30,25217.6,25218.45,25215.1,25217.35,0
2025-07-15T11:49:00+05:30,25217.45,25218.85,25216.1,25217.05,0
2025-07-15T11:50:00+05:30,25217.25,25218.55,25214.9,25215.45,0
2025-07-15T11:51:00+05:30,25215.8,25216.7,25211.75,25212.4,0
2025-07-15T11:52:00+05:30,25211.1,25211.4,25206.05,25208.05,0
2025-07-15T11:53:00+05:30,25207.8,25208.55,25204.1,25206.7,0
2025-07-15T11:54:00+05:30,25207.3,25207.75,25201.75,25203.1,0
2025-07-15T11:55:00+05:30,25202.7,25207.3,25202.25,25203.5,0
2025-07-15T11:56:00+05:30,25202.55,25203.85,25200.5,25201.2,0
2025-07-15T11:57:00+05:30,25201.1,25206.85,25199.55,25203.15,0
2025-07-15T11:58:00+05:30,25202.95,25206.25,25202.55,25205.9,0
2025-07-15T11:59:00+05:30,25205.8,25207.75,25203.35,25204.65,0
2025-07-15T12:00:00+05:30,25204.6,25211.75,25204.3,25211.25,0
2025-07-15T12:01:00+05:30,25211.4,25213.65,25209.5,25209.7,0
2025-07-15T12:02:00+05:30,25209.6,25211.05,25202.7,25203.85,0
2025-07-15T12:03:00+05:30,25203.95,25205.75,25202.35,25204.45,0
2025-07-15T12:04:00+05:30,25203.95,25205.55,25203.1,25204.0,0
2025-07-15T12:05:00+05:30,25203.15,25204.75,25202.15,25203.0,0
2025-07-15T12:06:00+05:30,25204.1,25204.1,25200.7,25203.1,0
2025-07-15T12:07:00+05:30,25202.85,25206.15,25202.05,25205.65,0
2025-07-15T12:08:00+05:30,25205.6,25208.25,25204.15,25205.2,0
2025-07-15T12:09:00+05:30,25205.35,25205.4,25201.9,25204.7,0
2025-07-15T12:10:00+05:30,25205.1,25207.1,25203.35,25205.05,0
2025-07-15T12:11:00+05:30,25204.65,25206.85,25203.25,25204.8,0
2025-07-15T12:12:00+05:30,25205.25,25209.35,25203.6,25208.35,0
2025-07-15T12:13:00+05:30,25208.05,25210.05,25206.3,25209.1,0
2025-07-15T12:14:00+05:30,25208.85,25210.8,25204.8,25205.95,0
2025-07-15T12:15:00+05:30,25206.2,25206.2,25202.9,25205.0,0
2025-07-15T12:16:00+05:30,25204.9,25206.25,25201.2,25202.1,0
2025-07-15T12:17:00+05:30,25202.65,25204.75,25199.9,25201.0,0
2025-07-15T12:18:00+05:30,25201.4,25201.4,25196.15,25196.5,0
2025-07-15T12:19:00+05:30,25196.55,25196.8,25192.8,25193.95,0
2025-07-15T12:20:00+05:30,25193.6,25197.25,25193.3,25194.65,0
2025-07-15T12:21:00+05:30,25195.45,25195.45,25173.1,25175.25,0
2025-07-15T12:22:00+05:30,25174.95,25186.65,25174.5,25185.55,0
2025-07-15T12:23:00+05:30,25185.3,25192.4,25184.6,25190.2,0
2025-07-15T12:24:00+05:30,25191.2,25194.55,25188.35,25192.65,0
2025-07-15T12:25:00+05:30,25192.5,25196.75,25192.1,25194.95,0
2025-07-15T12:26:00+05:30,25194.3,25200.7,25194.15,25197.95,0
2025-07-15T12:27:00+05:30,25198.4,25198.65,25195.15,25197.3,0
2025-07-15T12:28:00+05:30,25197.35,25200.7,25194.8,25197.5,0
2025-07-15T12:29:00+05:30,25198.0,25204.5,25197.65,25203.25,0
2025-07-15T12:30:00+05:30,25204.7,25212.5,25203.7,25210.8,0
2025-07-15T12:31:00+05:30,25210.7,25212.25,25209.05,25209.85,0
2025-07-15T12:32:00+05:30,25209.55,25216.3,25208.0,25212.8,0
2025-07-15T12:33:00+05:30,25214.3,25214.3,25208.3,25212.7,0
2025-07-15T12:34:00+05:30,25212.9,25213.5,25208.5,25210.5,0
2025-07-15T12:35:00+05:30,25209.9,25211.8,25207.8,25210.55,0
2025-07-15T12:36:00+05:30,25211.05,25213.5,25209.7,25212.25,0
2025-07-15T12:37:00+05:30,25212.1,25218.5,25210.6,25216.8,0
2025-07-15T12:38:00+05:30,25216.95,25218.6,25213.55,25215.95,0
2025-07-15T12:39:00+05:30,25216.9,25219.9,25215.75,25218.8,0
2025-07-15T12:40:00+05:30,25218.6,25219.55,25215.9,25216.7,0
2025-07-15T12:41:00+05:30,25215.55,25218.5,25214.35,25215.9,0
2025-07-15T12:42:00+05:30,25216.95,25218.45,25214.85,25214.85,0
2025-07-15T12:43:00+05:30,25215.15,25217.3,25213.65,25215.9,0
2025-07-15T12:44:00+05:30,25215.35,25217.1,25214.55,25215.7,0
2025-07-15T12:45:00+05:30,25216.35,25219.5,25215.15,25218.15,0
2025-07-15T12:46:00+05:30,25217.7,25219.9,25215.3,25216.95,0
2025-07-15T12:47:00+05:30,25216.2,25217.6,25214.6,25215.65,0
2025-07-15T12:48:00+05:30,25216.5,25218.15,25215.2,25215.5,0
2025-07-15T12:49:00+05:30,25215.45,25216.8,25212.9,25214.0,0
2025-07-15T12:50:00+05:30,25214.05,25217.6,25211.75,25216.65,0
2025-07-15T12:51:00+05:30,25217.8,25220.4,25215.0,25218.35,0
2025-07-15T12:52:00+05:30,25217.4,25220.05,25216.55,25218.35,0
2025-07-15T12:53:00+05:30,25217.85,25218.7,25213.3,25213.8,0
2025-07-15T12:54:00+05:30,25213.85,25213.85,25207.75,25210.5,0
2025-07-15T12:55:00+05:30,25210.25,25210.35,25206.95,25208.0,0
2025-07-15T12:56:00+05:30,25208.35,25210.5,25205.95,25208.25,0
2025-07-15T12:57:00+05:30,25209.0,25211.0,25207.35,25209.3,0
2025-07-15T12:58:00+05:30,25209.15,25211.0,25206.8,25208.0,0
2025-07-15T12:59:00+05:30,25207.7,25210.0,25206.75,25208.2,0
2025-07-15T13:00:00+05:30,25208.25,25211.55,25207.2,25209.85,0
2025-07-15T13:01:00+05:30,25209.65,25214.05,25209.5,25213.6,0
2025-07-15T13:02:00+05:30,25213.3,25218.35,25210.8,25216.5,0
2025-07-15T13:03:00+05:30,25217.1,25218.2,25215.75,25216.4,0
2025-07-15T13:04:00+05:30,25216.45,25220.35,25215.5,25218.5,0
2025-07-15T13:05:00+05:30,25218.25,25220.3,25212.9,25214.1,0
2025-07-15T13:06:00+05:30,25214.3,25215.45,25211.75,25212.95,0
2025-07-15T13:07:00+05:30,25212.65,25215.15,25210.35,25210.85,0
2025-07-15T13:08:00+05:30,25210.6,25212.45,25208.85,25210.35,0
2025-07-15T13:09:00+05:30,25210.75,25214.25,25208.8,25212.55,0
2025-07-15T13:10:00+05:30,25212.2,25212.9,25208.1,25209.55,0
2025-07-15T13:11:00+05:30,25209.4,25211.1,25208.3,25208.6,0
2025-07-15T13:12:00+05:30,25209.3,25210.55,25206.45,25207.9,0
2025-07-15T13:13:00+05:30,25207.15,25208.75,25205.85,25207.15,0
2025-07-15T13:14:00+05:30,25206.55,25208.95,25204.2,25204.2,0
2025-07-15T13:15:00+05:30,25204.75,25207.45,25203.65,25205.8,0
2025-07-15T13:16:00+05:30,25205.7,25207.15,25202.4,25202.4,0
2025-07-15T13:17:00+05:30,25201.95,25203.3,25198.6,25200.2,0
2025-07-15T13:18:00+05:30,25201.2,25201.65,25198.25,25199.65,0
2025-07-15T13:19:00+05:30,25199.75,25200.75,25197.2,25197.8,0
2025-07-15T13:20:00+05:30,25197.0,25197.5,25193.85,25195.45,0
2025-07-15T13:21:00+05:30,25195.9,25198.85,25195.35,25196.65,0
2025-07-15T13:22:00+05:30,25196.45,25202.55,25196.45,25200.8,0
2025-07-15T13:23:00+05:30,25200.85,25202.05,25198.6,25199.15,0
2025-07-15T13:24:00+05:30,25198.95,25200.15,25196.95,25198.25,0
2025-07-15T13:25:00+05:30,25198.35,25198.95,25191.5,25191.9,0
2025-07-15T13:26:00+05:30,25191.15,25193.3,25189.0,25189.6,0
2025-07-15T13:27:00+05:30,25190.25,25191.95,25187.95,25189.85,0
2025-07-15T13:28:00+05:30,25189.55,25190.8,25185.2,25185.65,0
2025-07-15T13:29:00+05:30,25184.85,25186.95,25181.2,25186.95,0
2025-07-15T13:30:00+05:30,25186.45,25193.8,25185.4,25192.4,0
2025-07-15T13:31:00+05:30,25192.2,25192.8,25182.9,25184.65,0
2025-07-15T13:32:00+05:30,25184.45,25185.75,25180.15,25180.8,0
2025-07-15T13:33:00+05:30,25181.9,25183.0,25179.25,25180.4,0
2025-07-15T13:34:00+05:30,25181.0,25181.0,25175.2,25177.3,0
2025-07-15T13:35:00+05:30,25177.75,25183.7,25173.45,25181.45,0
2025-07-15T13:36:00+05:30,25181.65,25183.9,25179.15,25179.6,0
2025-07-15T13:37:00+05:30,25179.9,25180.3,25173.9,25174.15,0
2025-07-15T13:38:00+05:30,25174.2,25174.8,25169.55,25172.75,0
2025-07-15T13:39:00+05:30,25172.65,25180.75,25171.75,25178.6,0
2025-07-15T13:40:00+05:30,25176.7,25184.5,25175.4,25182.55,0
2025-07-15T13:41:00+05:30,25182.35,25189.7,25182.25,25185.35,0
2025-07-15T13:42:00+05:30,25185.65,25186.75,25178.7,25181.5,0
2025-07-15T13:43:00+05:30,25181.35,25182.6,25179.2,25181.5,0
2025-07-15T13:44:00+05:30,25181.35,25184.85,25181.15,25182.85,0
2025-07-15T13:45:00+05:30,25183.3,25190.25,25182.45,25188.9,0
2025-07-15T13:46:00+05:30,25188.35,25189.75,25186.15,25186.7,0
2025-07-15T13:47:00+05:30,25186.4,25191.95,25186.4,25189.0,0
2025-07-15T13:48:00+05:30,25189.2,25194.4,25188.85,25193.65,0
2025-07-15T13:49:00+05:30,25193.95,25196.45,25189.55,25190.3,0
2025-07-15T13:50:00+05:30,25189.7,25197.15,25189.7,25192.55,0
2025-07-15T13:51:00+05:30,25193.05,25193.25,25189.95,25190.7,0
2025-07-15T13:52:00+05:30,25190.4,25193.35,25189.9,25190.15,0
2025-07-15T13:53:00+05:30,25189.55,25191.9,25187.9,25190.8,0
2025-07-15T13:54:00+05:30,25190.65,25196.9,25190.45,25195.75,0
2025-07-15T13:55:00+05:30,25195.7,25197.3,25194.2,25194.9,0
2025-07-15T13:56:00+05:30,25194.6,25197.65,25194.05,25196.05,0
2025-07-15T13:57:00+05:30,25196.75,25198.0,25192.8,25192.8,0
2025-07-15T13:58:00+05:30,25192.4,25195.35,25192.3,25193.4,0
2025-07-15T13:59:00+05:30,25192.65,25194.8,25192.25,25193.6,0
2025-07-15T14:00:00+05:30,25193.4,25195.1,25186.95,25187.5,0
2025-07-15T14:01:00+05:30,25186.85,25187.85,25184.45,25184.85,0
2025-07-15T14:02:00+05:30,25184.8,25186.4,25182.6,25183.1,0
2025-07-15T14:03:00+05:30,25183.8,25185.05,25181.35,25181.35,0
2025-07-15T14:04:00+05:30,25181.2,25182.05,25178.6,25178.65,0
2025-07-15T14:05:00+05:30,25178.75,25179.8,25176.1,25177.15,0
2025-07-15T14:06:00+05:30,25177.35,25182.95,25175.5,25180.65,0
2025-07-15T14:07:00+05:30,25180.6,25181.45,25159.5,25161.15,0
2025-07-15T14:08:00+05:30,25160.85,25175.4,25160.25,25174.65,0
2025-07-15T14:09:00+05:30,25175.0,25177.0,25173.4,25173.6,0
2025-07-15T14:10:00+05:30,25173.55,25178.2,25173.35,25178.0,0
2025-07-15T14:11:00+05:30,25177.95,25185.2,25177.95,25182.6,0
2025-07-15T14:12:00+05:30,25183.45,25188.55,25182.55,25186.55,0
2025-07-15T14:13:00+05:30,25186.25,25187.95,25182.6,25183.55,0
2025-07-15T14:14:00+05:30,25183.3,25186.5,25183.1,25184.85,0
2025-07-15T14:15:00+05:30,25185.0,25188.75,25184.1,25184.35,0
2025-07-15T14:16:00+05:30,25184.75,25190.0,25184.5,25189.2,0
2025-07-15T14:17:00+05:30,25189.8,25193.05,25188.55,25190.85,0
2025-07-15T14:18:00+05:30,25191.05,25192.7,25189.35,25190.25,0
2025-07-15T14:19:00+05:30,25189.4,25192.6,25187.95,25188.5,0
2025-07-15T14:20:00+05:30,25188.4,25191.3,25186.3,25186.75,0
2025-07-15T14:21:00+05:30,25187.05,25190.05,25186.1,25187.9,0
2025-07-15T14:22:00+05:30,25187.45,25187.55,25181.3,25181.3,0
2025-07-15T14:23:00+05:30,25181.4,25184.35,25179.55,25180.05,0
2025-07-15T14:24:00+05:30,25180.2,25181.05,25177.15,25178.65,0
2025-07-15T14:25:00+05:30,25178.9,25181.05,25177.5,25179.35,0
2025-07-15T14:26:00+05:30,25179.45,25183.85,25179.05,25182.1,0
2025-07-15T14:27:00+05:30,25182.6,25186.1,25181.25,25184.2,0
2025-07-15T14:28:00+05:30,25183.65,25185.5,25181.8,25182.15,0
2025-07-15T14:29:00+05:30,25182.05,25182.75,25180.1,25181.75,0
2025-07-15T14:30:00+05:30,25181.7,25189.35,25181.7,25188.35,0
2025-07-15T14:31:00+05:30,25188.45,25194.05,25188.45,25192.05,0
2025-07-15T14:32:00+05:30,25191.9,25194.5,25189.4,25190.75,0
2025-07-15T14:33:00+05:30,25190.95,25193.9,25189.75,25193.1,0
2025-07-15T14:34:00+05:30,25192.3,25194.65,25190.5,25191.65,0
2025-07-15T14:35:00+05:30,25193.25,25194.2,25190.2,25190.35,0
2025-07-15T14:36:00+05:30,25189.85,25190.6,25181.35,25182.5,0
2025-07-15T14:37:00+05:30,25183.45,25183.45,25162.45,25162.45,0
2025-07-15T14:38:00+05:30,25162.8,25177.6,25162.8,25174.65,0
2025-07-15T14:39:00+05:30,25175.25,25177.4,25170.25,25174.7,0
2025-07-15T14:40:00+05:30,25171.95,25175.1,25170.2,25174.7,0
2025-07-15T14:41:00+05:30,25173.95,25179.95,25173.95,25177.85,0
2025-07-15T14:42:00+05:30,25177.4,25180.75,25177.3,25177.85,0
2025-07-15T14:43:00+05:30,25177.45,25180.6,25175.95,25177.8,0
2025-07-15T14:44:00+05:30,25178.65,25180.25,25177.65,25178.25,0
2025-07-15T14:45:00+05:30,25178.7,25179.95,25173.15,25173.65,0
2025-07-15T14:46:00+05:30,25173.2,25174.15,25166.6,25169.45,0
2025-07-15T14:47:00+05:30,25169.4,25171.6,25164.65,25170.15,0
2025-07-15T14:48:00+05:30,25170.25,25173.4,25168.25,25168.75,0
2025-07-15T14:49:00+05:30,25168.35,25173.0,25168.35,25170.05,0
2025-07-15T14:50:00+05:30,25169.9,25173.3,25169.15,25172.35,0
2025-07-15T14:51:00+05:30,25171.75,25172.85,25166.2,25166.8,0
2025-07-15T14:52:00+05:30,25166.2,25168.85,25161.45,25163.4,0
2025-07-15T14:53:00+05:30,25162.95,25167.85,25158.55,25158.55,0
2025-07-15T14:54:00+05:30,25158.3,25164.9,25156.75,25164.0,0
2025-07-15T14:55:00+05:30,25163.55,25166.1,25159.4,25161.5,0
2025-07-15T14:56:00+05:30,25161.6,25162.05,25156.05,25156.85,0
2025-07-15T14:57:00+05:30,25157.0,25163.5,25157.0,25160.55,0
2025-07-15T14:58:00+05:30,25160.4,25163.7,25158.7,25158.8,0
2025-07-15T14:59:00+05:30,25159.45,25164.3,25158.9,25160.0,0
2025-07-15T15:00:00+05:30,25161.3,25178.1,25161.3,25167.4,0
2025-07-15T15:01:00+05:30,25167.15,25170.35,25164.7,25166.05,0
2025-07-15T15:02:00+05:30,25165.9,25175.75,25165.9,25169.75,0
2025-07-15T15:03:00+05:30,25169.15,25172.7,25168.05,25168.7,0
2025-07-15T15:04:00+05:30,25169.15,25175.5,25169.15,25173.85,0
2025-07-15T15:05:00+05:30,25174.1,25176.15,25172.8,25174.6,0
2025-07-15T15:06:00+05:30,25174.8,25183.1,25174.75,25181.85,0
2025-07-15T15:07:00+05:30,25182.1,25184.35,25181.3,25181.3,0
2025-07-15T15:08:00+05:30,25181.9,25182.9,25175.45,25181.5,0
2025-07-15T15:09:00+05:30,25182.3,25187.55,25181.0,25186.65,0
2025-07-15T15:10:00+05:30,25185.75,25191.0,25185.75,25187.75,0
2025-07-15T15:11:00+05:30,25188.25,25189.7,25186.65,25187.35,0
2025-07-15T15:12:00+05:30,25187.7,25193.5,25187.6,25192.2,0
2025-07-15T15:13:00+05:30,25192.15,25198.3,25192.15,25197.15,0
2025-07-15T15:14:00+05:30,25197.6,25202.85,25197.4,25201.9,0
2025-07-15T15:15:00+05:30,25201.95,25208.2,25200.25,25204.8,0
2025-07-15T15:16:00+05:30,25204.95,25205.2,25200.45,25201.4,0
2025-07-15T15:17:00+05:30,25200.05,25200.9,25198.1,25198.65,0
2025-07-15T15:18:00+05:30,25199.0,25201.65,25198.15,25199.8,0
2025-07-15T15:19:00+05:30,25200.05,25206.55,25199.15,25204.85,0
2025-07-15T15:20:00+05:30,25205.15,25206.95,25202.3,25205.3,0
2025-07-15T15:21:00+05:30,25205.75,25211.45,25205.75,25209.65,0
2025-07-15T15:22:00+05:30,25211.45,25217.4,25210.65,25215.6,0
2025-07-15T15:23:00+05:30,25217.85,25221.75,25215.85,25217.15,0
2025-07-15T15:24:00+05:30,25218.5,25222.75,25215.1,25220.85,0
2025-07-15T15:25:00+05:30,25221.0,25223.25,25217.6,25219.55,0
2025-07-15T15:26:00+05:30,25219.75,25222.7,25219.0,25221.85,0
2025-07-15T15:27:00+05:30,25221.55,25225.05,25219.25,25223.8,0
2025-07-15T15:28:00+05:30,25223.5,25223.5,25211.75,25217.4,0
2025-07-15T15:29:00+05:30,25219.15,25220.7,25210.0,25219.65,0
2025-07-16T09:15:00+05:30,25196.6,25218.95,25158.5,25168.75,0
2025-07-16T09:16:00+05:30,25170.85,25187.95,25165.5,25176.45,0
2025-07-16T09:17:00+05:30,25177.35,25177.75,25156.9,25175.5,0
2025-07-16T09:18:00+05:30,25173.8,25174.4,25157.85,25164.4,0
2025-07-16T09:19:00+05:30,25165.7,25165.7,25157.35,25159.75,0
2025-07-16T09:20:00+05:30,25159.7,25159.7,25145.3,25157.0,0
2025-07-16T09:21:00+05:30,25157.65,25163.35,25149.3,25155.15,0
2025-07-16T09:22:00+05:30,25154.65,25154.8,25141.55,25148.1,0
2025-07-16T09:23:00+05:30,25148.7,25149.3,25139.05,25148.45,0
2025-07-16T09:24:00+05:30,25148.4,25149.3,25142.05,25147.8,0
2025-07-16T09:25:00+05:30,25146.75,25146.75,25138.1,25143.8,0
2025-07-16T09:26:00+05:30,25144.05,25149.1,25139.9,25140.0,0
2025-07-16T09:27:00+05:30,25139.5,25140.2,25127.75,25130.75,0
2025-07-16T09:28:00+05:30,25130.6,25141.35,25128.8,25140.25,0
2025-07-16T09:29:00+05:30,25140.0,25147.75,25138.0,25146.7,0
2025-07-16T09:30:00+05:30,25147.15,25147.15,25140.05,25144.2,0
2025-07-16T09:31:00+05:30,25144.35,25157.1,25143.15,25146.05,0
2025-07-16T09:32:00+05:30,25146.25,25152.1,25144.9,25151.35,0
2025-07-16T09:33:00+05:30,25150.95,25152.65,25148.9,25151.5,0
2025-07-16T09:34:00+05:30,25150.85,25159.05,25149.55,25158.15,0
2025-07-16T09:35:00+05:30,25157.6,25157.6,25145.45,25148.6,0
2025-07-16T09:36:00+05:30,25149.8,25157.2,25146.55,25157.1,0
2025-07-16T09:37:00+05:30,25156.65,25163.1,25155.8,25160.5,0
2025-07-16T09:38:00+05:30,25160.55,25165.1,25157.05,25158.45,0
2025-07-16T09:39:00+05:30,25159.35,25167.75,25156.3,25167.25,0
2025-07-16T09:40:00+05:30,25167.05,25167.8,25162.05,25164.1,0
2025-07-16T09:41:00+05:30,25164.85,25166.85,25162.15,25165.2,0
2025-07-16T09:42:00+05:30,25165.35,25166.75,25154.55,25155.7,0
2025-07-16T09:43:00+05:30,25154.95,25156.1,25150.05,25153.25,0
2025-07-16T09:44:00+05:30,25152.75,25154.95,25149.55,25154.1,0
2025-07-16T09:45:00+05:30,25155.1,25155.1,25149.6,25151.85,0
2025-07-16T09:46:00+05:30,25150.8,25152.85,25146.2,25147.75,0
2025-07-16T09:47:00+05:30,25146.75,25147.2,25135.0,25137.3,0
2025-07-16T09:48:00+05:30,25137.9,25146.8,25136.55,25146.0,0
2025-07-16T09:49:00+05:30,25145.3,25156.8,25145.0,25155.65,0
2025-07-16T09:50:00+05:30,25156.0,25158.9,25155.75,25157.35,0
2025-07-16T09:51:00+05:30,25157.5,25158.6,25150.1,25150.9,0
2025-07-16T09:52:00+05:30,25151.0,25153.5,25147.95,25152.9,0
2025-07-16T09:53:00+05:30,25152.85,25165.35,25152.6,25164.85,0
2025-07-16T09:54:00+05:30,25165.6,25165.85,25155.9,25156.45,0
2025-07-16T09:55:00+05:30,25157.15,25161.6,25155.0,25159.15,0
2025-07-16T09:56:00+05:30,25160.1,25161.2,25156.8,25159.25,0
2025-07-16T09:57:00+05:30,25159.35,25161.15,25153.95,25155.7,0
2025-07-16T09:58:00+05:30,25156.25,25158.55,25154.15,25156.55,0
2025-07-16T09:59:00+05:30,25156.0,25156.2,25150.6,25155.05,0
2025-07-16T10:00:00+05:30,25154.85,25156.45,25148.75,25151.7,0
2025-07-16T10:01:00+05:30,25152.15,25152.6,25144.9,25146.25,0
2025-07-16T10:02:00+05:30,25146.75,25149.85,25145.75,25149.15,0
2025-07-16T10:03:00+05:30,25148.3,25150.15,25144.95,25149.5,0
2025-07-16T10:04:00+05:30,25149.3,25152.75,25146.9,25152.75,0
2025-07-16T10:05:00+05:30,25152.3,25155.1,25149.5,25151.2,0
2025-07-16T10:06:00+05:30,25150.55,25150.95,25145.15,25147.7,0
2025-07-16T10:07:00+05:30,25147.75,25148.6,25145.3,25146.05,0
2025-07-16T10:08:00+05:30,25145.7,25146.65,25139.35,25141.9,0
2025-07-16T10:09:00+05:30,25142.6,25145.05,25140.85,25144.75,0
2025-07-16T10:10:00+05:30,25145.3,25148.6,25143.05,25146.3,0
2025-07-16T10:11:00+05:30,25146.25,25146.45,25142.45,25143.65,0
2025-07-16T10:12:00+05:30,25143.95,25144.15,25138.2,25139.65,0
2025-07-16T10:13:00+05:30,25139.8,25142.45,25136.8,25140.45,0
2025-07-16T10:14:00+05:30,25139.35,25145.05,25138.95,25141.75,0
2025-07-16T10:15:00+05:30,25141.3,25142.1,25136.4,25138.3,0
2025-07-16T10:16:00+05:30,25138.65,25138.8,25132.7,25138.8,0
2025-07-16T10:17:00+05:30,25138.55,25142.25,25137.35,25142.2,0
2025-07-16T10:18:00+05:30,25142.7,25143.5,25135.35,25137.0,0
2025-07-16T10:19:00+05:30,25137.05,25142.85,25135.3,25142.1,0
2025-07-16T10:20:00+05:30,25142.25,25148.9,25141.05,25148.9,0
2025-07-16T10:21:00+05:30,25149.3,25153.85,25146.85,25150.95,0
2025-07-16T10:22:00+05:30,25151.15,25151.15,25146.9,25149.3,0
2025-07-16T10:23:00+05:30,25148.1,25149.6,25141.25,25142.35,0
2025-07-16T10:24:00+05:30,25142.15,25148.6,25141.4,25148.3,0
2025-07-16T10:25:00+05:30,25148.0,25155.95,25146.65,25155.65,0
2025-07-16T10:26:00+05:30,25155.15,25156.8,25150.4,25151.6,0
2025-07-16T10:27:00+05:30,25151.95,25151.95,25145.5,25145.5,0
2025-07-16T10:28:00+05:30,25145.25,25146.1,25142.0,25143.15,0
2025-07-16T10:29:00+05:30,25142.6,25149.3,25141.75,25148.7,0
2025-07-16T10:30:00+05:30,25148.85,25154.75,25148.35,25153.4,0
2025-07-16T10:31:00+05:30,25153.45,25154.4,25150.15,25153.2,0
2025-07-16T10:32:00+05:30,25153.35,25153.6,25148.3,25149.4,0
2025-07-16T10:33:00+05:30,25148.9,25149.6,25132.25,25133.95,0
2025-07-16T10:34:00+05:30,25132.95,25139.95,25132.75,25139.0,0
2025-07-16T10:35:00+05:30,25138.7,25140.25,25136.55,25137.25,0
2025-07-16T10:36:00+05:30,25137.4,25138.15,25131.2,25131.75,0
2025-07-16T10:37:00+05:30,25131.45,25135.75,25130.2,25134.75,0
2025-07-16T10:38:00+05:30,25135.05,25135.3,25129.3,25131.05,0
2025-07-16T10:39:00+05:30,25131.2,25137.6,25129.1,25137.6,0
2025-07-16T10:40:00+05:30,25137.0,25137.05,25128.15,25134.55,0
2025-07-16T10:41:00+05:30,25135.5,25135.55,25131.0,25132.45,0
2025-07-16T10:42:00+05:30,25132.85,25134.1,25129.95,25132.7,0
2025-07-16T10:43:00+05:30,25132.5,25135.55,25130.65,25134.1,0
2025-07-16T10:44:00+05:30,25133.75,25133.75,25123.3,25127.05,0
2025-07-16T10:45:00+05:30,25127.1,25129.15,25124.0,25127.3,0
2025-07-16T10:46:00+05:30,25127.65,25127.75,25121.15,25121.8,0
2025-07-16T10:47:00+05:30,25121.7,25126.75,25121.05,25126.45,0
2025-07-16T10:48:00+05:30,25126.75,25130.0,25125.65,25128.4,0
2025-07-16T10:49:00+05:30,25128.05,25128.05,25126.3,25126.6,0
2025-07-16T10:50:00+05:30,25126.45,25128.85,25125.15,25128.4,0
2025-07-16T10:51:00+05:30,25128.25,25132.6,25127.4,25131.55,0
2025-07-16T10:52:00+05:30,25131.75,25132.75,25130.6,25132.4,0
2025-07-16T10:53:00+05:30,25132.7,25135.8,25131.85,25134.1,0
2025-07-16T10:54:00+05:30,25134.4,25136.3,25131.3,25132.05,0
2025-07-16T10:55:00+05:30,25131.9,25133.85,25130.75,25132.8,0
2025-07-16T10:56:00+05:30,25133.15,25135.15,25128.4,25129.35,0
2025-07-16T10:57:00+05:30,25129.05,25130.75,25126.4,25130.25,0
2025-07-16T10:58:00+05:30,25130.7,25136.15,25129.0,25135.1,0
2025-07-16T10:59:00+05:30,25134.9,25138.5,25134.1,25138.5,0
2025-07-16T11:00:00+05:30,25138.3,25142.5,25138.3,25142.05,0
2025-07-16T11:01:00+05:30,25142.15,25143.45,25136.7,25137.25,0
2025-07-16T11:02:00+05:30,25137.4,25141.2,25137.4,25139.95,0
2025-07-16T11:03:00+05:30,25139.8,25145.95,25139.4,25142.45,0
2025-07-16T11:04:00+05:30,25142.9,25143.95,25139.2,25142.75,0
2025-07-16T11:05:00+05:30,25142.6,25142.6,25138.4,25140.95,0
2025-07-16T11:06:00+05:30,25140.7,25143.7,25140.2,25142.5,0
2025-07-16T11:07:00+05:30,25141.7,25143.3,25140.9,25141.7,0
2025-07-16T11:08:00+05:30,25141.95,25144.05,25139.8,25143.85,0
2025-07-16T11:09:00+05:30,25142.9,25144.25,25140.85,25142.25,0
2025-07-16T11:10:00+05:30,25141.9,25143.9,25140.6,25140.9,0
2025-07-16T11:11:00+05:30,25140.85,25141.1,25136.0,25136.4,0
2025-07-16T11:12:00+05:30,25137.4,25137.4,25134.45,25137.05,0
2025-07-16T11:13:00+05:30,25137.2,25145.1,25136.2,25143.45,0
2025-07-16T11:14:00+05:30,25143.0,25147.15,25142.5,25145.75,0
2025-07-16T11:15:00+05:30,25145.8,25149.05,25145.15,25147.4,0
2025-07-16T11:16:00+05:30,25147.5,25148.8,25135.0,25137.2,0
2025-07-16T11:17:00+05:30,25137.5,25138.55,25134.35,25134.55,0
2025-07-16T11:18:00+05:30,25134.9,25136.65,25130.0,25131.2,0
2025-07-16T11:19:00+05:30,25131.45,25134.1,25129.6,25130.8,0
2025-07-16T11:20:00+05:30,25130.85,25132.1,25127.75,25129.85,0
2025-07-16T11:21:00+05:30,25130.95,25134.3,25129.05,25133.1,0
2025-07-16T11:22:00+05:30,25133.5,25136.7,25132.15,25134.6,0
2025-07-16T11:23:00+05:30,25134.8,25139.05,25134.15,25136.5,0
2025-07-16T11:24:00+05:30,25136.45,25141.15,25133.7,25141.1,0
2025-07-16T11:25:00+05:30,25141.2,25143.45,25140.1,25142.35,0
2025-07-16T11:26:00+05:30,25142.25,25143.95,25139.6,25141.0,0
2025-07-16T11:27:00+05:30,25142.2,25146.85,25140.85,25145.4,0
2025-07-16T11:28:00+05:30,25145.65,25148.1,25143.85,25146.75,0
2025-07-16T11:29:00+05:30,25146.4,25148.05,25145.2,25147.3,0
2025-07-16T11:30:00+05:30,25147.5,25147.85,25144.9,25145.2,0
2025-07-16T11:31:00+05:30,25144.65,25144.9,25140.25,25141.5,0
2025-07-16T11:32:00+05:30,25141.4,25145.8,25140.95,25145.65,0
2025-07-16T11:33:00+05:30,25144.95,25148.35,25143.95,25147.85,0
2025-07-16T11:34:00+05:30,25147.8,25150.35,25147.4,25150.35,0
2025-07-16T11:35:00+05:30,25150.5,25153.2,25148.5,25150.4,0
2025-07-16T11:36:00+05:30,25150.3,25151.45,25146.15,25151.35,0
2025-07-16T11:37:00+05:30,25150.1,25150.85,25148.75,25149.85,0
2025-07-16T11:38:00+05:30,25149.7,25155.05,25148.55,25153.5,0
2025-07-16T11:39:00+05:30,25153.2,25153.6,25150.55,25150.8,0
2025-07-16T11:40:00+05:30,25150.1,25152.55,25148.45,25151.9,0
2025-07-16T11:41:00+05:30,25152.05,25156.2,25151.4,25155.05,0
2025-07-16T11:42:00+05:30,25155.1,25155.75,25153.0,25154.05,0
2025-07-16T11:43:00+05:30,25154.3,25155.55,25153.05,25155.45,0
2025-07-16T11:44:00+05:30,25155.55,25155.85,25152.25,25153.7,0
2025-07-16T11:45:00+05:30,25152.95,25155.5,25151.4,25151.85,0
2025-07-16T11:46:00+05:30,25151.65,25154.5,25151.6,25153.65,0
2025-07-16T11:47:00+05:30,25153.75,25157.55,25153.45,25155.6,0
2025-07-16T11:48:00+05:30,25155.55,25159.3,25155.0,25158.75,0
2025-07-16T11:49:00+05:30,25158.25,25166.45,25158.15,25166.45,0
2025-07-16T11:50:00+05:30,25166.05,25167.1,25163.85,25166.85,0
2025-07-16T11:51:00+05:30,25166.55,25170.8,25166.35,25169.6,0
2025-07-16T11:52:00+05:30,25169.7,25174.05,25168.6,25173.45,0
2025-07-16T11:53:00+05:30,25172.7,25187.4,25172.3,25187.4,0
2025-07-16T11:54:00+05:30,25188.2,25209.65,25187.7,25209.65,0
2025-07-16T11:55:00+05:30,25210.0,25210.0,25186.95,25187.6,0
2025-07-16T11:56:00+05:30,25187.35,25190.3,25186.7,25189.35,0
2025-07-16T11:57:00+05:30,25188.65,25191.0,25186.2,25186.2,0
2025-07-16T11:58:00+05:30,25185.95,25186.25,25181.5,25182.45,0
2025-07-16T11:59:00+05:30,25182.8,25186.15,25181.45,25185.65,0
2025-07-16T12:00:00+05:30,25185.4,25186.95,25183.15,25185.6,0
2025-07-16T12:01:00+05:30,25185.25,25187.15,25184.05,25186.2,0
2025-07-16T12:02:00+05:30,25185.15,25188.15,25183.4,25186.55,0
2025-07-16T12:03:00+05:30,25186.85,25186.85,25177.9,25178.05,0
2025-07-16T12:04:00+05:30,25178.2,25183.45,25178.05,25180.4,0
2025-07-16T12:05:00+05:30,25180.9,25183.95,25179.6,25183.3,0
2025-07-16T12:06:00+05:30,25182.95,25186.85,25182.8,25186.35,0
2025-07-16T12:07:00+05:30,25186.0,25191.95,25185.4,25189.95,0
2025-07-16T12:08:00+05:30,25189.7,25190.7,25183.95,25184.75,0
2025-07-16T12:09:00+05:30,25184.1,25186.9,25183.55,25185.25,0
2025-07-16T12:10:00+05:30,25184.85,25187.95,25183.75,25187.15,0
2025-07-16T12:11:00+05:30,25187.3,25191.2,25186.25,25188.65,0
2025-07-16T12:12:00+05:30,25190.4,25190.4,25185.4,25187.05,0
2025-07-16T12:13:00+05:30,25187.15,25188.7,25181.85,25181.85,0
2025-07-16T12:14:00+05:30,25182.15,25186.0,25179.1,25179.1,0
2025-07-16T12:15:00+05:30,25179.15,25189.15,25177.6,25188.25,0
2025-07-16T12:16:00+05:30,25189.45,25191.65,25188.2,25189.55,0
2025-07-16T12:17:00+05:30,25189.75,25190.55,25185.4,25187.7,0
2025-07-16T12:18:00+05:30,25187.9,25189.65,25184.2,25185.3,0
2025-07-16T12:19:00+05:30,25185.75,25187.4,25184.75,25186.0,0
2025-07-16T12:20:00+05:30,25186.1,25186.45,25181.9,25182.7,0
2025-07-16T12:21:00+05:30,25182.9,25184.2,25182.1,25183.35,0
2025-07-16T12:22:00+05:30,25182.7,25187.8,25182.0,25185.85,0
2025-07-16T12:23:00+05:30,25185.9,25186.7,25177.0,25177.0,0
2025-07-16T12:24:00+05:30,25176.95,25179.9,25171.4,25172.0,0
2025-07-16T12:25:00+05:30,25172.3,25181.55,25172.3,25180.6,0
2025-07-16T12:26:00+05:30,25180.7,25183.4,25179.05,25183.3,0
2025-07-16T12:27:00+05:30,25184.45,25187.8,25183.7,25187.45,0
2025-07-16T12:28:00+05:30,25187.2,25187.9,25184.1,25185.15,0
2025-07-16T12:29:00+05:30,25185.1,25185.9,25183.55,25185.05,0
2025-07-16T12:30:00+05:30,25185.2,25188.1,25184.7,25187.25,0
2025-07-16T12:31:00+05:30,25187.0,25193.7,25185.85,25192.35,0
2025-07-16T12:32:00+05:30,25192.65,25198.5,25191.4,25196.3,0
2025-07-16T12:33:00+05:30,25197.05,25207.05,25195.2,25204.85,0
2025-07-16T12:34:00+05:30,25205.15,25206.9,25200.8,25203.7,0
2025-07-16T12:35:00+05:30,25204.4,25206.95,25200.8,25200.95,0
2025-07-16T12:36:00+05:30,25201.4,25204.75,25200.75,25203.3,0
2025-07-16T12:37:00+05:30,25203.25,25203.9,25198.65,25198.65,0
2025-07-16T12:38:00+05:30,25198.7,25200.6,25194.5,25196.85,0
2025-07-16T12:39:00+05:30,25197.25,25198.2,25194.05,25197.75,0
2025-07-16T12:40:00+05:30,25197.95,25198.55,25187.3,25195.0,0
2025-07-16T12:41:00+05:30,25195.3,25205.3,25193.85,25201.9,0
2025-07-16T12:42:00+05:30,25201.7,25204.2,25200.5,25202.35,0
2025-07-16T12:43:00+05:30,25202.3,25208.05,25202.3,25207.95,0
2025-07-16T12:44:00+05:30,25206.55,25207.4,25197.85,25204.3,0
2025-07-16T12:45:00+05:30,25204.85,25209.3,25204.35,25205.1,0
2025-07-16T12:46:00+05:30,25204.95,25214.95,25203.2,25214.95,0
2025-07-16T12:47:00+05:30,25215.0,25232.05,25215.0,25227.05,0
2025-07-16T12:48:00+05:30,25232.1,25233.5,25221.45,25222.0,0
2025-07-16T12:49:00+05:30,25221.95,25222.4,25217.7,25218.75,0
2025-07-16T12:50:00+05:30,25219.0,25220.25,25215.2,25219.75,0
2025-07-16T12:51:00+05:30,25219.25,25220.6,25215.45,25215.45,0
2025-07-16T12:52:00+05:30,25215.15,25215.15,25210.9,25214.35,0
2025-07-16T12:53:00+05:30,25215.0,25217.3,25213.85,25214.8,0
2025-07-16T12:54:00+05:30,25214.85,25215.1,25206.35,25206.65,0
2025-07-16T12:55:00+05:30,25207.45,25208.85,25206.5,25206.85,0
2025-07-16T12:56:00+05:30,25206.5,25210.1,25206.5,25208.25,0
2025-07-16T12:57:00+05:30,25208.35,25210.45,25206.7,25208.95,0
2025-07-16T12:58:00+05:30,25208.75,25211.0,25205.45,25205.45,0
2025-07-16T12:59:00+05:30,25205.65,25208.95,25201.8,25208.5,0
2025-07-16T13:00:00+05:30,25208.7,25211.4,25207.8,25210.75,0
2025-07-16T13:01:00+05:30,25211.3,25212.35,25209.25,25209.4,0
2025-07-16T13:02:00+05:30,25207.2,25212.9,25207.2,25212.8,0
2025-07-16T13:03:00+05:30,25212.3,25215.4,25211.75,25212.5,0
2025-07-16T13:04:00+05:30,25214.75,25216.65,25213.8,25214.65,0
2025-07-16T13:05:00+05:30,25214.75,25217.0,25213.55,25213.95,0
2025-07-16T13:06:00+05:30,25214.35,25216.15,25213.3,25214.0,0
2025-07-16T13:07:00+05:30,25214.15,25214.9,25211.45,25211.9,0
2025-07-16T13:08:00+05:30,25212.45,25213.1,25210.1,25211.6,0
2025-07-16T13:09:00+05:30,25210.6,25212.8,25209.8,25212.45,0
2025-07-16T13:10:00+05:30,25212.15,25213.8,25211.35,25213.2,0
2025-07-16T13:11:00+05:30,25213.65,25214.45,25211.35,25212.05,0
2025-07-16T13:12:00+05:30,25211.75,25213.6,25208.85,25209.0,0
2025-07-16T13:13:00+05:30,25209.45,25211.1,25207.75,25211.1,0
2025-07-16T13:14:00+05:30,25210.95,25215.45,25209.4,25214.6,0
2025-07-16T13:15:00+05:30,25214.75,25216.45,25212.55,25214.15,0
2025-07-16T13:16:00+05:30,25213.6,25216.2,25213.1,25214.1,0
2025-07-16T13:17:00+05:30,25213.75,25216.9,25212.65,25216.0,0
2025-07-16T13:18:00+05:30,25216.6,25220.5,25215.65,25219.15,0
2025-07-16T13:19:00+05:30,25218.9,25220.05,25215.75,25216.7,0
2025-07-16T13:20:00+05:30,25216.25,25216.75,25210.0,25213.1,0
2025-07-16T13:21:00+05:30,25213.5,25215.4,25212.55,25214.95,0
2025-07-16T13:22:00+05:30,25214.7,25214.95,25209.15,25211.8,0
2025-07-16T13:23:00+05:30,25211.85,25213.65,25210.65,25211.9,0
2025-07-16T13:24:00+05:30,25211.95,25213.05,25209.35,25210.55,0
2025-07-16T13:25:00+05:30,25210.05,25210.7,25207.4,25208.1,0
2025-07-16T13:26:00+05:30,25207.95,25209.0,25204.5,25206.8,0
2025-07-16T13:27:00+05:30,25206.05,25209.5,25205.7,25208.4,0
2025-07-16T13:28:00+05:30,25208.2,25209.25,25204.45,25205.9,0
2025-07-16T13:29:00+05:30,25205.35,25207.6,25203.0,25206.6,0
2025-07-16T13:30:00+05:30,25206.1,25208.55,25204.4,25204.75,0
2025-07-16T13:31:00+05:30,25204.7,25206.25,25200.65,25201.0,0
2025-07-16T13:32:00+05:30,25200.7,25202.75,25197.8,25199.1,0
2025-07-16T13:33:00+05:30,25198.65,25200.0,25197.9,25198.25,0
2025-07-16T13:34:00+05:30,25198.35,25198.85,25193.45,25194.3,0
2025-07-16T13:35:00+05:30,25194.05,25194.65,25186.0,25187.55,0
2025-07-16T13:36:00+05:30,25187.5,25197.1,25187.5,25196.75,0
2025-07-16T13:37:00+05:30,25196.6,25204.6,25196.6,25204.3,0
2025-07-16T13:38:00+05:30,25203.9,25205.1,25202.4,25204.25,0
2025-07-16T13:39:00+05:30,25203.9,25207.15,25203.2,25206.85,0
2025-07-16T13:40:00+05:30,25207.05,25211.7,25206.75,25210.35,0
2025-07-16T13:41:00+05:30,25210.45,25212.6,25209.15,25211.95,0
2025-07-16T13:42:00+05:30,25211.6,25218.45,25211.6,25215.75,0
2025-07-16T13:43:00+05:30,25215.5,25215.6,25212.75,25214.2,0
2025-07-16T13:44:00+05:30,25213.6,25217.25,25213.3,25214.55,0
2025-07-16T13:45:00+05:30,25213.8,25215.15,25212.6,25214.05,0
2025-07-16T13:46:00+05:30,25213.3,25214.9,25212.15,25213.0,0
2025-07-16T13:47:00+05:30,25213.3,25214.0,25210.15,25213.0,0
2025-07-16T13:48:00+05:30,25213.15,25215.65,25213.1,25214.45,0
2025-07-16T13:49:00+05:30,25214.5,25218.2,25213.55,25218.15,0
2025-07-16T13:50:00+05:30,25217.35,25224.85,25217.35,25224.2,0
2025-07-16T13:51:00+05:30,25223.55,25231.3,25223.55,25229.1,0
2025-07-16T13:52:00+05:30,25229.2,25230.15,25224.3,25225.05,0
2025-07-16T13:53:00+05:30,25224.95,25227.55,25221.25,25221.35,0
2025-07-16T13:54:00+05:30,25221.1,25222.8,25212.2,25214.0,0
2025-07-16T13:55:00+05:30,25213.3,25217.7,25213.1,25216.45,0
2025-07-16T13:56:00+05:30,25216.1,25219.5,25215.8,25217.2,0
2025-07-16T13:57:00+05:30,25217.6,25220.05,25216.2,25218.7,0
2025-07-16T13:58:00+05:30,25219.1,25223.6,25218.45,25221.45,0
2025-07-16T13:59:00+05:30,25220.8,25222.45,25216.35,25217.5,0
2025-07-16T14:00:00+05:30,25217.4,25222.2,25216.3,25220.85,0
2025-07-16T14:01:00+05:30,25220.45,25225.65,25220.4,25225.2,0
2025-07-16T14:02:00+05:30,25225.0,25225.8,25221.8,25224.8,0
2025-07-16T14:03:00+05:30,25225.9,25225.9,25221.1,25222.35,0
2025-07-16T14:04:00+05:30,25223.05,25228.5,25221.7,25228.1,0
2025-07-16T14:05:00+05:30,25228.7,25229.55,25223.1,25223.6,0
2025-07-16T14:06:00+05:30,25224.85,25227.0,25222.9,25225.25,0
2025-07-16T14:07:00+05:30,25225.5,25229.2,25225.05,25228.05,0
2025-07-16T14:08:00+05:30,25228.5,25228.7,25225.15,25227.9,0
2025-07-16T14:09:00+05:30,25227.85,25228.4,25223.95,25227.0,0
2025-07-16T14:10:00+05:30,25226.75,25228.75,25224.0,25225.75,0
2025-07-16T14:11:00+05:30,25225.55,25232.4,25224.3,25232.4,0
2025-07-16T14:12:00+05:30,25232.65,25254.2,25232.65,25253.95,0
2025-07-16T14:13:00+05:30,25253.45,25255.3,25240.45,25241.9,0
2025-07-16T14:14:00+05:30,25241.95,25244.2,25240.65,25243.75,0
2025-07-16T14:15:00+05:30,25243.4,25245.1,25241.8,25241.8,0
2025-07-16T14:16:00+05:30,25242.4,25242.55,25237.85,25239.05,0
2025-07-16T14:17:00+05:30,25238.85,25240.95,25237.4,25239.95,0
2025-07-16T14:18:00+05:30,25241.2,25249.1,25239.4,25246.8,0
2025-07-16T14:19:00+05:30,25246.4,25249.35,25244.1,25249.05,0
2025-07-16T14:20:00+05:30,25248.55,25252.85,25246.8,25248.0,0
2025-07-16T14:21:00+05:30,25248.75,25248.75,25235.35,25235.55,0
2025-07-16T14:22:00+05:30,25235.85,25236.8,25233.25,25234.55,0
2025-07-16T14:23:00+05:30,25234.05,25237.45,25233.45,25236.1,0
2025-07-16T14:24:00+05:30,25235.95,25237.8,25234.2,25236.7,0
2025-07-16T14:25:00+05:30,25236.9,25237.6,25231.8,25232.2,0
2025-07-16T14:26:00+05:30,25232.75,25235.0,25229.8,25231.1,0
2025-07-16T14:27:00+05:30,25231.0,25232.85,25226.9,25232.45,0
2025-07-16T14:28:00+05:30,25231.3,25231.7,25227.15,25228.6,0
2025-07-16T14:29:00+05:30,25228.3,25229.25,25223.15,25224.95,0
2025-07-16T14:30:00+05:30,25224.8,25232.2,25224.8,25232.1,0
2025-07-16T14:31:00+05:30,25231.4,25233.1,25229.4,25232.3,0
2025-07-16T14:32:00+05:30,25232.2,25233.55,25228.65,25228.75,0
2025-07-16T14:33:00+05:30,25228.95,25232.05,25227.45,25229.9,0
2025-07-16T14:34:00+05:30,25230.1,25230.6,25225.7,25227.7,0
2025-07-16T14:35:00+05:30,25226.1,25232.5,25225.15,25230.85,0
2025-07-16T14:36:00+05:30,25230.15,25231.35,25226.3,25227.6,0
2025-07-16T14:37:00+05:30,25227.05,25230.5,25224.1,25228.9,0
2025-07-16T14:38:00+05:30,25226.95,25233.5,25226.25,25229.95,0
2025-07-16T14:39:00+05:30,25228.2,25231.8,25225.0,25226.1,0
2025-07-16T14:40:00+05:30,25228.6,25229.1,25224.4,25225.8,0
2025-07-16T14:41:00+05:30,25225.7,25232.95,25225.2,25229.9,0
2025-07-16T14:42:00+05:30,25231.1,25234.35,25229.6,25232.15,0
2025-07-16T14:43:00+05:30,25231.6,25236.2,25231.6,25234.0,0
2025-07-16T14:44:00+05:30,25234.8,25236.5,25231.55,25233.85,0
2025-07-16T14:45:00+05:30,25234.85,25235.95,25230.55,25232.55,0
2025-07-16T14:46:00+05:30,25232.6,25238.45,25231.4,25238.45,0
2025-07-16T14:47:00+05:30,25236.9,25239.2,25235.45,25236.9,0
2025-07-16T14:48:00+05:30,25237.2,25238.0,25234.25,25234.6,0
2025-07-16T14:49:00+05:30,25234.35,25237.0,25231.0,25231.25,0
2025-07-16T14:50:00+05:30,25230.8,25233.15,25228.6,25231.6,0
2025-07-16T14:51:00+05:30,25230.9,25232.15,25221.0,25222.05,0
2025-07-16T14:52:00+05:30,25221.2,25224.0,25219.7,25221.2,0
2025-07-16T14:53:00+05:30,25221.0,25226.6,25221.0,25224.4,0
2025-07-16T14:54:00+05:30,25223.85,25226.25,25220.9,25222.45,0
2025-07-16T14:55:00+05:30,25221.75,25223.05,25219.6,25221.85,0
2025-07-16T14:56:00+05:30,25222.0,25227.15,25221.2,25226.9,0
2025-07-16T14:57:00+05:30,25226.7,25227.85,25223.55,25225.3,0
2025-07-16T14:58:00+05:30,25225.65,25227.4,25223.6,25226.3,0
2025-07-16T14:59:00+05:30,25226.35,25228.35,25225.55,25227.5,0
2025-07-16T15:00:00+05:30,25229.0,25234.75,25224.55,25225.15,0
2025-07-16T15:01:00+05:30,25225.5,25226.05,25220.65,25221.35,0
2025-07-16T15:02:00+05:30,25221.85,25224.5,25215.25,25215.45,0
2025-07-16T15:03:00+05:30,25216.9,25218.3,25213.65,25214.2,0
2025-07-16T15:04:00+05:30,25215.05,25215.55,25212.9,25213.65,0
2025-07-16T15:05:00+05:30,25214.65,25216.6,25213.6,25214.25,0
2025-07-16T15:06:00+05:30,25215.05,25217.2,25212.0,25212.35,0
2025-07-16T15:07:00+05:30,25213.2,25215.4,25211.95,25212.85,0
2025-07-16T15:08:00+05:30,25213.5,25214.75,25210.65,25210.85,0
2025-07-16T15:09:00+05:30,25211.8,25212.7,25209.05,25211.9,0
2025-07-16T15:10:00+05:30,25212.75,25215.85,25210.9,25211.75,0
2025-07-16T15:11:00+05:30,25213.9,25215.65,25210.8,25211.25,0
2025-07-16T15:12:00+05:30,25212.7,25214.15,25209.3,25209.3,0
2025-07-16T15:13:00+05:30,25210.85,25212.15,25208.7,25208.8,0
2025-07-16T15:14:00+05:30,25210.6,25211.85,25207.25,25207.5,0
2025-07-16T15:15:00+05:30,25209.2,25212.2,25208.1,25209.8,0
2025-07-16T15:16:00+05:30,25210.9,25214.4,25210.3,25212.55,0
2025-07-16T15:17:00+05:30,25213.5,25215.65,25211.1,25211.1,0
2025-07-16T15:18:00+05:30,25212.4,25212.4,25207.1,25207.45,0
2025-07-16T15:19:00+05:30,25209.5,25210.9,25207.1,25207.8,0
2025-07-16T15:20:00+05:30,25209.5,25212.95,25207.25,25207.7,0
2025-07-16T15:21:00+05:30,25209.75,25212.35,25207.8,25209.95,0
2025-07-16T15:22:00+05:30,25210.85,25211.85,25206.95,25208.45,0
2025-07-16T15:23:00+05:30,25209.2,25210.9,25205.05,25205.25,0
2025-07-16T15:24:00+05:30,25206.0,25207.1,25195.6,25195.9,0
2025-07-16T15:25:00+05:30,25197.45,25203.6,25197.45,25201.9,0
2025-07-16T15:26:00+05:30,25202.9,25205.8,25201.9,25202.85,0
2025-07-16T15:27:00+05:30,25204.25,25206.4,25199.1,25200.15,0
2025-07-16T15:28:00+05:30,25201.3,25201.3,25190.6,25199.55,0
2025-07-16T15:29:00+05:30,25199.15,25206.45,25192.95,25198.55,0
2025-07-17T09:15:00+05:30,25230.75,25238.35,25202.75,25219.95,0
2025-07-17T09:16:00+05:30,25219.15,25219.15,25206.5,25210.1,0
2025-07-17T09:17:00+05:30,25209.0,25221.95,25209.0,25220.25,0
2025-07-17T09:18:00+05:30,25220.05,25232.9,25219.1,25228.75,0
2025-07-17T09:19:00+05:30,25228.4,25228.4,25217.5,25217.6,0
2025-07-17T09:20:00+05:30,25216.6,25219.6,25197.75,25201.85,0
2025-07-17T09:21:00+05:30,25202.6,25209.2,25200.85,25207.95,0
2025-07-17T09:22:00+05:30,25207.35,25214.9,25205.7,25214.9,0
2025-07-17T09:23:00+05:30,25215.15,25222.15,25209.25,25222.15,0
2025-07-17T09:24:00+05:30,25222.65,25227.7,25217.65,25217.65,0
2025-07-17T09:25:00+05:30,25216.85,25222.95,25213.4,25221.95,0
2025-07-17T09:26:00+05:30,25221.65,25225.4,25215.85,25216.1,0
2025-07-17T09:27:00+05:30,25216.6,25216.6,25205.4,25205.4,0
2025-07-17T09:28:00+05:30,25206.1,25208.25,25203.85,25206.85,0
2025-07-17T09:29:00+05:30,25206.25,25210.85,25206.25,25209.8,0
2025-07-17T09:30:00+05:30,25209.9,25213.65,25198.1,25198.55,0
2025-07-17T09:31:00+05:30,25199.1,25199.85,25194.6,25195.65,0
2025-07-17T09:32:00+05:30,25196.1,25197.3,25190.0,25192.85,0
2025-07-17T09:33:00+05:30,25192.45,25194.25,25187.8,25193.45,0
2025-07-17T09:34:00+05:30,25193.35,25194.9,25186.8,25191.85,0
2025-07-17T09:35:00+05:30,25191.65,25192.7,25177.5,25187.35,0
2025-07-17T09:36:00+05:30,25187.3,25187.45,25180.3,25184.7,0
2025-07-17T09:37:00+05:30,25184.85,25191.05,25183.1,25189.85,0
2025-07-17T09:38:00+05:30,25188.95,25192.95,25186.85,25188.05,0
2025-07-17T09:39:00+05:30,25188.2,25190.8,25186.9,25190.3,0
2025-07-17T09:40:00+05:30,25190.4,25192.45,25188.6,25190.5,0
2025-07-17T09:41:00+05:30,25189.95,25190.6,25182.1,25183.4,0
2025-07-17T09:42:00+05:30,25184.85,25198.5,25183.65,25196.2,0
2025-07-17T09:43:00+05:30,25196.8,25199.4,25186.45,25188.1,0
2025-07-17T09:44:00+05:30,25187.75,25191.15,25184.9,25191.15,0
2025-07-17T09:45:00+05:30,25191.5,25192.05,25185.75,25186.4,0
2025-07-17T09:46:00+05:30,25185.85,25193.85,25185.0,25186.7,0
2025-07-17T09:47:00+05:30,25186.9,25191.05,25186.35,25188.55,0
2025-07-17T09:48:00+05:30,25189.2,25192.65,25187.05,25191.9,0
2025-07-17T09:49:00+05:30,25191.7,25192.2,25182.55,25183.9,0
2025-07-17T09:50:00+05:30,25183.65,25186.5,25180.85,25183.85,0
2025-07-17T09:51:00+05:30,25183.15,25190.2,25182.35,25189.75,0
2025-07-17T09:52:00+05:30,25189.65,25191.4,25188.65,25190.65,0
2025-07-17T09:53:00+05:30,25192.0,25196.65,25191.35,25194.7,0
2025-07-17T09:54:00+05:30,25194.75,25195.9,25189.45,25192.65,0
2025-07-17T09:55:00+05:30,25193.65,25195.15,25191.7,25192.15,0
2025-07-17T09:56:00+05:30,25193.25,25194.4,25188.85,25189.15,0
2025-07-17T09:57:00+05:30,25190.05,25191.45,25187.05,25190.65,0
2025-07-17T09:58:00+05:30,25191.5,25196.3,25190.4,25194.15,0
2025-07-17T09:59:00+05:30,25196.0,25196.0,25189.05,25189.05,0
2025-07-17T10:00:00+05:30,25189.45,25191.8,25186.15,25190.55,0
2025-07-17T10:01:00+05:30,25190.75,25190.75,25185.05,25185.55,0
2025-07-17T10:02:00+05:30,25186.65,25189.0,25183.55,25187.0,0
2025-07-17T10:03:00+05:30,25186.95,25187.15,25183.3,25185.1,0
2025-07-17T10:04:00+05:30,25185.15,25188.1,25185.15,25186.5,0
2025-07-17T10:05:00+05:30,25187.6,25188.5,25184.05,25184.05,0
2025-07-17T10:06:00+05:30,25186.25,25186.25,25181.05,25181.25,0
2025-07-17T10:07:00+05:30,25181.7,25182.8,25176.7,25179.95,0
2025-07-17T10:08:00+05:30,25180.25,25182.6,25173.8,25173.8,0
2025-07-17T10:09:00+05:30,25173.2,25173.45,25163.6,25170.0,0
2025-07-17T10:10:00+05:30,25170.5,25173.6,25168.6,25172.75,0
2025-07-17T10:11:00+05:30,25174.45,25175.65,25170.35,25171.05,0
2025-07-17T10:12:00+05:30,25171.3,25171.3,25162.6,25163.1,0
2025-07-17T10:13:00+05:30,25164.25,25169.85,25163.05,25166.05,0
2025-07-17T10:14:00+05:30,25167.75,25167.75,25159.55,25160.1,0
2025-07-17T10:15:00+05:30,25162.65,25164.65,25160.0,25163.95,0
2025-07-17T10:16:00+05:30,25164.4,25165.2,25156.3,25156.6,0
2025-07-17T10:17:00+05:30,25156.55,25159.35,25151.05,25152.75,0
2025-07-17T10:18:00+05:30,25153.65,25155.9,25150.05,25154.2,0
2025-07-17T10:19:00+05:30,25155.5,25158.9,25153.5,25158.0,0
2025-07-17T10:20:00+05:30,25158.6,25159.3,25155.75,25159.3,0
2025-07-17T10:21:00+05:30,25159.9,25162.3,25157.1,25157.1,0
2025-07-17T10:22:00+05:30,25156.75,25158.85,25152.35,25157.35,0
2025-07-17T10:23:00+05:30,25157.55,25162.0,25156.95,25160.55,0
2025-07-17T10:24:00+05:30,25161.05,25162.5,25158.25,25160.0,0
2025-07-17T10:25:00+05:30,25159.75,25163.75,25159.3,25163.1,0
2025-07-17T10:26:00+05:30,25163.55,25164.7,25161.8,25164.15,0
2025-07-17T10:27:00+05:30,25165.0,25165.25,25158.6,25160.1,0
2025-07-17T10:28:00+05:30,25160.0,25160.5,25155.8,25156.7,0
2025-07-17T10:29:00+05:30,25156.9,25158.6,25154.5,25155.15,0
2025-07-17T10:30:00+05:30,25155.2,25156.45,25144.0,25144.35,0
2025-07-17T10:31:00+05:30,25144.3,25147.85,25144.3,25147.25,0
2025-07-17T10:32:00+05:30,25148.4,25155.5,25147.45,25154.45,0
2025-07-17T10:33:00+05:30,25154.4,25159.1,25154.0,25159.1,0
2025-07-17T10:34:00+05:30,25158.95,25159.85,25153.95,25153.95,0
2025-07-17T10:35:00+05:30,25153.75,25156.25,25149.4,25150.75,0
2025-07-17T10:36:00+05:30,25151.1,25152.15,25146.65,25151.2,0
2025-07-17T10:37:00+05:30,25151.45,25156.65,25150.35,25156.3,0
2025-07-17T10:38:00+05:30,25157.05,25158.8,25150.8,25152.7,0
2025-07-17T10:39:00+05:30,25151.5,25152.15,25148.35,25150.15,0
2025-07-17T10:40:00+05:30,25149.8,25151.65,25149.1,25149.9,0
2025-07-17T10:41:00+05:30,25150.15,25152.95,25147.55,25151.4,0
2025-07-17T10:42:00+05:30,25150.65,25153.1,25149.95,25151.65,0
2025-07-17T10:43:00+05:30,25151.45,25153.8,25148.35,25149.35,0
2025-07-17T10:44:00+05:30,25149.75,25151.35,25148.1,25148.9,0
2025-07-17T10:45:00+05:30,25148.8,25153.55,25147.7,25153.55,0
2025-07-17T10:46:00+05:30,25153.0,25156.8,25152.0,25152.75,0
2025-07-17T10:47:00+05:30,25152.95,25153.7,25150.6,25151.6,0
2025-07-17T10:48:00+05:30,25151.95,25158.9,25151.95,25157.55,0
2025-07-17T10:49:00+05:30,25156.95,25158.4,25153.75,25155.3,0
2025-07-17T10:50:00+05:30,25154.6,25156.95,25152.7,25153.4,0
2025-07-17T10:51:00+05:30,25153.35,25161.2,25153.2,25159.2,0
2025-07-17T10:52:00+05:30,25159.05,25162.0,25158.2,25161.9,0
2025-07-17T10:53:00+05:30,25161.75,25163.15,25159.55,25163.05,0
2025-07-17T10:54:00+05:30,25162.5,25167.5,25162.05,25166.4,0
2025-07-17T10:55:00+05:30,25165.45,25167.6,25163.6,25164.05,0
2025-07-17T10:56:00+05:30,25163.9,25164.25,25160.5,25163.45,0
2025-07-17T10:57:00+05:30,25162.55,25165.35,25162.55,25164.55,0
2025-07-17T10:58:00+05:30,25163.85,25170.75,25163.85,25170.45,0
2025-07-17T10:59:00+05:30,25170.55,25171.1,25161.25,25162.8,0
2025-07-17T11:00:00+05:30,25162.05,25170.95,25161.6,25162.75,0
2025-07-17T11:01:00+05:30,25163.15,25164.0,25160.6,25163.9,0
2025-07-17T11:02:00+05:30,25163.3,25164.0,25160.3,25162.45,0
2025-07-17T11:03:00+05:30,25162.0,25163.3,25159.2,25160.65,0
2025-07-17T11:04:00+05:30,25161.15,25161.15,25157.65,25158.25,0
2025-07-17T11:05:00+05:30,25158.35,25160.35,25157.3,25159.75,0
2025-07-17T11:06:00+05:30,25159.25,25160.75,25157.7,25160.05,0
2025-07-17T11:07:00+05:30,25159.45,25161.5,25159.1,25159.8,0
2025-07-17T11:08:00+05:30,25159.55,25162.7,25159.05,25161.3,0
2025-07-17T11:09:00+05:30,25161.55,25162.55,25153.85,25153.85,0
2025-07-17T11:10:00+05:30,25155.1,25155.2,25150.95,25154.4,0
2025-07-17T11:11:00+05:30,25153.8,25177.05,25153.8,25176.9,0
2025-07-17T11:12:00+05:30,25177.75,25200.1,25176.55,25200.0,0
2025-07-17T11:13:00+05:30,25199.55,25199.55,25180.05,25181.6,0
2025-07-17T11:14:00+05:30,25181.3,25181.9,25176.7,25178.9,0
2025-07-17T11:15:00+05:30,25177.95,25178.0,25167.1,25168.9,0
2025-07-17T11:16:00+05:30,25169.0,25174.7,25168.75,25172.5,0
2025-07-17T11:17:00+05:30,25172.55,25174.2,25171.1,25173.8,0
2025-07-17T11:18:00+05:30,25173.55,25178.45,25170.15,25178.45,0
2025-07-17T11:19:00+05:30,25178.65,25181.8,25177.45,25178.6,0
2025-07-17T11:20:00+05:30,25178.1,25181.1,25175.15,25175.65,0
2025-07-17T11:21:00+05:30,25175.85,25179.0,25174.75,25176.6,0
2025-07-17T11:22:00+05:30,25177.05,25183.0,25176.6,25179.65,0
2025-07-17T11:23:00+05:30,25179.45,25182.45,25177.2,25182.0,0
2025-07-17T11:24:00+05:30,25181.7,25186.15,25178.7,25178.85,0
2025-07-17T11:25:00+05:30,25178.25,25186.35,25178.25,25180.55,0
2025-07-17T11:26:00+05:30,25180.1,25183.25,25179.5,25183.15,0
2025-07-17T11:27:00+05:30,25183.5,25186.95,25180.65,25186.95,0
2025-07-17T11:28:00+05:30,25186.85,25188.9,25184.7,25185.2,0
2025-07-17T11:29:00+05:30,25185.15,25185.7,25182.55,25182.65,0
2025-07-17T11:30:00+05:30,25182.4,25184.95,25181.4,25183.75,0
2025-07-17T11:31:00+05:30,25183.15,25189.1,25183.15,25188.6,0
2025-07-17T11:32:00+05:30,25188.35,25189.7,25187.6,25188.25,0
2025-07-17T11:33:00+05:30,25188.2,25188.35,25184.95,25184.95,0
2025-07-17T11:34:00+05:30,25185.3,25185.35,25179.75,25180.2,0
2025-07-17T11:35:00+05:30,25181.4,25184.6,25178.45,25184.15,0
2025-07-17T11:36:00+05:30,25184.35,25198.6,25183.4,25197.5,0
2025-07-17T11:37:00+05:30,25196.25,25201.95,25195.75,25198.05,0
2025-07-17T11:38:00+05:30,25197.55,25204.2,25197.55,25202.85,0
2025-07-17T11:39:00+05:30,25200.95,25205.1,25200.0,25201.55,0
2025-07-17T11:40:00+05:30,25200.8,25202.1,25195.6,25200.65,0
2025-07-17T11:41:00+05:30,25201.1,25205.2,25199.4,25202.45,0
2025-07-17T11:42:00+05:30,25201.7,25202.75,25197.3,25199.4,0
2025-07-17T11:43:00+05:30,25199.95,25201.5,25189.8,25192.35,0
2025-07-17T11:44:00+05:30,25192.6,25197.65,25190.25,25196.9,0
2025-07-17T11:45:00+05:30,25197.05,25199.3,25194.6,25197.8,0
2025-07-17T11:46:00+05:30,25197.95,25198.75,25194.3,25194.45,0
2025-07-17T11:47:00+05:30,25194.15,25196.8,25192.75,25193.6,0
2025-07-17T11:48:00+05:30,25192.95,25193.75,25189.55,25192.35,0
2025-07-17T11:49:00+05:30,25192.1,25195.9,25192.1,25194.25,0
2025-07-17T11:50:00+05:30,25194.0,25194.2,25191.35,25191.4,0
2025-07-17T11:51:00+05:30,25191.05,25191.05,25184.45,25188.55,0
2025-07-17T11:52:00+05:30,25188.5,25191.55,25186.25,25190.15,0
2025-07-17T11:53:00+05:30,25190.2,25191.85,25187.7,25191.15,0
2025-07-17T11:54:00+05:30,25191.4,25196.3,25191.4,25192.4,0
2025-07-17T11:55:00+05:30,25192.3,25192.3,25187.75,25191.2,0
2025-07-17T11:56:00+05:30,25190.95,25192.2,25189.4,25189.75,0
2025-07-17T11:57:00+05:30,25189.2,25191.7,25182.25,25185.55,0
2025-07-17T11:58:00+05:30,25185.25,25192.05,25184.65,25191.2,0
2025-07-17T11:59:00+05:30,25190.8,25193.45,25188.45,25189.85,0
2025-07-17T12:00:00+05:30,25189.65,25191.85,25187.9,25190.3,0
2025-07-17T12:01:00+05:30,25190.35,25190.45,25186.2,25189.4,0
2025-07-17T12:02:00+05:30,25189.75,25192.25,25189.15,25190.25,0
2025-07-17T12:03:00+05:30,25190.2,25190.7,25188.25,25189.85,0
2025-07-17T12:04:00+05:30,25189.65,25193.15,25187.9,25191.3,0
2025-07-17T12:05:00+05:30,25190.55,25193.45,25186.9,25187.15,0
2025-07-17T12:06:00+05:30,25187.3,25190.2,25187.3,25189.5,0
2025-07-17T12:07:00+05:30,25189.8,25189.8,25185.2,25186.5,0
2025-07-17T12:08:00+05:30,25186.75,25187.0,25181.15,25182.9,0
2025-07-17T12:09:00+05:30,25182.6,25192.35,25182.15,25190.9,0
2025-07-17T12:10:00+05:30,25190.8,25190.8,25183.65,25184.4,0
2025-07-17T12:11:00+05:30,25184.2,25189.1,25184.15,25186.5,0
2025-07-17T12:12:00+05:30,25186.25,25189.25,25185.35,25187.15,0
2025-07-17T12:13:00+05:30,25187.25,25188.55,25185.1,25186.5,0
2025-07-17T12:14:00+05:30,25186.7,25187.3,25182.85,25184.3,0
2025-07-17T12:15:00+05:30,25184.05,25186.55,25183.4,25185.2,0
2025-07-17T12:16:00+05:30,25185.3,25186.65,25182.45,25184.55,0
2025-07-17T12:17:00+05:30,25184.25,25184.25,25175.25,25182.5,0
2025-07-17T12:18:00+05:30,25182.6,25182.6,25177.75,25179.5,0
2025-07-17T12:19:00+05:30,25178.1,25181.3,25177.25,25179.7,0
2025-07-17T12:20:00+05:30,25179.2,25181.85,25178.85,25179.3,0
2025-07-17T12:21:00+05:30,25178.95,25182.8,25178.25,25181.3,0
2025-07-17T12:22:00+05:30,25181.25,25181.25,25176.1,25176.65,0
2025-07-17T12:23:00+05:30,25176.45,25178.65,25173.95,25177.4,0
2025-07-17T12:24:00+05:30,25176.95,25179.3,25175.4,25177.55,0
2025-07-17T12:25:00+05:30,25178.15,25179.15,25174.1,25176.7,0
2025-07-17T12:26:00+05:30,25176.55,25178.65,25175.4,25175.5,0
2025-07-17T12:27:00+05:30,25176.2,25180.2,25175.25,25178.8,0
2025-07-17T12:28:00+05:30,25178.95,25183.0,25177.6,25178.85,0
2025-07-17T12:29:00+05:30,25179.65,25181.75,25178.3,25180.1,0
2025-07-17T12:30:00+05:30,25180.05,25182.5,25174.6,25178.8,0
2025-07-17T12:31:00+05:30,25178.6,25179.95,25175.3,25179.25,0
2025-07-17T12:32:00+05:30,25179.5,25179.5,25174.5,25175.05,0
2025-07-17T12:33:00+05:30,25175.4,25178.25,25172.7,25177.75,0
2025-07-17T12:34:00+05:30,25177.05,25180.85,25174.25,25179.3,0
2025-07-17T12:35:00+05:30,25179.95,25179.95,25175.45,25177.25,0
2025-07-17T12:36:00+05:30,25177.45,25177.45,25171.2,25174.7,0
2025-07-17T12:37:00+05:30,25175.2,25176.85,25172.7,25174.35,0
2025-07-17T12:38:00+05:30,25174.75,25175.1,25168.45,25169.55,0
2025-07-17T12:39:00+05:30,25169.65,25173.25,25168.8,25171.15,0
2025-07-17T12:40:00+05:30,25170.95,25173.2,25169.0,25173.1,0
2025-07-17T12:41:00+05:30,25173.55,25173.95,25170.95,25173.1,0
2025-07-17T12:42:00+05:30,25173.3,25189.7,25172.25,25189.6,0
2025-07-17T12:43:00+05:30,25189.0,25210.35,25189.0,25210.0,0
2025-07-17T12:44:00+05:30,25210.45,25210.45,25193.35,25193.55,0
2025-07-17T12:45:00+05:30,25193.75,25193.75,25186.9,25187.5,0
2025-07-17T12:46:00+05:30,25188.3,25192.1,25186.5,25189.85,0
2025-07-17T12:47:00+05:30,25189.8,25190.4,25187.1,25188.8,0
2025-07-17T12:48:00+05:30,25188.75,25188.75,25176.8,25178.25,0
2025-07-17T12:49:00+05:30,25177.65,25178.3,25174.45,25177.45,0
2025-07-17T12:50:00+05:30,25178.25,25178.75,25175.8,25178.1,0
2025-07-17T12:51:00+05:30,25178.15,25180.05,25176.15,25177.6,0
2025-07-17T12:52:00+05:30,25176.8,25184.3,25176.8,25181.7,0
2025-07-17T12:53:00+05:30,25181.75,25181.75,25174.85,25179.55,0
2025-07-17T12:54:00+05:30,25179.75,25180.3,25177.05,25180.0,0
2025-07-17T12:55:00+05:30,25179.9,25181.15,25178.15,25180.05,0
2025-07-17T12:56:00+05:30,25180.2,25180.2,25176.35,25177.6,0
2025-07-17T12:57:00+05:30,25177.3,25178.4,25174.65,25177.8,0
2025-07-17T12:58:00+05:30,25178.3,25180.1,25176.7,25177.4,0
2025-07-17T12:59:00+05:30,25178.35,25180.5,25176.25,25179.7,0
2025-07-17T13:00:00+05:30,25179.95,25179.95,25175.25,25177.6,0
2025-07-17T13:01:00+05:30,25177.4,25180.4,25175.85,25179.85,0
2025-07-17T13:02:00+05:30,25179.9,25181.6,25178.0,25180.2,0
2025-07-17T13:03:00+05:30,25180.45,25182.75,25178.5,25179.65,0
2025-07-17T13:04:00+05:30,25181.35,25181.6,25177.8,25178.4,0
2025-07-17T13:05:00+05:30,25178.65,25178.65,25164.05,25166.85,0
2025-07-17T13:06:00+05:30,25166.3,25167.1,25163.65,25165.8,0
2025-07-17T13:07:00+05:30,25165.7,25171.0,25164.15,25169.15,0
2025-07-17T13:08:00+05:30,25169.6,25169.6,25165.3,25167.1,0
2025-07-17T13:09:00+05:30,25168.2,25171.3,25165.45,25168.3,0
2025-07-17T13:10:00+05:30,25168.95,25171.2,25166.5,25167.95,0
2025-07-17T13:11:00+05:30,25169.0,25170.7,25167.05,25168.8,0
2025-07-17T13:12:00+05:30,25169.9,25170.3,25163.95,25166.6,0
2025-07-17T13:13:00+05:30,25167.2,25167.85,25163.65,25167.55,0
2025-07-17T13:14:00+05:30,25167.95,25169.6,25165.7,25167.1,0
2025-07-17T13:15:00+05:30,25168.05,25169.9,25163.6,25167.95,0
2025-07-17T13:16:00+05:30,25168.9,25174.35,25167.8,25167.8,0
2025-07-17T13:17:00+05:30,25168.6,25170.7,25167.2,25169.4,0
2025-07-17T13:18:00+05:30,25169.7,25169.7,25162.8,25165.6,0
2025-07-17T13:19:00+05:30,25165.2,25166.85,25162.35,25164.3,0
2025-07-17T13:20:00+05:30,25165.35,25166.85,25163.3,25164.7,0
2025-07-17T13:21:00+05:30,25166.0,25166.6,25163.3,25165.2,0
2025-07-17T13:22:00+05:30,25165.25,25167.95,25163.3,25165.55,0
2025-07-17T13:23:00+05:30,25165.7,25168.0,25162.65,25163.3,0
2025-07-17T13:24:00+05:30,25164.1,25165.6,25156.65,25157.55,0
2025-07-17T13:25:00+05:30,25157.5,25162.1,25155.55,25160.1,0
2025-07-17T13:26:00+05:30,25159.85,25162.5,25157.15,25160.7,0
2025-07-17T13:27:00+05:30,25162.7,25164.6,25159.85,25162.5,0
2025-07-17T13:28:00+05:30,25163.25,25165.25,25161.35,25161.75,0
2025-07-17T13:29:00+05:30,25163.5,25167.8,25160.8,25166.5,0
2025-07-17T13:30:00+05:30,25166.7,25166.7,25162.75,25164.85,0
2025-07-17T13:31:00+05:30,25164.65,25166.1,25162.5,25165.1,0
2025-07-17T13:32:00+05:30,25165.25,25165.3,25161.9,25163.1,0
2025-07-17T13:33:00+05:30,25163.5,25165.5,25160.4,25164.7,0
2025-07-17T13:34:00+05:30,25165.0,25166.4,25163.65,25166.2,0
2025-07-17T13:35:00+05:30,25166.35,25167.75,25165.55,25166.8,0
2025-07-17T13:36:00+05:30,25167.1,25172.75,25166.4,25168.5,0
2025-07-17T13:37:00+05:30,25168.7,25169.2,25165.9,25168.35,0
2025-07-17T13:38:00+05:30,25168.9,25170.3,25166.4,25169.65,0
2025-07-17T13:39:00+05:30,25170.15,25170.75,25167.9,25169.15,0
2025-07-17T13:40:00+05:30,25169.4,25170.15,25167.45,25169.55,0
2025-07-17T13:41:00+05:30,25169.85,25172.45,25167.9,25170.15,0
2025-07-17T13:42:00+05:30,25169.95,25170.2,25166.4,25169.85,0
2025-07-17T13:43:00+05:30,25170.5,25171.35,25167.35,25171.35,0
2025-07-17T13:44:00+05:30,25171.3,25171.3,25167.15,25168.85,0
2025-07-17T13:45:00+05:30,25168.6,25170.55,25163.55,25164.7,0
2025-07-17T13:46:00+05:30,25164.2,25165.2,25161.5,25162.7,0
2025-07-17T13:47:00+05:30,25162.55,25163.65,25160.7,25163.25,0
2025-07-17T13:48:00+05:30,25163.85,25164.15,25161.0,25162.7,0
2025-07-17T13:49:00+05:30,25162.85,25164.55,25161.45,25163.5,0
2025-07-17T13:50:00+05:30,25163.85,25164.95,25161.55,25163.8,0
2025-07-17T13:51:00+05:30,25164.8,25167.4,25162.55,25167.4,0
2025-07-17T13:52:00+05:30,25167.6,25182.75,25166.15,25182.7,0
2025-07-17T13:53:00+05:30,25182.9,25194.5,25182.45,25192.85,0
2025-07-17T13:54:00+05:30,25193.15,25193.15,25177.25,25179.45,0
2025-07-17T13:55:00+05:30,25179.95,25179.95,25175.45,25178.05,0
2025-07-17T13:56:00+05:30,25178.0,25180.6,25176.4,25179.8,0
2025-07-17T13:57:00+05:30,25179.7,25182.0,25177.15,25178.4,0
2025-07-17T13:58:00+05:30,25178.5,25178.85,25176.15,25178.55,0
2025-07-17T13:59:00+05:30,25177.5,25179.6,25176.2,25177.45,0
2025-07-17T14:00:00+05:30,25177.4,25182.0,25176.3,25178.65,0
2025-07-17T14:01:00+05:30,25178.15,25178.2,25173.4,25175.9,0
2025-07-17T14:02:00+05:30,25175.35,25178.05,25174.0,25177.7,0
2025-07-17T14:03:00+05:30,25177.95,25177.95,25172.85,25174.9,0
2025-07-17T14:04:00+05:30,25174.4,25175.25,25166.85,25167.45,0
2025-07-17T14:05:00+05:30,25168.75,25174.7,25164.65,25174.05,0
2025-07-17T14:06:00+05:30,25174.5,25174.5,25170.4,25172.75,0
2025-07-17T14:07:00+05:30,25173.25,25173.25,25168.6,25171.45,0
2025-07-17T14:08:00+05:30,25172.05,25177.15,25165.35,25167.0,0
2025-07-17T14:09:00+05:30,25166.65,25168.95,25164.35,25168.45,0
2025-07-17T14:10:00+05:30,25169.2,25169.2,25164.35,25165.45,0
2025-07-17T14:11:00+05:30,25165.1,25165.9,25153.15,25153.15,0
2025-07-17T14:12:00+05:30,25154.15,25154.15,25149.25,25151.9,0
2025-07-17T14:13:00+05:30,25152.4,25157.9,25149.6,25156.8,0
2025-07-17T14:14:00+05:30,25157.85,25159.5,25154.85,25156.0,0
2025-07-17T14:15:00+05:30,25156.15,25163.05,25154.7,25158.75,0
2025-07-17T14:16:00+05:30,25159.65,25159.65,25152.65,25155.7,0
2025-07-17T14:17:00+05:30,25154.55,25154.7,25144.75,25147.6,0
2025-07-17T14:18:00+05:30,25148.1,25148.35,25145.25,25146.8,0
2025-07-17T14:19:00+05:30,25147.25,25147.25,25140.5,25146.35,0
2025-07-17T14:20:00+05:30,25147.55,25147.9,25135.8,25137.7,0
2025-07-17T14:21:00+05:30,25138.65,25151.55,25135.5,25146.85,0
2025-07-17T14:22:00+05:30,25146.8,25149.4,25144.2,25149.4,0
2025-07-17T14:23:00+05:30,25149.0,25151.0,25146.15,25150.35,0
2025-07-17T14:24:00+05:30,25149.8,25151.7,25148.6,25151.3,0
2025-07-17T14:25:00+05:30,25150.9,25152.1,25147.55,25150.05,0
2025-07-17T14:26:00+05:30,25150.5,25150.5,25147.25,25149.6,0
2025-07-17T14:27:00+05:30,25150.9,25151.9,25148.4,25150.95,0
2025-07-17T14:28:00+05:30,25151.25,25151.95,25145.2,25146.65,0
2025-07-17T14:29:00+05:30,25146.55,25148.15,25133.0,25133.85,0
2025-07-17T14:30:00+05:30,25134.15,25136.25,25124.3,25135.9,0
2025-07-17T14:31:00+05:30,25136.25,25140.5,25131.35,25131.65,0
2025-07-17T14:32:00+05:30,25131.7,25139.15,25129.25,25135.5,0
2025-07-17T14:33:00+05:30,25136.75,25145.25,25134.05,25140.75,0
2025-07-17T14:34:00+05:30,25140.65,25141.2,25137.2,25140.2,0
2025-07-17T14:35:00+05:30,25140.8,25141.05,25137.65,25140.45,0
2025-07-17T14:36:00+05:30,25141.0,25145.55,25139.15,25144.5,0
2025-07-17T14:37:00+05:30,25145.45,25147.0,25143.5,25144.8,0
2025-07-17T14:38:00+05:30,25145.55,25149.45,25143.5,25148.25,0
2025-07-17T14:39:00+05:30,25149.3,25151.75,25146.3,25147.9,0
2025-07-17T14:40:00+05:30,25147.95,25148.0,25141.65,25143.65,0
2025-07-17T14:41:00+05:30,25144.75,25144.75,25138.3,25140.6,0
2025-07-17T14:42:00+05:30,25141.2,25141.7,25134.6,25136.95,0
2025-07-17T14:43:00+05:30,25137.65,25137.65,25132.4,25136.95,0
2025-07-17T14:44:00+05:30,25136.55,25138.55,25134.45,25138.45,0
2025-07-17T14:45:00+05:30,25138.6,25138.9,25134.85,25136.45,0
2025-07-17T14:46:00+05:30,25137.2,25139.3,25131.8,25133.15,0
2025-07-17T14:47:00+05:30,25133.25,25134.05,25128.85,25129.9,0
2025-07-17T14:48:00+05:30,25129.7,25132.85,25115.85,25121.3,0
2025-07-17T14:49:00+05:30,25120.0,25123.55,25114.65,25122.25,0
2025-07-17T14:50:00+05:30,25121.25,25126.1,25119.45,25126.1,0
2025-07-17T14:51:00+05:30,25126.25,25126.6,25107.25,25115.75,0
2025-07-17T14:52:00+05:30,25115.45,25118.75,25113.55,25117.7,0
2025-07-17T14:53:00+05:30,25118.4,25121.8,25116.65,25119.95,0
2025-07-17T14:54:00+05:30,25120.95,25120.95,25111.55,25119.8,0
2025-07-17T14:55:00+05:30,25119.6,25120.85,25116.55,25117.7,0
2025-07-17T14:56:00+05:30,25119.95,25120.7,25115.85,25118.45,0
2025-07-17T14:57:00+05:30,25120.55,25125.15,25117.3,25124.2,0
2025-07-17T14:58:00+05:30,25125.3,25127.9,25118.75,25118.75,0
2025-07-17T14:59:00+05:30,25120.2,25120.2,25110.4,25115.65,0
2025-07-17T15:00:00+05:30,25117.55,25118.3,25113.95,25114.7,0
2025-07-17T15:01:00+05:30,25115.9,25117.35,25105.9,25106.95,0
2025-07-17T15:02:00+05:30,25108.05,25108.05,25101.65,25105.3,0
2025-07-17T15:03:00+05:30,25105.5,25111.0,25101.0,25104.7,0
2025-07-17T15:04:00+05:30,25105.65,25108.05,25102.7,25107.2,0
2025-07-17T15:05:00+05:30,25107.9,25115.8,25107.1,25108.35,0
2025-07-17T15:06:00+05:30,25108.75,25108.75,25103.9,25108.2,0
2025-07-17T15:07:00+05:30,25109.3,25118.95,25108.9,25117.15,0
2025-07-17T15:08:00+05:30,25117.95,25120.85,25112.4,25115.45,0
2025-07-17T15:09:00+05:30,25115.9,25119.2,25113.2,25119.0,0
2025-07-17T15:10:00+05:30,25118.6,25118.6,25114.25,25114.75,0
2025-07-17T15:11:00+05:30,25115.3,25119.9,25114.55,25115.2,0
2025-07-17T15:12:00+05:30,25115.8,25115.8,25107.25,25114.05,0
2025-07-17T15:13:00+05:30,25114.35,25122.2,25113.6,25116.5,0
2025-07-17T15:14:00+05:30,25118.05,25122.8,25115.0,25120.6,0
2025-07-17T15:15:00+05:30,25120.1,25120.1,25113.5,25115.45,0
2025-07-17T15:16:00+05:30,25116.4,25117.9,25115.35,25116.4,0
2025-07-17T15:17:00+05:30,25118.05,25118.6,25114.6,25118.05,0
2025-07-17T15:18:00+05:30,25118.3,25118.3,25114.0,25114.25,0
2025-07-17T15:19:00+05:30,25114.3,25115.15,25112.65,25113.15,0
2025-07-17T15:20:00+05:30,25113.65,25113.9,25108.9,25110.55,0
2025-07-17T15:21:00+05:30,25110.5,25111.4,25108.7,25108.7,0
2025-07-17T15:22:00+05:30,25109.65,25113.75,25108.35,25112.3,0
2025-07-17T15:23:00+05:30,25113.15,25114.7,25108.75,25109.65,0
2025-07-17T15:24:00+05:30,25108.9,25111.2,25106.25,25109.2,0
2025-07-17T15:25:00+05:30,25110.35,25114.25,25109.4,25109.7,0
2025-07-17T15:26:00+05:30,25109.75,25112.95,25107.9,25112.25,0
2025-07-17T15:27:00+05:30,25113.55,25117.2,25109.45,25116.2,0
2025-07-17T15:28:00+05:30,25115.15,25121.9,25110.3,25111.6,0
2025-07-17T15:29:00+05:30,25111.8,25118.5,25106.6,25109.5,0
2025-07-18T09:15:00+05:30,25108.55,25144.6,25102.15,25115.85,0
2025-07-18T09:16:00+05:30,25113.5,25113.5,25095.8,25100.7,0
2025-07-18T09:17:00+05:30,25098.6,25099.95,25086.55,25092.7,0
2025-07-18T09:18:00+05:30,25093.05,25099.1,25084.35,25096.05,0
2025-07-18T09:19:00+05:30,25094.75,25094.75,25082.05,25086.7,0
2025-07-18T09:20:00+05:30,25087.3,25097.0,25084.8,25094.1,0
2025-07-18T09:21:00+05:30,25094.4,25095.1,25082.55,25085.05,0
2025-07-18T09:22:00+05:30,25086.1,25095.7,25082.95,25087.65,0
2025-07-18T09:23:00+05:30,25087.6,25091.65,25085.1,25087.8,0
2025-07-18T09:24:00+05:30,25088.7,25089.25,25077.75,25081.1,0
2025-07-18T09:25:00+05:30,25081.45,25084.4,25072.85,25075.15,0
2025-07-18T09:26:00+05:30,25076.25,25077.35,25068.2,25069.3,0
2025-07-18T09:27:00+05:30,25070.05,25070.7,25061.1,25063.7,0
2025-07-18T09:28:00+05:30,25063.45,25073.75,25062.1,25070.4,0
2025-07-18T09:29:00+05:30,25070.0,25076.75,25068.6,25070.2,0
2025-07-18T09:30:00+05:30,25071.85,25079.0,25070.6,25074.7,0
2025-07-18T09:31:00+05:30,25073.85,25080.35,25073.85,25078.2,0
2025-07-18T09:32:00+05:30,25077.55,25079.65,25074.45,25079.3,0
2025-07-18T09:33:00+05:30,25079.75,25080.5,25075.25,25076.35,0
2025-07-18T09:34:00+05:30,25077.15,25080.85,25074.6,25077.75,0
2025-07-18T09:35:00+05:30,25077.7,25079.5,25070.0,25072.6,0
2025-07-18T09:36:00+05:30,25073.95,25077.95,25073.65,25077.9,0
2025-07-18T09:37:00+05:30,25076.3,25081.25,25073.2,25078.5,0
2025-07-18T09:38:00+05:30,25077.75,25086.15,25077.75,25083.05,0
2025-07-18T09:39:00+05:30,25082.5,25083.5,25074.45,25075.95,0
2025-07-18T09:40:00+05:30,25077.2,25077.75,25065.55,25065.55,0
2025-07-18T09:41:00+05:30,25065.15,25067.35,25063.95,25065.2,0
2025-07-18T09:42:00+05:30,25065.8,25066.25,25055.9,25056.4,0
2025-07-18T09:43:00+05:30,25056.2,25056.55,25046.1,25047.0,0
2025-07-18T09:44:00+05:30,25047.35,25047.5,25043.15,25044.3,0
2025-07-18T09:45:00+05:30,25043.7,25044.95,25032.95,25035.7,0
2025-07-18T09:46:00+05:30,25034.85,25040.25,25032.5,25036.6,0
2025-07-18T09:47:00+05:30,25039.0,25039.0,25030.7,25031.6,0
2025-07-18T09:48:00+05:30,25032.8,25032.8,25026.2,25030.6,0
2025-07-18T09:49:00+05:30,25030.25,25034.8,25026.75,25033.25,0
2025-07-18T09:50:00+05:30,25032.5,25034.9,25031.85,25034.4,0
2025-07-18T09:51:00+05:30,25034.7,25040.3,25031.85,25038.75,0
2025-07-18T09:52:00+05:30,25038.2,25045.8,25038.1,25045.3,0
2025-07-18T09:53:00+05:30,25045.75,25050.2,25044.4,25048.95,0
2025-07-18T09:54:00+05:30,25048.25,25048.8,25042.2,25045.2,0
2025-07-18T09:55:00+05:30,25044.75,25045.75,25041.45,25043.75,0
2025-07-18T09:56:00+05:30,25043.45,25047.25,25042.0,25044.85,0
2025-07-18T09:57:00+05:30,25044.35,25046.65,25040.2,25041.5,0
2025-07-18T09:58:00+05:30,25040.8,25043.6,25039.45,25040.75,0
2025-07-18T09:59:00+05:30,25040.25,25045.0,25039.0,25039.8,0
2025-07-18T10:00:00+05:30,25040.3,25042.25,25031.55,25033.1,0
2025-07-18T10:01:00+05:30,25033.7,25033.8,25024.15,25024.8,0
2025-07-18T10:02:00+05:30,25024.3,25024.35,25018.15,25021.1,0
2025-07-18T10:03:00+05:30,25022.85,25027.25,25021.8,25026.2,0
2025-07-18T10:04:00+05:30,25027.15,25029.4,25024.95,25024.95,0
2025-07-18T10:05:00+05:30,25023.8,25027.2,25022.05,25025.5,0
2025-07-18T10:06:00+05:30,25025.45,25026.25,25011.35,25013.1,0
2025-07-18T10:07:00+05:30,25013.3,25020.75,25011.95,25019.4,0
2025-07-18T10:08:00+05:30,25019.95,25021.85,25017.45,25019.1,0
2025-07-18T10:09:00+05:30,25018.45,25020.55,25017.0,25017.95,0
2025-07-18T10:10:00+05:30,25018.25,25018.3,25010.25,25011.2,0
2025-07-18T10:11:00+05:30,25011.1,25013.85,25007.8,25012.75,0
2025-07-18T10:12:00+05:30,25012.65,25017.2,25006.8,25007.45,0
2025-07-18T10:13:00+05:30,25007.25,25012.5,25004.65,25011.35,0
2025-07-18T10:14:00+05:30,25011.55,25015.55,25011.05,25013.3,0
2025-07-18T10:15:00+05:30,25013.15,25013.15,24995.4,24996.35,0
2025-07-18T10:16:00+05:30,24995.3,24995.55,24977.7,24980.75,0
2025-07-18T10:17:00+05:30,24978.55,24982.8,24965.65,24968.05,0
2025-07-18T10:18:00+05:30,24966.2,24968.75,24955.25,24959.85,0
2025-07-18T10:19:00+05:30,24959.3,24962.65,24953.25,24956.65,0
2025-07-18T10:20:00+05:30,24957.65,24957.75,24942.0,24944.55,0
2025-07-18T10:21:00+05:30,24944.4,24957.5,24938.15,24955.65,0
2025-07-18T10:22:00+05:30,24954.8,24959.7,24953.75,24955.55,0
2025-07-18T10:23:00+05:30,24955.8,24965.8,24952.4,24965.8,0
2025-07-18T10:24:00+05:30,24965.35,24965.35,24958.65,24965.25,0
2025-07-18T10:25:00+05:30,24963.75,24967.8,24959.55,24962.1,0
2025-07-18T10:26:00+05:30,24962.65,24965.85,24959.6,24960.35,0
2025-07-18T10:27:00+05:30,24960.25,24962.0,24954.85,24959.65,0
2025-07-18T10:28:00+05:30,24959.7,24960.0,24949.25,24951.25,0
2025-07-18T10:29:00+05:30,24951.05,24955.6,24950.95,24952.55,0
2025-07-18T10:30:00+05:30,24951.45,24951.8,24931.4,24933.4,0
2025-07-18T10:31:00+05:30,24934.55,24951.3,24934.55,24947.65,0
2025-07-18T10:32:00+05:30,24948.2,24949.9,24943.5,24944.9,0
2025-07-18T10:33:00+05:30,24945.4,24949.45,24944.5,24947.55,0
2025-07-18T10:34:00+05:30,24947.7,24948.9,24942.45,24943.85,0
2025-07-18T10:35:00+05:30,24943.7,24950.3,24943.0,24949.9,0
2025-07-18T10:36:00+05:30,24949.6,24962.0,24948.1,24961.15,0
2025-07-18T10:37:00+05:30,24960.8,24961.9,24956.75,24958.2,0
2025-07-18T10:38:00+05:30,24958.9,24962.6,24956.15,24957.8,0
2025-07-18T10:39:00+05:30,24956.75,24957.35,24952.95,24952.95,0
2025-07-18T10:40:00+05:30,24953.7,24954.45,24944.45,24946.0,0
2025-07-18T10:41:00+05:30,24945.4,24945.4,24938.35,24941.35,0
2025-07-18T10:42:00+05:30,24941.1,24947.95,24940.05,24940.8,0
2025-07-18T10:43:00+05:30,24940.85,24948.45,24939.6,24947.45,0
2025-07-18T10:44:00+05:30,24947.7,24949.2,24941.25,24942.35,0
2025-07-18T10:45:00+05:30,24941.95,24942.05,24937.4,24941.15,0
2025-07-18T10:46:00+05:30,24941.65,24946.25,24936.5,24940.5,0
2025-07-18T10:47:00+05:30,24939.75,24947.1,24939.45,24946.4,0
2025-07-18T10:48:00+05:30,24946.9,24952.95,24946.15,24950.5,0
2025-07-18T10:49:00+05:30,24950.2,24952.5,24942.65,24943.9,0
2025-07-18T10:50:00+05:30,24943.95,24946.9,24943.65,24945.4,0
2025-07-18T10:51:00+05:30,24945.45,24947.65,24942.2,24943.9,0
2025-07-18T10:52:00+05:30,24943.85,24951.1,24943.45,24950.95,0
2025-07-18T10:53:00+05:30,24951.15,24952.4,24949.6,24950.2,0
2025-07-18T10:54:00+05:30,24950.1,24950.1,24946.7,24947.45,0
2025-07-18T10:55:00+05:30,24947.7,24953.05,24946.3,24951.25,0
2025-07-18T10:56:00+05:30,24950.8,24951.0,24942.4,24943.3,0
2025-07-18T10:57:00+05:30,24943.95,24948.4,24943.05,24944.25,0
2025-07-18T10:58:00+05:30,24945.2,24945.75,24936.7,24937.05,0
2025-07-18T10:59:00+05:30,24937.4,24937.95,24930.0,24931.0,0
2025-07-18T11:00:00+05:30,24930.7,24932.9,24925.65,24929.9,0
2025-07-18T11:01:00+05:30,24930.15,24931.75,24925.25,24925.9,0
2025-07-18T11:02:00+05:30,24926.55,24941.4,24925.6,24940.8,0
2025-07-18T11:03:00+05:30,24940.4,24950.9,24940.4,24950.75,0
2025-07-18T11:04:00+05:30,24949.95,24955.95,24949.95,24953.45,0
2025-07-18T11:05:00+05:30,24953.9,24953.9,24948.4,24951.4,0
2025-07-18T11:06:00+05:30,24951.0,24954.3,24948.7,24953.15,0
2025-07-18T11:07:00+05:30,24953.55,24958.1,24953.1,24956.95,0
2025-07-18T11:08:00+05:30,24956.75,24957.5,24952.0,24953.1,0
2025-07-18T11:09:00+05:30,24954.15,24956.75,24953.35,24954.75,0
2025-07-18T11:10:00+05:30,24954.9,24955.0,24949.35,24953.0,0
2025-07-18T11:11:00+05:30,24952.95,24956.55,24951.7,24953.45,0
2025-07-18T11:12:00+05:30,24953.05,24961.45,24952.6,24960.75,0
2025-07-18T11:13:00+05:30,24959.55,24959.55,24953.4,24954.5,0
2025-07-18T11:14:00+05:30,24954.6,24958.4,24951.45,24958.4,0
2025-07-18T11:15:00+05:30,24958.65,24962.0,24958.0,24959.95,0
2025-07-18T11:16:00+05:30,24960.25,24961.4,24957.75,24960.55,0
2025-07-18T11:17:00+05:30,24960.5,24961.7,24958.15,24959.4,0
2025-07-18T11:18:00+05:30,24959.95,24960.4,24956.35,24958.5,0
2025-07-18T11:19:00+05:30,24958.3,24961.4,24955.1,24958.9,0
2025-07-18T11:20:00+05:30,24959.0,24960.25,24954.15,24957.95,0
2025-07-18T11:21:00+05:30,24962.2,24965.45,24959.6,24964.35,0
2025-07-18T11:22:00+05:30,24963.85,24965.75,24960.5,24964.1,0
2025-07-18T11:23:00+05:30,24964.8,24967.2,24961.4,24961.75,0
2025-07-18T11:24:00+05:30,24962.2,24967.55,24962.2,24967.3,0
2025-07-18T11:25:00+05:30,24967.25,24968.95,24963.95,24966.45,0
2025-07-18T11:26:00+05:30,24966.5,24971.1,24965.1,24970.75,0
2025-07-18T11:27:00+05:30,24970.4,24976.55,24969.6,24976.55,0
2025-07-18T11:28:00+05:30,24975.25,24975.65,24972.1,24973.4,0
2025-07-18T11:29:00+05:30,24971.9,24974.45,24970.6,24971.3,0
2025-07-18T11:30:00+05:30,24971.65,24972.1,24967.4,24968.85,0
2025-07-18T11:31:00+05:30,24969.1,24972.9,24968.9,24969.2,0
2025-07-18T11:32:00+05:30,24970.35,24972.25,24967.5,24969.75,0
2025-07-18T11:33:00+05:30,24969.8,24971.25,24963.85,24964.1,0
2025-07-18T11:34:00+05:30,24963.85,24964.85,24957.6,24958.3,0
2025-07-18T11:35:00+05:30,24958.15,24959.2,24951.8,24951.85,0
2025-07-18T11:36:00+05:30,24952.3,24954.1,24948.65,24952.45,0
2025-07-18T11:37:00+05:30,24952.1,24957.05,24951.35,24954.45,0
2025-07-18T11:38:00+05:30,24954.35,24956.25,24950.8,24952.45,0
2025-07-18T11:39:00+05:30,24953.4,24956.55,24951.3,24951.75,0
2025-07-18T11:40:00+05:30,24951.25,24952.7,24949.95,24950.0,0
2025-07-18T11:41:00+05:30,24949.9,24951.4,24947.15,24947.15,0
2025-07-18T11:42:00+05:30,24946.8,24952.9,24943.95,24951.4,0
2025-07-18T11:43:00+05:30,24952.05,24952.05,24943.8,24944.35,0
2025-07-18T11:44:00+05:30,24943.95,24943.95,24920.45,24922.0,0
2025-07-18T11:45:00+05:30,24921.25,24938.55,24921.25,24936.45,0
2025-07-18T11:46:00+05:30,24936.75,24943.6,24936.5,24941.4,0
2025-07-18T11:47:00+05:30,24941.55,24942.55,24939.35,24939.75,0
2025-07-18T11:48:00+05:30,24939.8,24943.0,24939.8,24940.7,0
2025-07-18T11:49:00+05:30,24941.1,24947.95,24937.6,24947.95,0
2025-07-18T11:50:00+05:30,24947.5,24953.55,24947.35,24951.15,0
2025-07-18T11:51:00+05:30,24950.7,24953.25,24949.35,24949.55,0
2025-07-18T11:52:00+05:30,24949.2,24961.05,24949.2,24960.6,0
2025-07-18T11:53:00+05:30,24959.95,24963.55,24958.4,24960.4,0
2025-07-18T11:54:00+05:30,24960.65,24961.65,24956.3,24959.05,0
2025-07-18T11:55:00+05:30,24958.55,24961.2,24955.85,24958.15,0
2025-07-18T11:56:00+05:30,24957.9,24959.0,24953.45,24955.1,0
2025-07-18T11:57:00+05:30,24954.1,24955.25,24949.25,24949.5,0
2025-07-18T11:58:00+05:30,24949.6,24952.4,24948.15,24949.65,0
2025-07-18T11:59:00+05:30,24949.7,24954.1,24948.6,24951.35,0
2025-07-18T12:00:00+05:30,24951.7,24953.95,24946.75,24947.65,0
2025-07-18T12:01:00+05:30,24948.0,24948.4,24942.65,24944.15,0
2025-07-18T12:02:00+05:30,24944.0,24945.75,24942.3,24942.85,0
2025-07-18T12:03:00+05:30,24942.9,24946.6,24941.35,24942.0,0
2025-07-18T12:04:00+05:30,24941.65,24943.1,24939.45,24940.4,0
2025-07-18T12:05:00+05:30,24940.2,24949.15,24940.0,24943.15,0
2025-07-18T12:06:00+05:30,24942.65,24945.55,24940.95,24942.5,0
2025-07-18T12:07:00+05:30,24942.45,24945.55,24940.65,24941.45,0
2025-07-18T12:08:00+05:30,24941.05,24946.3,24940.55,24943.1,0
2025-07-18T12:09:00+05:30,24943.2,24945.45,24941.85,24942.95,0
2025-07-18T12:10:00+05:30,24942.2,24944.95,24940.6,24941.45,0
2025-07-18T12:11:00+05:30,24941.35,24942.8,24939.2,24940.35,0
2025-07-18T12:12:00+05:30,24939.7,24940.9,24935.75,24937.4,0
2025-07-18T12:13:00+05:30,24936.95,24938.2,24932.3,24932.85,0
2025-07-18T12:14:00+05:30,24932.7,24936.2,24932.15,24933.4,0
2025-07-18T12:15:00+05:30,24933.1,24935.05,24931.4,24933.6,0
2025-07-18T12:16:00+05:30,24934.65,24938.55,24929.9,24930.95,0
2025-07-18T12:17:00+05:30,24930.75,24931.45,24926.4,24927.15,0
2025-07-18T12:18:00+05:30,24926.85,24928.3,24918.65,24919.5,0
2025-07-18T12:19:00+05:30,24919.7,24924.25,24919.0,24921.9,0
2025-07-18T12:20:00+05:30,24923.65,24927.45,24921.7,24926.25,0
2025-07-18T12:21:00+05:30,24926.15,24932.5,24926.0,24929.4,0
2025-07-18T12:22:00+05:30,24929.35,24937.05,24928.6,24937.05,0
2025-07-18T12:23:00+05:30,24936.7,24937.1,24932.5,24933.05,0
2025-07-18T12:24:00+05:30,24932.85,24934.35,24932.1,24933.55,0
2025-07-18T12:25:00+05:30,24933.75,24936.0,24930.8,24934.85,0
2025-07-18T12:26:00+05:30,24935.4,24941.05,24935.0,24939.0,0
2025-07-18T12:27:00+05:30,24939.75,24942.15,24938.55,24941.65,0
2025-07-18T12:28:00+05:30,24942.05,24943.05,24939.7,24940.4,0
2025-07-18T12:29:00+05:30,24941.0,24941.75,24937.65,24939.4,0
2025-07-18T12:30:00+05:30,24939.55,24944.0,24939.15,24943.4,0
2025-07-18T12:31:00+05:30,24943.55,24943.75,24939.35,24940.65,0
2025-07-18T12:32:00+05:30,24940.3,24943.5,24938.0,24942.4,0
2025-07-18T12:33:00+05:30,24942.75,24942.85,24937.05,24940.0,0
2025-07-18T12:34:00+05:30,24939.55,24939.9,24936.05,24937.95,0
2025-07-18T12:35:00+05:30,24937.8,24938.7,24934.4,24935.35,0
2025-07-18T12:36:00+05:30,24935.9,24936.8,24931.15,24933.15,0
2025-07-18T12:37:00+05:30,24932.6,24933.9,24929.75,24930.2,0
2025-07-18T12:38:00+05:30,24930.6,24932.65,24929.3,24930.9,0
2025-07-18T12:39:00+05:30,24931.2,24946.75,24930.85,24946.3,0
2025-07-18T12:40:00+05:30,24945.8,24945.8,24940.85,24942.75,0
2025-07-18T12:41:00+05:30,24942.55,24951.8,24941.5,24950.8,0
2025-07-18T12:42:00+05:30,24951.1,24951.1,24942.35,24943.9,0
2025-07-18T12:43:00+05:30,24943.2,24943.45,24940.55,24940.9,0
2025-07-18T12:44:00+05:30,24941.9,24941.9,24936.3,24936.3,0
2025-07-18T12:45:00+05:30,24936.15,24938.0,24933.25,24937.55,0
2025-07-18T12:46:00+05:30,24937.8,24939.1,24936.2,24937.3,0
2025-07-18T12:47:00+05:30,24937.5,24939.15,24935.55,24935.6,0
2025-07-18T12:48:00+05:30,24935.7,24936.15,24932.5,24934.5,0
2025-07-18T12:49:00+05:30,24933.85,24942.65,24933.3,24942.65,0
2025-07-18T12:50:00+05:30,24942.9,24942.9,24935.45,24935.7,0
2025-07-18T12:51:00+05:30,24935.35,24936.85,24933.75,24935.75,0
2025-07-18T12:52:00+05:30,24935.3,24936.55,24933.45,24933.8,0
2025-07-18T12:53:00+05:30,24933.45,24936.55,24932.4,24934.95,0
2025-07-18T12:54:00+05:30,24935.15,24935.8,24931.05,24932.75,0
2025-07-18T12:55:00+05:30,24932.4,24935.55,24931.25,24933.35,0
2025-07-18T12:56:00+05:30,24933.0,24940.5,24933.0,24939.35,0
2025-07-18T12:57:00+05:30,24939.25,24943.8,24936.85,24943.05,0
2025-07-18T12:58:00+05:30,24943.75,24949.55,24942.45,24949.5,0
2025-07-18T12:59:00+05:30,24948.95,24952.7,24947.8,24951.55,0
2025-07-18T13:00:00+05:30,24951.6,24969.1,24951.6,24968.85,0
2025-07-18T13:01:00+05:30,24969.35,24991.2,24969.35,24990.35,0
2025-07-18T13:02:00+05:30,24989.55,24989.55,24951.25,24951.25,0
2025-07-18T13:03:00+05:30,24951.4,24954.4,24950.1,24951.3,0
2025-07-18T13:04:00+05:30,24951.05,24956.4,24949.55,24953.3,0
2025-07-18T13:05:00+05:30,24953.1,24955.75,24949.85,24949.85,0
2025-07-18T13:06:00+05:30,24949.8,24949.8,24941.25,24942.25,0
2025-07-18T13:07:00+05:30,24942.9,24946.85,24941.05,24943.45,0
2025-07-18T13:08:00+05:30,24943.75,24948.95,24943.45,24947.7,0
2025-07-18T13:09:00+05:30,24947.85,24948.35,24944.05,24945.45,0
2025-07-18T13:10:00+05:30,24945.15,24945.8,24942.55,24944.0,0
2025-07-18T13:11:00+05:30,24944.3,24946.3,24941.95,24944.75,0
2025-07-18T13:12:00+05:30,24945.4,24949.3,24941.9,24948.65,0
2025-07-18T13:13:00+05:30,24948.55,24950.95,24946.4,24949.65,0
2025-07-18T13:14:00+05:30,24950.2,24951.3,24947.95,24949.25,0
2025-07-18T13:15:00+05:30,24949.8,24951.7,24947.6,24950.7,0
2025-07-18T13:16:00+05:30,24951.35,24951.35,24941.45,24941.45,0
2025-07-18T13:17:00+05:30,24941.05,24942.35,24938.5,24940.35,0
2025-07-18T13:18:00+05:30,24940.4,24941.4,24938.2,24939.45,0
2025-07-18T13:19:00+05:30,24939.7,24943.45,24937.8,24940.7,0
2025-07-18T13:20:00+05:30,24940.55,24941.2,24938.15,24940.95,0
2025-07-18T13:21:00+05:30,24940.85,24943.25,24935.55,24942.3,0
2025-07-18T13:22:00+05:30,24941.65,24945.95,24941.05,24944.25,0
2025-07-18T13:23:00+05:30,24944.0,24944.9,24942.25,24944.75,0
2025-07-18T13:24:00+05:30,24945.15,24946.5,24942.4,24942.55,0
2025-07-18T13:25:00+05:30,24942.95,24946.6,24940.15,24945.5,0
2025-07-18T13:26:00+05:30,24946.0,24947.75,24944.15,24945.7,0
2025-07-18T13:27:00+05:30,24945.6,24949.35,24944.4,24947.95,0
2025-07-18T13:28:00+05:30,24948.3,24949.2,24945.9,24947.55,0
2025-07-18T13:29:00+05:30,24947.7,24948.65,24944.95,24946.8,0
2025-07-18T13:30:00+05:30,24946.1,24948.3,24941.8,24944.85,0
2025-07-18T13:31:00+05:30,24944.5,24952.4,24942.35,24952.4,0
2025-07-18T13:32:00+05:30,24951.35,24952.05,24945.75,24951.2,0
2025-07-18T13:33:00+05:30,24950.75,24955.2,24949.15,24953.6,0
2025-07-18T13:34:00+05:30,24953.7,24957.2,24952.85,24956.7,0
2025-07-18T13:35:00+05:30,24956.0,24956.05,24952.8,24955.0,0
2025-07-18T13:36:00+05:30,24954.6,24957.3,24954.05,24954.85,0
2025-07-18T13:37:00+05:30,24955.2,24957.25,24954.6,24956.0,0
2025-07-18T13:38:00+05:30,24955.85,24959.35,24953.85,24957.5,0
2025-07-18T13:39:00+05:30,24957.05,24961.15,24956.9,24960.55,0
2025-07-18T13:40:00+05:30,24960.7,24962.65,24958.8,24959.15,0
2025-07-18T13:41:00+05:30,24959.7,24968.9,24958.45,24966.55,0
2025-07-18T13:42:00+05:30,24967.35,24971.35,24965.15,24969.75,0
2025-07-18T13:43:00+05:30,24969.95,24971.25,24963.35,24963.6,0
2025-07-18T13:44:00+05:30,24964.4,24969.1,24962.5,24968.55,0
2025-07-18T13:45:00+05:30,24969.45,24971.3,24967.55,24968.3,0
2025-07-18T13:46:00+05:30,24968.55,24968.75,24961.0,24962.8,0
2025-07-18T13:47:00+05:30,24962.7,24963.95,24958.25,24959.5,0
2025-07-18T13:48:00+05:30,24959.0,24959.5,24951.65,24953.3,0
2025-07-18T13:49:00+05:30,24953.15,24957.45,24953.15,24956.35,0
2025-07-18T13:50:00+05:30,24955.9,24957.5,24951.85,24956.0,0
2025-07-18T13:51:00+05:30,24955.15,24958.85,24954.75,24957.15,0
2025-07-18T13:52:00+05:30,24957.65,24959.35,24955.8,24956.3,0
2025-07-18T13:53:00+05:30,24955.85,24956.95,24952.4,24954.9,0
2025-07-18T13:54:00+05:30,24955.35,24955.35,24949.7,24950.7,0
2025-07-18T13:55:00+05:30,24950.25,24953.45,24949.3,24953.2,0
2025-07-18T13:56:00+05:30,24952.7,24960.2,24952.2,24959.15,0
2025-07-18T13:57:00+05:30,24958.3,24981.55,24957.65,24980.95,0
2025-07-18T13:58:00+05:30,24980.7,24994.25,24980.7,24994.25,0
2025-07-18T13:59:00+05:30,24990.75,24990.75,24957.9,24960.0,0
2025-07-18T14:00:00+05:30,24960.1,24965.5,24958.3,24961.95,0
2025-07-18T14:01:00+05:30,24962.1,24962.6,24959.35,24959.45,0
2025-07-18T14:02:00+05:30,24959.7,24965.95,24959.15,24964.5,0
2025-07-18T14:03:00+05:30,24964.85,24970.65,24963.8,24967.75,0
2025-07-18T14:04:00+05:30,24967.85,24969.0,24963.45,24966.05,0
2025-07-18T14:05:00+05:30,24966.65,24969.1,24964.35,24967.3,0
2025-07-18T14:06:00+05:30,24967.4,24969.5,24963.6,24964.6,0
2025-07-18T14:07:00+05:30,24963.45,24965.3,24959.75,24960.5,0
2025-07-18T14:08:00+05:30,24960.15,24966.25,24960.15,24962.85,0
2025-07-18T14:09:00+05:30,24963.25,24968.15,24962.9,24966.85,0
2025-07-18T14:10:00+05:30,24966.15,24966.65,24963.7,24965.5,0
2025-07-18T14:11:00+05:30,24965.4,24968.05,24963.7,24967.25,0
2025-07-18T14:12:00+05:30,24967.4,24968.3,24963.7,24968.3,0
2025-07-18T14:13:00+05:30,24967.9,24971.65,24966.1,24970.3,0
2025-07-18T14:14:00+05:30,24969.95,24972.4,24968.25,24969.35,0
2025-07-18T14:15:00+05:30,24968.4,24971.7,24967.25,24968.35,0
2025-07-18T14:16:00+05:30,24968.4,24969.2,24964.35,24965.35,0
2025-07-18T14:17:00+05:30,24965.5,24967.1,24963.35,24964.55,0
2025-07-18T14:18:00+05:30,24965.3,24965.3,24958.15,24958.95,0
2025-07-18T14:19:00+05:30,24958.4,24967.95,24958.1,24967.4,0
2025-07-18T14:20:00+05:30,24965.6,24970.85,24964.15,24969.7,0
2025-07-18T14:21:00+05:30,24970.15,24974.3,24969.2,24973.95,0
2025-07-18T14:22:00+05:30,24972.7,24974.25,24971.2,24971.85,0
2025-07-18T14:23:00+05:30,24971.75,24973.7,24969.7,24970.35,0
2025-07-18T14:24:00+05:30,24970.2,24975.7,24969.55,24973.95,0
2025-07-18T14:25:00+05:30,24973.85,24976.75,24972.25,24973.75,0
2025-07-18T14:26:00+05:30,24974.05,24976.05,24969.75,24970.6,0
2025-07-18T14:27:00+05:30,24970.85,24976.4,24968.65,24976.4,0
2025-07-18T14:28:00+05:30,24975.2,24986.35,24974.85,24985.8,0
2025-07-18T14:29:00+05:30,24985.55,24988.15,24984.75,24986.5,0
2025-07-18T14:30:00+05:30,24985.65,24991.6,24985.35,24989.05,0
2025-07-18T14:31:00+05:30,24989.5,24990.4,24984.0,24984.4,0
2025-07-18T14:32:00+05:30,24983.85,24998.15,24983.85,24998.15,0
2025-07-18T14:33:00+05:30,24998.25,24998.85,24994.3,24995.65,0
2025-07-18T14:34:00+05:30,24996.4,25005.05,24995.35,25004.6,0
2025-07-18T14:35:00+05:30,25004.1,25005.2,24998.05,24999.35,0
2025-07-18T14:36:00+05:30,24999.2,24999.3,24987.25,24987.25,0
2025-07-18T14:37:00+05:30,24987.3,24987.5,24982.95,24984.35,0
2025-07-18T14:38:00+05:30,24984.3,24986.1,24979.45,24979.45,0
2025-07-18T14:39:00+05:30,24980.0,24982.75,24977.35,24978.65,0
2025-07-18T14:40:00+05:30,24977.5,24982.9,24976.3,24980.6,0
2025-07-18T14:41:00+05:30,24980.7,24983.55,24977.75,24978.8,0
2025-07-18T14:42:00+05:30,24979.05,24984.0,24976.35,24977.85,0
2025-07-18T14:43:00+05:30,24977.45,24979.75,24974.8,24978.1,0
2025-07-18T14:44:00+05:30,24977.95,24978.1,24963.5,24964.15,0
2025-07-18T14:45:00+05:30,24964.55,24965.95,24952.95,24955.15,0
2025-07-18T14:46:00+05:30,24956.3,24971.1,24956.25,24970.05,0
2025-07-18T14:47:00+05:30,24970.35,24970.35,24961.85,24963.9,0
2025-07-18T14:48:00+05:30,24965.45,24967.8,24963.55,24966.2,0
2025-07-18T14:49:00+05:30,24965.75,24966.8,24961.7,24964.2,0
2025-07-18T14:50:00+05:30,24963.8,24966.5,24961.95,24963.5,0
2025-07-18T14:51:00+05:30,24963.25,24964.0,24959.85,24962.45,0
2025-07-18T14:52:00+05:30,24962.25,24967.55,24960.7,24965.0,0
2025-07-18T14:53:00+05:30,24965.05,24969.45,24964.85,24969.45,0
2025-07-18T14:54:00+05:30,24969.95,24972.95,24967.65,24969.3,0
2025-07-18T14:55:00+05:30,24969.55,24971.15,24967.1,24967.85,0
2025-07-18T14:56:00+05:30,24967.8,24967.9,24963.1,24967.55,0
2025-07-18T14:57:00+05:30,24969.75,24971.3,24964.25,24971.1,0
2025-07-18T14:58:00+05:30,24970.3,24974.8,24968.55,24969.05,0
2025-07-18T14:59:00+05:30,24969.5,24974.15,24969.4,24973.1,0
2025-07-18T15:00:00+05:30,24971.85,24980.9,24967.6,24968.4,0
2025-07-18T15:01:00+05:30,24967.9,24973.1,24967.9,24970.65,0
2025-07-18T15:02:00+05:30,24970.35,24975.55,24970.35,24974.05,0
2025-07-18T15:03:00+05:30,24973.8,24974.8,24964.7,24964.7,0
2025-07-18T15:04:00+05:30,24965.8,24968.1,24962.7,24966.15,0
2025-07-18T15:05:00+05:30,24966.95,24967.5,24964.5,24966.05,0
2025-07-18T15:06:00+05:30,24966.2,24970.15,24965.35,24967.95,0
2025-07-18T15:07:00+05:30,24968.8,24973.35,24966.55,24970.1,0
2025-07-18T15:08:00+05:30,24970.8,24971.35,24962.95,24964.75,0
2025-07-18T15:09:00+05:30,24965.3,24968.85,24963.25,24968.35,0
2025-07-18T15:10:00+05:30,24968.4,24968.95,24966.5,24966.8,0
2025-07-18T15:11:00+05:30,24967.95,24968.9,24966.5,24968.65,0
2025-07-18T15:12:00+05:30,24969.2,24974.4,24968.0,24970.8,0
2025-07-18T15:13:00+05:30,24972.5,24975.7,24966.35,24966.55,0
2025-07-18T15:14:00+05:30,24968.4,24972.85,24966.75,24971.0,0
2025-07-18T15:15:00+05:30,24970.1,24973.25,24968.65,24969.4,0
2025-07-18T15:16:00+05:30,24971.75,24971.9,24967.9,24971.0,0
2025-07-18T15:17:00+05:30,24971.8,24972.7,24970.1,24970.2,0
2025-07-18T15:18:00+05:30,24970.65,24971.85,24967.7,24970.8,0
2025-07-18T15:19:00+05:30,24970.65,24971.35,24965.25,24965.3,0
2025-07-18T15:20:00+05:30,24966.0,24968.85,24964.2,24966.45,0
2025-07-18T15:21:00+05:30,24966.25,24970.9,24963.55,24970.15,0
2025-07-18T15:22:00+05:30,24970.55,24971.25,24968.25,24970.6,0
2025-07-18T15:23:00+05:30,24971.35,24973.95,24969.7,24972.0,0
2025-07-18T15:24:00+05:30,24972.7,24975.4,24971.4,24974.95,0
2025-07-18T15:25:00+05:30,24975.25,24976.35,24973.1,24974.1,0
2025-07-18T15:26:00+05:30,24975.5,24978.4,24973.85,24977.35,0
2025-07-18T15:27:00+05:30,24977.3,24978.05,24971.75,24972.5,0
2025-07-18T15:28:00+05:30,24973.2,24976.3,24969.85,24972.1,0
2025-07-18T15:29:00+05:30,24972.05,24974.35,24963.3,24967.45,0
