datetime,open,high,low,close,volume
2025-07-16T13:25:00+05:30,25210.05,25210.7,25207.4,25208.1,0
2025-07-16T13:26:00+05:30,25207.95,25209.0,25204.5,25206.8,0
2025-07-16T13:27:00+05:30,25206.05,25209.5,25205.7,25208.4,0
2025-07-16T13:28:00+05:30,25208.2,25209.25,25204.45,25205.9,0
2025-07-16T13:29:00+05:30,25205.35,25207.6,25203.0,25206.6,0
2025-07-16T13:30:00+05:30,25206.1,25208.55,25204.4,25204.75,0
2025-07-16T13:31:00+05:30,25204.7,25206.25,25200.65,25201.0,0
2025-07-16T13:32:00+05:30,25200.7,25202.75,25197.8,25199.1,0
2025-07-16T13:33:00+05:30,25198.65,25200.0,25197.9,25198.25,0
2025-07-16T13:34:00+05:30,25198.35,25198.85,25193.45,25194.3,0
2025-07-16T13:35:00+05:30,25194.05,25194.65,25186.0,25187.55,0
2025-07-16T13:36:00+05:30,25187.5,25197.1,25187.5,25196.75,0
2025-07-16T13:37:00+05:30,25196.6,25204.6,25196.6,25204.3,0
2025-07-16T13:38:00+05:30,25203.9,25205.1,25202.4,25204.25,0
2025-07-16T13:39:00+05:30,25203.9,25207.15,25203.2,25206.85,0
2025-07-16T13:40:00+05:30,25207.05,25211.7,25206.75,25210.35,0
2025-07-16T13:41:00+05:30,25210.45,25212.6,25209.15,25211.95,0
2025-07-16T13:42:00+05:30,25211.6,25218.45,25211.6,25215.75,0
2025-07-16T13:43:00+05:30,25215.5,25215.6,25212.75,25214.2,0
2025-07-16T13:44:00+05:30,25213.6,25217.25,25213.3,25214.55,0
2025-07-16T13:45:00+05:30,25213.8,25215.15,25212.6,25214.05,0
2025-07-16T13:46:00+05:30,25213.3,25214.9,25212.15,25213.0,0
2025-07-16T13:47:00+05:30,25213.3,25214.0,25210.15,25213.0,0
2025-07-16T13:48:00+05:30,25213.15,25215.65,25213.1,25214.45,0
2025-07-16T13:49:00+05:30,25214.5,25218.2,25213.55,25218.15,0
2025-07-16T13:50:00+05:30,25217.35,25224.85,25217.35,25224.2,0
2025-07-16T13:51:00+05:30,25223.55,25231.3,25223.55,25229.1,0
2025-07-16T13:52:00+05:30,25229.2,25230.15,25224.3,25225.05,0
2025-07-16T13:53:00+05:30,25224.95,25227.55,25221.25,25221.35,0
2025-07-16T13:54:00+05:30,25221.1,25222.8,25212.2,25214.0,0
2025-07-16T13:55:00+05:30,25213.3,25217.7,25213.1,25216.45,0
2025-07-16T13:56:00+05:30,25216.1,25219.5,25215.8,25217.2,0
2025-07-16T13:57:00+05:30,25217.6,25220.05,25216.2,25218.7,0
2025-07-16T13:58:00+05:30,25219.1,25223.6,25218.45,25221.45,0
2025-07-16T13:59:00+05:30,25220.8,25222.45,25216.35,25217.5,0
2025-07-16T14:00:00+05:30,25217.4,25222.2,25216.3,25220.85,0
2025-07-16T14:01:00+05:30,25220.45,25225.65,25220.4,25225.2,0
2025-07-16T14:02:00+05:30,25225.0,25225.8,25221.8,25224.8,0
2025-07-16T14:03:00+05:30,25225.9,25225.9,25221.1,25222.35,0
2025-07-16T14:04:00+05:30,25223.05,25228.5,25221.7,25228.1,0
2025-07-16T14:05:00+05:30,25228.7,25229.55,25223.1,25223.6,0
2025-07-16T14:06:00+05:30,25224.85,25227.0,25222.9,25225.25,0
2025-07-16T14:07:00+05:30,25225.5,25229.2,25225.05,25228.05,0
2025-07-16T14:08:00+05:30,25228.5,25228.7,25225.15,25227.9,0
2025-07-16T14:09:00+05:30,25227.85,25228.4,25223.95,25227.0,0
2025-07-16T14:10:00+05:30,25226.75,25228.75,25224.0,25225.75,0
2025-07-16T14:11:00+05:30,25225.55,25232.4,25224.3,25232.4,0
2025-07-16T14:12:00+05:30,25232.65,25254.2,25232.65,25253.95,0
2025-07-16T14:13:00+05:30,25253.45,25255.3,25240.45,25241.9,0
2025-07-16T14:14:00+05:30,25241.95,25244.2,25240.65,25243.75,0
2025-07-16T14:15:00+05:30,25243.4,25245.1,25241.8,25241.8,0
2025-07-16T14:16:00+05:30,25242.4,25242.55,25237.85,25239.05,0
2025-07-16T14:17:00+05:30,25238.85,25240.95,25237.4,25239.95,0
2025-07-16T14:18:00+05:30,25241.2,25249.1,25239.4,25246.8,0
2025-07-16T14:19:00+05:30,25246.4,25249.35,25244.1,25249.05,0
2025-07-16T14:20:00+05:30,25248.55,25252.85,25246.8,25248.0,0
2025-07-16T14:21:00+05:30,25248.75,25248.75,25235.35,25235.55,0
2025-07-16T14:22:00+05:30,25235.85,25236.8,25233.25,25234.55,0
2025-07-16T14:23:00+05:30,25234.05,25237.45,25233.45,25236.1,0
2025-07-16T14:24:00+05:30,25235.95,25237.8,25234.2,25236.7,0
2025-07-16T14:25:00+05:30,25236.9,25237.6,25231.8,25232.2,0
2025-07-16T14:26:00+05:30,25232.75,25235.0,25229.8,25231.1,0
2025-07-16T14:27:00+05:30,25231.0,25232.85,25226.9,25232.45,0
2025-07-16T14:28:00+05:30,25231.3,25231.7,25227.15,25228.6,0
2025-07-16T14:29:00+05:30,25228.3,25229.25,25223.15,25224.95,0
2025-07-16T14:30:00+05:30,25224.8,25232.2,25224.8,25232.1,0
2025-07-16T14:31:00+05:30,25231.4,25233.1,25229.4,25232.3,0
2025-07-16T14:32:00+05:30,25232.2,25233.55,25228.65,25228.75,0
2025-07-16T14:33:00+05:30,25228.95,25232.05,25227.45,25229.9,0
2025-07-16T14:34:00+05:30,25230.1,25230.6,25225.7,25227.7,0
2025-07-16T14:35:00+05:30,25226.1,25232.5,25225.15,25230.85,0
2025-07-16T14:36:00+05:30,25230.15,25231.35,25226.3,25227.6,0
2025-07-16T14:37:00+05:30,25227.05,25230.5,25224.1,25228.9,0
2025-07-16T14:38:00+05:30,25226.95,25233.5,25226.25,25229.95,0
2025-07-16T14:39:00+05:30,25228.2,25231.8,25225.0,25226.1,0
2025-07-16T14:40:00+05:30,25228.6,25229.1,25224.4,25225.8,0
2025-07-16T14:41:00+05:30,25225.7,25232.95,25225.2,25229.9,0
2025-07-16T14:42:00+05:30,25231.1,25234.35,25229.6,25232.15,0
2025-07-16T14:43:00+05:30,25231.6,25236.2,25231.6,25234.0,0
2025-07-16T14:44:00+05:30,25234.8,25236.5,25231.55,25233.85,0
2025-07-16T14:45:00+05:30,25234.85,25235.95,25230.55,25232.55,0
2025-07-16T14:46:00+05:30,25232.6,25238.45,25231.4,25238.45,0
2025-07-16T14:47:00+05:30,25236.9,25239.2,25235.45,25236.9,0
2025-07-16T14:48:00+05:30,25237.2,25238.0,25234.25,25234.6,0
2025-07-16T14:49:00+05:30,25234.35,25237.0,25231.0,25231.25,0
2025-07-16T14:50:00+05:30,25230.8,25233.15,25228.6,25231.6,0
2025-07-16T14:51:00+05:30,25230.9,25232.15,25221.0,25222.05,0
2025-07-16T14:52:00+05:30,25221.2,25224.0,25219.7,25221.2,0
2025-07-16T14:53:00+05:30,25221.0,25226.6,25221.0,25224.4,0
2025-07-16T14:54:00+05:30,25223.85,25226.25,25220.9,25222.45,0
2025-07-16T14:55:00+05:30,25221.75,25223.05,25219.6,25221.85,0
2025-07-16T14:56:00+05:30,25222.0,25227.15,25221.2,25226.9,0
2025-07-16T14:57:00+05:30,25226.7,25227.85,25223.55,25225.3,0
2025-07-16T14:58:00+05:30,25225.65,25227.4,25223.6,25226.3,0
2025-07-16T14:59:00+05:30,25226.35,25228.35,25225.55,25227.5,0
2025-07-16T15:00:00+05:30,25229.0,25234.75,25224.55,25225.15,0
2025-07-16T15:01:00+05:30,25225.5,25226.05,25220.65,25221.35,0
2025-07-16T15:02:00+05:30,25221.85,25224.5,25215.25,25215.45,0
2025-07-16T15:03:00+05:30,25216.9,25218.3,25213.65,25214.2,0
2025-07-16T15:04:00+05:30,25215.05,25215.55,25212.9,25213.65,0
2025-07-16T15:05:00+05:30,25214.65,25216.6,25213.6,25214.25,0
2025-07-16T15:06:00+05:30,25215.05,25217.2,25212.0,25212.35,0
2025-07-16T15:07:00+05:30,25213.2,25215.4,25211.95,25212.85,0
2025-07-16T15:08:00+05:30,25213.5,25214.75,25210.65,25210.85,0
2025-07-16T15:09:00+05:30,25211.8,25212.7,25209.05,25211.9,0
2025-07-16T15:10:00+05:30,25212.75,25215.85,25210.9,25211.75,0
2025-07-16T15:11:00+05:30,25213.9,25215.65,25210.8,25211.25,0
2025-07-16T15:12:00+05:30,25212.7,25214.15,25209.3,25209.3,0
2025-07-16T15:13:00+05:30,25210.85,25212.15,25208.7,25208.8,0
2025-07-16T15:14:00+05:30,25210.6,25211.85,25207.25,25207.5,0
2025-07-16T15:15:00+05:30,25209.2,25212.2,25208.1,25209.8,0
2025-07-16T15:16:00+05:30,25210.9,25214.4,25210.3,25212.55,0
2025-07-16T15:17:00+05:30,25213.5,25215.65,25211.1,25211.1,0
2025-07-16T15:18:00+05:30,25212.4,25212.4,25207.1,25207.45,0
2025-07-16T15:19:00+05:30,25209.5,25210.9,25207.1,25207.8,0
2025-07-16T15:20:00+05:30,25209.5,25212.95,25207.25,25207.7,0
2025-07-16T15:21:00+05:30,25209.75,25212.35,25207.8,25209.95,0
2025-07-16T15:22:00+05:30,25210.85,25211.85,25206.95,25208.45,0
2025-07-16T15:23:00+05:30,25209.2,25210.9,25205.05,25205.25,0
2025-07-16T15:24:00+05:30,25206.0,25207.1,25195.6,25195.9,0
2025-07-16T15:25:00+05:30,25197.45,25203.6,25197.45,25201.9,0
2025-07-16T15:26:00+05:30,25202.9,25205.8,25201.9,25202.85,0
2025-07-16T15:27:00+05:30,25204.25,25206.4,25199.1,25200.15,0
2025-07-16T15:28:00+05:30,25201.3,25201.3,25190.6,25199.55,0
2025-07-16T15:29:00+05:30,25199.15,25206.45,25192.95,25198.55,0
2025-07-17T09:15:00+05:30,25230.75,25238.35,25202.75,25219.95,0
2025-07-17T09:16:00+05:30,25219.15,25219.15,25206.5,25210.1,0
2025-07-17T09:17:00+05:30,25209.0,25221.95,25209.0,25220.25,0
2025-07-17T09:18:00+05:30,25220.05,25232.9,25219.1,25228.75,0
2025-07-17T09:19:00+05:30,25228.4,25228.4,25217.5,25217.6,0
2025-07-17T09:20:00+05:30,25216.6,25219.6,25197.75,25201.85,0
2025-07-17T09:21:00+05:30,25202.6,25209.2,25200.85,25207.95,0
2025-07-17T09:22:00+05:30,25207.35,25214.9,25205.7,25214.9,0
2025-07-17T09:23:00+05:30,25215.15,25222.15,25209.25,25222.15,0
2025-07-17T09:24:00+05:30,25222.65,25227.7,25217.65,25217.65,0
2025-07-17T09:25:00+05:30,25216.85,25222.95,25213.4,25221.95,0
2025-07-17T09:26:00+05:30,25221.65,25225.4,25215.85,25216.1,0
2025-07-17T09:27:00+05:30,25216.6,25216.6,25205.4,25205.4,0
2025-07-17T09:28:00+05:30,25206.1,25208.25,25203.85,25206.85,0
2025-07-17T09:29:00+05:30,25206.25,25210.85,25206.25,25209.8,0
2025-07-17T09:30:00+05:30,25209.9,25213.65,25198.1,25198.55,0
2025-07-17T09:31:00+05:30,25199.1,25199.85,25194.6,25195.65,0
2025-07-17T09:32:00+05:30,25196.1,25197.3,25190.0,25192.85,0
2025-07-17T09:33:00+05:30,25192.45,25194.25,25187.8,25193.45,0
2025-07-17T09:34:00+05:30,25193.35,25194.9,25186.8,25191.85,0
2025-07-17T09:35:00+05:30,25191.65,25192.7,25177.5,25187.35,0
2025-07-17T09:36:00+05:30,25187.3,25187.45,25180.3,25184.7,0
2025-07-17T09:37:00+05:30,25184.85,25191.05,25183.1,25189.85,0
2025-07-17T09:38:00+05:30,25188.95,25192.95,25186.85,25188.05,0
2025-07-17T09:39:00+05:30,25188.2,25190.8,25186.9,25190.3,0
2025-07-17T09:40:00+05:30,25190.4,25192.45,25188.6,25190.5,0
2025-07-17T09:41:00+05:30,25189.95,25190.6,25182.1,25183.4,0
2025-07-17T09:42:00+05:30,25184.85,25198.5,25183.65,25196.2,0
2025-07-17T09:43:00+05:30,25196.8,25199.4,25186.45,25188.1,0
2025-07-17T09:44:00+05:30,25187.75,25191.15,25184.9,25191.15,0
2025-07-17T09:45:00+05:30,25191.5,25192.05,25185.75,25186.4,0
2025-07-17T09:46:00+05:30,25185.85,25193.85,25185.0,25186.7,0
2025-07-17T09:47:00+05:30,25186.9,25191.05,25186.35,25188.55,0
2025-07-17T09:48:00+05:30,25189.2,25192.65,25187.05,25191.9,0
2025-07-17T09:49:00+05:30,25191.7,25192.2,25182.55,25183.9,0
2025-07-17T09:50:00+05:30,25183.65,25186.5,25180.85,25183.85,0
2025-07-17T09:51:00+05:30,25183.15,25190.2,25182.35,25189.75,0
2025-07-17T09:52:00+05:30,25189.65,25191.4,25188.65,25190.65,0
2025-07-17T09:53:00+05:30,25192.0,25196.65,25191.35,25194.7,0
2025-07-17T09:54:00+05:30,25194.75,25195.9,25189.45,25192.65,0
2025-07-17T09:55:00+05:30,25193.65,25195.15,25191.7,25192.15,0
2025-07-17T09:56:00+05:30,25193.25,25194.4,25188.85,25189.15,0
2025-07-17T09:57:00+05:30,25190.05,25191.45,25187.05,25190.65,0
2025-07-17T09:58:00+05:30,25191.5,25196.3,25190.4,25194.15,0
2025-07-17T09:59:00+05:30,25196.0,25196.0,25189.05,25189.05,0
2025-07-17T10:00:00+05:30,25189.45,25191.8,25186.15,25190.55,0
2025-07-17T10:01:00+05:30,25190.75,25190.75,25185.05,25185.55,0
2025-07-17T10:02:00+05:30,25186.65,25189.0,25183.55,25187.0,0
2025-07-17T10:03:00+05:30,25186.95,25187.15,25183.3,25185.1,0
2025-07-17T10:04:00+05:30,25185.15,25188.1,25185.15,25186.5,0
2025-07-17T10:05:00+05:30,25187.6,25188.5,25184.05,25184.05,0
2025-07-17T10:06:00+05:30,25186.25,25186.25,25181.05,25181.25,0
2025-07-17T10:07:00+05:30,25181.7,25182.8,25176.7,25179.95,0
2025-07-17T10:08:00+05:30,25180.25,25182.6,25173.8,25173.8,0
2025-07-17T10:09:00+05:30,25173.2,25173.45,25163.6,25170.0,0
2025-07-17T10:10:00+05:30,25170.5,25173.6,25168.6,25172.75,0
2025-07-17T10:11:00+05:30,25174.45,25175.65,25170.35,25171.05,0
2025-07-17T10:12:00+05:30,25171.3,25171.3,25162.6,25163.1,0
2025-07-17T10:13:00+05:30,25164.25,25169.85,25163.05,25166.05,0
2025-07-17T10:14:00+05:30,25167.75,25167.75,25159.55,25160.1,0
2025-07-17T10:15:00+05:30,25162.65,25164.65,25160.0,25163.95,0
2025-07-17T10:16:00+05:30,25164.4,25165.2,25156.3,25156.6,0
2025-07-17T10:17:00+05:30,25156.55,25159.35,25151.05,25152.75,0
2025-07-17T10:18:00+05:30,25153.65,25155.9,25150.05,25154.2,0
2025-07-17T10:19:00+05:30,25155.5,25158.9,25153.5,25158.0,0
2025-07-17T10:20:00+05:30,25158.6,25159.3,25155.75,25159.3,0
2025-07-17T10:21:00+05:30,25159.9,25162.3,25157.1,25157.1,0
2025-07-17T10:22:00+05:30,25156.75,25158.85,25152.35,25157.35,0
2025-07-17T10:23:00+05:30,25157.55,25162.0,25156.95,25160.55,0
2025-07-17T10:24:00+05:30,25161.05,25162.5,25158.25,25160.0,0
2025-07-17T10:25:00+05:30,25159.75,25163.75,25159.3,25163.1,0
2025-07-17T10:26:00+05:30,25163.55,25164.7,25161.8,25164.15,0
2025-07-17T10:27:00+05:30,25165.0,25165.25,25158.6,25160.1,0
2025-07-17T10:28:00+05:30,25160.0,25160.5,25155.8,25156.7,0
2025-07-17T10:29:00+05:30,25156.9,25158.6,25154.5,25155.15,0
2025-07-17T10:30:00+05:30,25155.2,25156.45,25144.0,25144.35,0
2025-07-17T10:31:00+05:30,25144.3,25147.85,25144.3,25147.25,0
2025-07-17T10:32:00+05:30,25148.4,25155.5,25147.45,25154.45,0
2025-07-17T10:33:00+05:30,25154.4,25159.1,25154.0,25159.1,0
2025-07-17T10:34:00+05:30,25158.95,25159.85,25153.95,25153.95,0
2025-07-17T10:35:00+05:30,25153.75,25156.25,25149.4,25150.75,0
2025-07-17T10:36:00+05:30,25151.1,25152.15,25146.65,25151.2,0
2025-07-17T10:37:00+05:30,25151.45,25156.65,25150.35,25156.3,0
2025-07-17T10:38:00+05:30,25157.05,25158.8,25150.8,25152.7,0
2025-07-17T10:39:00+05:30,25151.5,25152.15,25148.35,25150.15,0
2025-07-17T10:40:00+05:30,25149.8,25151.65,25149.1,25149.9,0
2025-07-17T10:41:00+05:30,25150.15,25152.95,25147.55,25151.4,0
2025-07-17T10:42:00+05:30,25150.65,25153.1,25149.95,25151.65,0
2025-07-17T10:43:00+05:30,25151.45,25153.8,25148.35,25149.35,0
2025-07-17T10:44:00+05:30,25149.75,25151.35,25148.1,25148.9,0
2025-07-17T10:45:00+05:30,25148.8,25153.55,25147.7,25153.55,0
2025-07-17T10:46:00+05:30,25153.0,25156.8,25152.0,25152.75,0
2025-07-17T10:47:00+05:30,25152.95,25153.7,25150.6,25151.6,0
2025-07-17T10:48:00+05:30,25151.95,25158.9,25151.95,25157.55,0
2025-07-17T10:49:00+05:30,25156.95,25158.4,25153.75,25155.3,0
2025-07-17T10:50:00+05:30,25154.6,25156.95,25152.7,25153.4,0
2025-07-17T10:51:00+05:30,25153.35,25161.2,25153.2,25159.2,0
2025-07-17T10:52:00+05:30,25159.05,25162.0,25158.2,25161.9,0
2025-07-17T10:53:00+05:30,25161.75,25163.15,25159.55,25163.05,0
2025-07-17T10:54:00+05:30,25162.5,25167.5,25162.05,25166.4,0
2025-07-17T10:55:00+05:30,25165.45,25167.6,25163.6,25164.05,0
2025-07-17T10:56:00+05:30,25163.9,25164.25,25160.5,25163.45,0
2025-07-17T10:57:00+05:30,25162.55,25165.35,25162.55,25164.55,0
2025-07-17T10:58:00+05:30,25163.85,25170.75,25163.85,25170.45,0
2025-07-17T10:59:00+05:30,25170.55,25171.1,25161.25,25162.8,0
2025-07-17T11:00:00+05:30,25162.05,25170.95,25161.6,25162.75,0
2025-07-17T11:01:00+05:30,25163.15,25164.0,25160.6,25163.9,0
2025-07-17T11:02:00+05:30,25163.3,25164.0,25160.3,25162.45,0
2025-07-17T11:03:00+05:30,25162.0,25163.3,25159.2,25160.65,0
2025-07-17T11:04:00+05:30,25161.15,25161.15,25157.65,25158.25,0
2025-07-17T11:05:00+05:30,25158.35,25160.35,25157.3,25159.75,0
2025-07-17T11:06:00+05:30,25159.25,25160.75,25157.7,25160.05,0
2025-07-17T11:07:00+05:30,25159.45,25161.5,25159.1,25159.8,0
2025-07-17T11:08:00+05:30,25159.55,25162.7,25159.05,25161.3,0
2025-07-17T11:09:00+05:30,25161.55,25162.55,25153.85,25153.85,0
2025-07-17T11:10:00+05:30,25155.1,25155.2,25150.95,25154.4,0
2025-07-17T11:11:00+05:30,25153.8,25177.05,25153.8,25176.9,0
2025-07-17T11:12:00+05:30,25177.75,25200.1,25176.55,25200.0,0
2025-07-17T11:13:00+05:30,25199.55,25199.55,25180.05,25181.6,0
2025-07-17T11:14:00+05:30,25181.3,25181.9,25176.7,25178.9,0
2025-07-17T11:15:00+05:30,25177.95,25178.0,25167.1,25168.9,0
2025-07-17T11:16:00+05:30,25169.0,25174.7,25168.75,25172.5,0
2025-07-17T11:17:00+05:30,25172.55,25174.2,25171.1,25173.8,0
2025-07-17T11:18:00+05:30,25173.55,25178.45,25170.15,25178.45,0
2025-07-17T11:19:00+05:30,25178.65,25181.8,25177.45,25178.6,0
2025-07-17T11:20:00+05:30,25178.1,25181.1,25175.15,25175.65,0
2025-07-17T11:21:00+05:30,25175.85,25179.0,25174.75,25176.6,0
2025-07-17T11:22:00+05:30,25177.05,25183.0,25176.6,25179.65,0
2025-07-17T11:23:00+05:30,25179.45,25182.45,25177.2,25182.0,0
2025-07-17T11:24:00+05:30,25181.7,25186.15,25178.7,25178.85,0
2025-07-17T11:25:00+05:30,25178.25,25186.35,25178.25,25180.55,0
2025-07-17T11:26:00+05:30,25180.1,25183.25,25179.5,25183.15,0
2025-07-17T11:27:00+05:30,25183.5,25186.95,25180.65,25186.95,0
2025-07-17T11:28:00+05:30,25186.85,25188.9,25184.7,25185.2,0
2025-07-17T11:29:00+05:30,25185.15,25185.7,25182.55,25182.65,0
2025-07-17T11:30:00+05:30,25182.4,25184.95,25181.4,25183.75,0
2025-07-17T11:31:00+05:30,25183.15,25189.1,25183.15,25188.6,0
2025-07-17T11:32:00+05:30,25188.35,25189.7,25187.6,25188.25,0
2025-07-17T11:33:00+05:30,25188.2,25188.35,25184.95,25184.95,0
2025-07-17T11:34:00+05:30,25185.3,25185.35,25179.75,25180.2,0
2025-07-17T11:35:00+05:30,25181.4,25184.6,25178.45,25184.15,0
2025-07-17T11:36:00+05:30,25184.35,25198.6,25183.4,25197.5,0
2025-07-17T11:37:00+05:30,25196.25,25201.95,25195.75,25198.05,0
2025-07-17T11:38:00+05:30,25197.55,25204.2,25197.55,25202.85,0
2025-07-17T11:39:00+05:30,25200.95,25205.1,25200.0,25201.55,0
2025-07-17T11:40:00+05:30,25200.8,25202.1,25195.6,25200.65,0
2025-07-17T11:41:00+05:30,25201.1,25205.2,25199.4,25202.45,0
2025-07-17T11:42:00+05:30,25201.7,25202.75,25197.3,25199.4,0
2025-07-17T11:43:00+05:30,25199.95,25201.5,25189.8,25192.35,0
2025-07-17T11:44:00+05:30,25192.6,25197.65,25190.25,25196.9,0
2025-07-17T11:45:00+05:30,25197.05,25199.3,25194.6,25197.8,0
2025-07-17T11:46:00+05:30,25197.95,25198.75,25194.3,25194.45,0
2025-07-17T11:47:00+05:30,25194.15,25196.8,25192.75,25193.6,0
2025-07-17T11:48:00+05:30,25192.95,25193.75,25189.55,25192.35,0
2025-07-17T11:49:00+05:30,25192.1,25195.9,25192.1,25194.25,0
2025-07-17T11:50:00+05:30,25194.0,25194.2,25191.35,25191.4,0
2025-07-17T11:51:00+05:30,25191.05,25191.05,25184.45,25188.55,0
2025-07-17T11:52:00+05:30,25188.5,25191.55,25186.25,25190.15,0
2025-07-17T11:53:00+05:30,25190.2,25191.85,25187.7,25191.15,0
2025-07-17T11:54:00+05:30,25191.4,25196.3,25191.4,25192.4,0
2025-07-17T11:55:00+05:30,25192.3,25192.3,25187.75,25191.2,0
2025-07-17T11:56:00+05:30,25190.95,25192.2,25189.4,25189.75,0
2025-07-17T11:57:00+05:30,25189.2,25191.7,25182.25,25185.55,0
2025-07-17T11:58:00+05:30,25185.25,25192.05,25184.65,25191.2,0
2025-07-17T11:59:00+05:30,25190.8,25193.45,25188.45,25189.85,0
2025-07-17T12:00:00+05:30,25189.65,25191.85,25187.9,25190.3,0
2025-07-17T12:01:00+05:30,25190.35,25190.45,25186.2,25189.4,0
2025-07-17T12:02:00+05:30,25189.75,25192.25,25189.15,25190.25,0
2025-07-17T12:03:00+05:30,25190.2,25190.7,25188.25,25189.85,0
2025-07-17T12:04:00+05:30,25189.65,25193.15,25187.9,25191.3,0
2025-07-17T12:05:00+05:30,25190.55,25193.45,25186.9,25187.15,0
2025-07-17T12:06:00+05:30,25187.3,25190.2,25187.3,25189.5,0
2025-07-17T12:07:00+05:30,25189.8,25189.8,25185.2,25186.5,0
2025-07-17T12:08:00+05:30,25186.75,25187.0,25181.15,25182.9,0
2025-07-17T12:09:00+05:30,25182.6,25192.35,25182.15,25190.9,0
2025-07-17T12:10:00+05:30,25190.8,25190.8,25183.65,25184.4,0
2025-07-17T12:11:00+05:30,25184.2,25189.1,25184.15,25186.5,0
2025-07-17T12:12:00+05:30,25186.25,25189.25,25185.35,25187.15,0
2025-07-17T12:13:00+05:30,25187.25,25188.55,25185.1,25186.5,0
2025-07-17T12:14:00+05:30,25186.7,25187.3,25182.85,25184.3,0
2025-07-17T12:15:00+05:30,25184.05,25186.55,25183.4,25185.2,0
2025-07-17T12:16:00+05:30,25185.3,25186.65,25182.45,25184.55,0
2025-07-17T12:17:00+05:30,25184.25,25184.25,25175.25,25182.5,0
2025-07-17T12:18:00+05:30,25182.6,25182.6,25177.75,25179.5,0
2025-07-17T12:19:00+05:30,25178.1,25181.3,25177.25,25179.7,0
2025-07-17T12:20:00+05:30,25179.2,25181.85,25178.85,25179.3,0
2025-07-17T12:21:00+05:30,25178.95,25182.8,25178.25,25181.3,0
2025-07-17T12:22:00+05:30,25181.25,25181.25,25176.1,25176.65,0
2025-07-17T12:23:00+05:30,25176.45,25178.65,25173.95,25177.4,0
2025-07-17T12:24:00+05:30,25176.95,25179.3,25175.4,25177.55,0
2025-07-17T12:25:00+05:30,25178.15,25179.15,25174.1,25176.7,0
2025-07-17T12:26:00+05:30,25176.55,25178.65,25175.4,25175.5,0
2025-07-17T12:27:00+05:30,25176.2,25180.2,25175.25,25178.8,0
2025-07-17T12:28:00+05:30,25178.95,25183.0,25177.6,25178.85,0
2025-07-17T12:29:00+05:30,25179.65,25181.75,25178.3,25180.1,0
2025-07-17T12:30:00+05:30,25180.05,25182.5,25174.6,25178.8,0
2025-07-17T12:31:00+05:30,25178.6,25179.95,25175.3,25179.25,0
2025-07-17T12:32:00+05:30,25179.5,25179.5,25174.5,25175.05,0
2025-07-17T12:33:00+05:30,25175.4,25178.25,25172.7,25177.75,0
2025-07-17T12:34:00+05:30,25177.05,25180.85,25174.25,25179.3,0
2025-07-17T12:35:00+05:30,25179.95,25179.95,25175.45,25177.25,0
2025-07-17T12:36:00+05:30,25177.45,25177.45,25171.2,25174.7,0
2025-07-17T12:37:00+05:30,25175.2,25176.85,25172.7,25174.35,0
2025-07-17T12:38:00+05:30,25174.75,25175.1,25168.45,25169.55,0
2025-07-17T12:39:00+05:30,25169.65,25173.25,25168.8,25171.15,0
2025-07-17T12:40:00+05:30,25170.95,25173.2,25169.0,25173.1,0
2025-07-17T12:41:00+05:30,25173.55,25173.95,25170.95,25173.1,0
2025-07-17T12:42:00+05:30,25173.3,25189.7,25172.25,25189.6,0
2025-07-17T12:43:00+05:30,25189.0,25210.35,25189.0,25210.0,0
2025-07-17T12:44:00+05:30,25210.45,25210.45,25193.35,25193.55,0
2025-07-17T12:45:00+05:30,25193.75,25193.75,25186.9,25187.5,0
2025-07-17T12:46:00+05:30,25188.3,25192.1,25186.5,25189.85,0
2025-07-17T12:47:00+05:30,25189.8,25190.4,25187.1,25188.8,0
2025-07-17T12:48:00+05:30,25188.75,25188.75,25176.8,25178.25,0
2025-07-17T12:49:00+05:30,25177.65,25178.3,25174.45,25177.45,0
2025-07-17T12:50:00+05:30,25178.25,25178.75,25175.8,25178.1,0
2025-07-17T12:51:00+05:30,25178.15,25180.05,25176.15,25177.6,0
2025-07-17T12:52:00+05:30,25176.8,25184.3,25176.8,25181.7,0
2025-07-17T12:53:00+05:30,25181.75,25181.75,25174.85,25179.55,0
2025-07-17T12:54:00+05:30,25179.75,25180.3,25177.05,25180.0,0
2025-07-17T12:55:00+05:30,25179.9,25181.15,25178.15,25180.05,0
2025-07-17T12:56:00+05:30,25180.2,25180.2,25176.35,25177.6,0
2025-07-17T12:57:00+05:30,25177.3,25178.4,25174.65,25177.8,0
2025-07-17T12:58:00+05:30,25178.3,25180.1,25176.7,25177.4,0
2025-07-17T12:59:00+05:30,25178.35,25180.5,25176.25,25179.7,0
2025-07-17T13:00:00+05:30,25179.95,25179.95,25175.25,25177.6,0
2025-07-17T13:01:00+05:30,25177.4,25180.4,25175.85,25179.85,0
2025-07-17T13:02:00+05:30,25179.9,25181.6,25178.0,25180.2,0
2025-07-17T13:03:00+05:30,25180.45,25182.75,25178.5,25179.65,0
2025-07-17T13:04:00+05:30,25181.35,25181.6,25177.8,25178.4,0
2025-07-17T13:05:00+05:30,25178.65,25178.65,25164.05,25166.85,0
2025-07-17T13:06:00+05:30,25166.3,25167.1,25163.65,25165.8,0
2025-07-17T13:07:00+05:30,25165.7,25171.0,25164.15,25169.15,0
2025-07-17T13:08:00+05:30,25169.6,25169.6,25165.3,25167.1,0
2025-07-17T13:09:00+05:30,25168.2,25171.3,25165.45,25168.3,0
2025-07-17T13:10:00+05:30,25168.95,25171.2,25166.5,25167.95,0
2025-07-17T13:11:00+05:30,25169.0,25170.7,25167.05,25168.8,0
2025-07-17T13:12:00+05:30,25169.9,25170.3,25163.95,25166.6,0
2025-07-17T13:13:00+05:30,25167.2,25167.85,25163.65,25167.55,0
2025-07-17T13:14:00+05:30,25167.95,25169.6,25165.7,25167.1,0
2025-07-17T13:15:00+05:30,25168.05,25169.9,25163.6,25167.95,0
2025-07-17T13:16:00+05:30,25168.9,25174.35,25167.8,25167.8,0
2025-07-17T13:17:00+05:30,25168.6,25170.7,25167.2,25169.4,0
2025-07-17T13:18:00+05:30,25169.7,25169.7,25162.8,25165.6,0
2025-07-17T13:19:00+05:30,25165.2,25166.85,25162.35,25164.3,0
2025-07-17T13:20:00+05:30,25165.35,25166.85,25163.3,25164.7,0
2025-07-17T13:21:00+05:30,25166.0,25166.6,25163.3,25165.2,0
2025-07-17T13:22:00+05:30,25165.25,25167.95,25163.3,25165.55,0
2025-07-17T13:23:00+05:30,25165.7,25168.0,25162.65,25163.3,0
2025-07-17T13:24:00+05:30,25164.1,25165.6,25156.65,25157.55,0
2025-07-17T13:25:00+05:30,25157.5,25162.1,25155.55,25160.1,0
2025-07-17T13:26:00+05:30,25159.85,25162.5,25157.15,25160.7,0
2025-07-17T13:27:00+05:30,25162.7,25164.6,25159.85,25162.5,0
2025-07-17T13:28:00+05:30,25163.25,25165.25,25161.35,25161.75,0
2025-07-17T13:29:00+05:30,25163.5,25167.8,25160.8,25166.5,0
2025-07-17T13:30:00+05:30,25166.7,25166.7,25162.75,25164.85,0
2025-07-17T13:31:00+05:30,25164.65,25166.1,25162.5,25165.1,0
2025-07-17T13:32:00+05:30,25165.25,25165.3,25161.9,25163.1,0
2025-07-17T13:33:00+05:30,25163.5,25165.5,25160.4,25164.7,0
2025-07-17T13:34:00+05:30,25165.0,25166.4,25163.65,25166.2,0
2025-07-17T13:35:00+05:30,25166.35,25167.75,25165.55,25166.8,0
2025-07-17T13:36:00+05:30,25167.1,25172.75,25166.4,25168.5,0
2025-07-17T13:37:00+05:30,25168.7,25169.2,25165.9,25168.35,0
2025-07-17T13:38:00+05:30,25168.9,25170.3,25166.4,25169.65,0
2025-07-17T13:39:00+05:30,25170.15,25170.75,25167.9,25169.15,0
2025-07-17T13:40:00+05:30,25169.4,25170.15,25167.45,25169.55,0
2025-07-17T13:41:00+05:30,25169.85,25172.45,25167.9,25170.15,0
2025-07-17T13:42:00+05:30,25169.95,25170.2,25166.4,25169.85,0
2025-07-17T13:43:00+05:30,25170.5,25171.35,25167.35,25171.35,0
2025-07-17T13:44:00+05:30,25171.3,25171.3,25167.15,25168.85,0
2025-07-17T13:45:00+05:30,25168.6,25170.55,25163.55,25164.7,0
2025-07-17T13:46:00+05:30,25164.2,25165.2,25161.5,25162.7,0
2025-07-17T13:47:00+05:30,25162.55,25163.65,25160.7,25163.25,0
2025-07-17T13:48:00+05:30,25163.85,25164.15,25161.0,25162.7,0
2025-07-17T13:49:00+05:30,25162.85,25164.55,25161.45,25163.5,0
2025-07-17T13:50:00+05:30,25163.85,25164.95,25161.55,25163.8,0
2025-07-17T13:51:00+05:30,25164.8,25167.4,25162.55,25167.4,0
2025-07-17T13:52:00+05:30,25167.6,25182.75,25166.15,25182.7,0
2025-07-17T13:53:00+05:30,25182.9,25194.5,25182.45,25192.85,0
2025-07-17T13:54:00+05:30,25193.15,25193.15,25177.25,25179.45,0
2025-07-17T13:55:00+05:30,25179.95,25179.95,25175.45,25178.05,0
2025-07-17T13:56:00+05:30,25178.0,25180.6,25176.4,25179.8,0
2025-07-17T13:57:00+05:30,25179.7,25182.0,25177.15,25178.4,0
2025-07-17T13:58:00+05:30,25178.5,25178.85,25176.15,25178.55,0
2025-07-17T13:59:00+05:30,25177.5,25179.6,25176.2,25177.45,0
2025-07-17T14:00:00+05:30,25177.4,25182.0,25176.3,25178.65,0
2025-07-17T14:01:00+05:30,25178.15,25178.2,25173.4,25175.9,0
2025-07-17T14:02:00+05:30,25175.35,25178.05,25174.0,25177.7,0
2025-07-17T14:03:00+05:30,25177.95,25177.95,25172.85,25174.9,0
2025-07-17T14:04:00+05:30,25174.4,25175.25,25166.85,25167.45,0
2025-07-17T14:05:00+05:30,25168.75,25174.7,25164.65,25174.05,0
2025-07-17T14:06:00+05:30,25174.5,25174.5,25170.4,25172.75,0
2025-07-17T14:07:00+05:30,25173.25,25173.25,25168.6,25171.45,0
2025-07-17T14:08:00+05:30,25172.05,25177.15,25165.35,25167.0,0
2025-07-17T14:09:00+05:30,25166.65,25168.95,25164.35,25168.45,0
2025-07-17T14:10:00+05:30,25169.2,25169.2,25164.35,25165.45,0
2025-07-17T14:11:00+05:30,25165.1,25165.9,25153.15,25153.15,0
2025-07-17T14:12:00+05:30,25154.15,25154.15,25149.25,25151.9,0
2025-07-17T14:13:00+05:30,25152.4,25157.9,25149.6,25156.8,0
2025-07-17T14:14:00+05:30,25157.85,25159.5,25154.85,25156.0,0
2025-07-17T14:15:00+05:30,25156.15,25163.05,25154.7,25158.75,0
2025-07-17T14:16:00+05:30,25159.65,25159.65,25152.65,25155.7,0
2025-07-17T14:17:00+05:30,25154.55,25154.7,25144.75,25147.6,0
2025-07-17T14:18:00+05:30,25148.1,25148.35,25145.25,25146.8,0
2025-07-17T14:19:00+05:30,25147.25,25147.25,25140.5,25146.35,0
2025-07-17T14:20:00+05:30,25147.55,25147.9,25135.8,25137.7,0
2025-07-17T14:21:00+05:30,25138.65,25151.55,25135.5,25146.85,0
2025-07-17T14:22:00+05:30,25146.8,25149.4,25144.2,25149.4,0
2025-07-17T14:23:00+05:30,25149.0,25151.0,25146.15,25150.35,0
2025-07-17T14:24:00+05:30,25149.8,25151.7,25148.6,25151.3,0
2025-07-17T14:25:00+05:30,25150.9,25152.1,25147.55,25150.05,0
2025-07-17T14:26:00+05:30,25150.5,25150.5,25147.25,25149.6,0
2025-07-17T14:27:00+05:30,25150.9,25151.9,25148.4,25150.95,0
2025-07-17T14:28:00+05:30,25151.25,25151.95,25145.2,25146.65,0
2025-07-17T14:29:00+05:30,25146.55,25148.15,25133.0,25133.85,0
2025-07-17T14:30:00+05:30,25134.15,25136.25,25124.3,25135.9,0
2025-07-17T14:31:00+05:30,25136.25,25140.5,25131.35,25131.65,0
2025-07-17T14:32:00+05:30,25131.7,25139.15,25129.25,25135.5,0
2025-07-17T14:33:00+05:30,25136.75,25145.25,25134.05,25140.75,0
2025-07-17T14:34:00+05:30,25140.65,25141.2,25137.2,25140.2,0
2025-07-17T14:35:00+05:30,25140.8,25141.05,25137.65,25140.45,0
2025-07-17T14:36:00+05:30,25141.0,25145.55,25139.15,25144.5,0
2025-07-17T14:37:00+05:30,25145.45,25147.0,25143.5,25144.8,0
2025-07-17T14:38:00+05:30,25145.55,25149.45,25143.5,25148.25,0
2025-07-17T14:39:00+05:30,25149.3,25151.75,25146.3,25147.9,0
2025-07-17T14:40:00+05:30,25147.95,25148.0,25141.65,25143.65,0
2025-07-17T14:41:00+05:30,25144.75,25144.75,25138.3,25140.6,0
2025-07-17T14:42:00+05:30,25141.2,25141.7,25134.6,25136.95,0
2025-07-17T14:43:00+05:30,25137.65,25137.65,25132.4,25136.95,0
2025-07-17T14:44:00+05:30,25136.55,25138.55,25134.45,25138.45,0
2025-07-17T14:45:00+05:30,25138.6,25138.9,25134.85,25136.45,0
2025-07-17T14:46:00+05:30,25137.2,25139.3,25131.8,25133.15,0
2025-07-17T14:47:00+05:30,25133.25,25134.05,25128.85,25129.9,0
2025-07-17T14:48:00+05:30,25129.7,25132.85,25115.85,25121.3,0
2025-07-17T14:49:00+05:30,25120.0,25123.55,25114.65,25122.25,0
2025-07-17T14:50:00+05:30,25121.25,25126.1,25119.45,25126.1,0
2025-07-17T14:51:00+05:30,25126.25,25126.6,25107.25,25115.75,0
2025-07-17T14:52:00+05:30,25115.45,25118.75,25113.55,25117.7,0
2025-07-17T14:53:00+05:30,25118.4,25121.8,25116.65,25119.95,0
2025-07-17T14:54:00+05:30,25120.95,25120.95,25111.55,25119.8,0
2025-07-17T14:55:00+05:30,25119.6,25120.85,25116.55,25117.7,0
2025-07-17T14:56:00+05:30,25119.95,25120.7,25115.85,25118.45,0
2025-07-17T14:57:00+05:30,25120.55,25125.15,25117.3,25124.2,0
2025-07-17T14:58:00+05:30,25125.3,25127.9,25118.75,25118.75,0
2025-07-17T14:59:00+05:30,25120.2,25120.2,25110.4,25115.65,0
2025-07-17T15:00:00+05:30,25117.55,25118.3,25113.95,25114.7,0
2025-07-17T15:01:00+05:30,25115.9,25117.35,25105.9,25106.95,0
2025-07-17T15:02:00+05:30,25108.05,25108.05,25101.65,25105.3,0
2025-07-17T15:03:00+05:30,25105.5,25111.0,25101.0,25104.7,0
2025-07-17T15:04:00+05:30,25105.65,25108.05,25102.7,25107.2,0
2025-07-17T15:05:00+05:30,25107.9,25115.8,25107.1,25108.35,0
2025-07-17T15:06:00+05:30,25108.75,25108.75,25103.9,25108.2,0
2025-07-17T15:07:00+05:30,25109.3,25118.95,25108.9,25117.15,0
2025-07-17T15:08:00+05:30,25117.95,25120.85,25112.4,25115.45,0
2025-07-17T15:09:00+05:30,25115.9,25119.2,25113.2,25119.0,0
2025-07-17T15:10:00+05:30,25118.6,25118.6,25114.25,25114.75,0
2025-07-17T15:11:00+05:30,25115.3,25119.9,25114.55,25115.2,0
2025-07-17T15:12:00+05:30,25115.8,25115.8,25107.25,25114.05,0
2025-07-17T15:13:00+05:30,25114.35,25122.2,25113.6,25116.5,0
2025-07-17T15:14:00+05:30,25118.05,25122.8,25115.0,25120.6,0
2025-07-17T15:15:00+05:30,25120.1,25120.1,25113.5,25115.45,0
2025-07-17T15:16:00+05:30,25116.4,25117.9,25115.35,25116.4,0
2025-07-17T15:17:00+05:30,25118.05,25118.6,25114.6,25118.05,0
2025-07-17T15:18:00+05:30,25118.3,25118.3,25114.0,25114.25,0
2025-07-17T15:19:00+05:30,25114.3,25115.15,25112.65,25113.15,0
2025-07-17T15:20:00+05:30,25113.65,25113.9,25108.9,25110.55,0
2025-07-17T15:21:00+05:30,25110.5,25111.4,25108.7,25108.7,0
2025-07-17T15:22:00+05:30,25109.65,25113.75,25108.35,25112.3,0
2025-07-17T15:23:00+05:30,25113.15,25114.7,25108.75,25109.65,0
2025-07-17T15:24:00+05:30,25108.9,25111.2,25106.25,25109.2,0
2025-07-17T15:25:00+05:30,25110.35,25114.25,25109.4,25109.7,0
2025-07-17T15:26:00+05:30,25109.75,25112.95,25107.9,25112.25,0
2025-07-17T15:27:00+05:30,25113.55,25117.2,25109.45,25116.2,0
2025-07-17T15:28:00+05:30,25115.15,25121.9,25110.3,25111.6,0
2025-07-17T15:29:00+05:30,25111.8,25118.5,25106.6,25109.5,0
2025-07-18T09:15:00+05:30,25108.55,25144.6,25102.15,25115.85,0
2025-07-18T09:16:00+05:30,25113.5,25113.5,25095.8,25100.7,0
2025-07-18T09:17:00+05:30,25098.6,25099.95,25086.55,25092.7,0
2025-07-18T09:18:00+05:30,25093.05,25099.1,25084.35,25096.05,0
2025-07-18T09:19:00+05:30,25094.75,25094.75,25082.05,25086.7,0
2025-07-18T09:20:00+05:30,25087.3,25097.0,25084.8,25094.1,0
2025-07-18T09:21:00+05:30,25094.4,25095.1,25082.55,25085.05,0
2025-07-18T09:22:00+05:30,25086.1,25095.7,25082.95,25087.65,0
2025-07-18T09:23:00+05:30,25087.6,25091.65,25085.1,25087.8,0
2025-07-18T09:24:00+05:30,25088.7,25089.25,25077.75,25081.1,0
2025-07-18T09:25:00+05:30,25081.45,25084.4,25072.85,25075.15,0
2025-07-18T09:26:00+05:30,25076.25,25077.35,25068.2,25069.3,0
2025-07-18T09:27:00+05:30,25070.05,25070.7,25061.1,25063.7,0
2025-07-18T09:28:00+05:30,25063.45,25073.75,25062.1,25070.4,0
2025-07-18T09:29:00+05:30,25070.0,25076.75,25068.6,25070.2,0
2025-07-18T09:30:00+05:30,25071.85,25079.0,25070.6,25074.7,0
2025-07-18T09:31:00+05:30,25073.85,25080.35,25073.85,25078.2,0
2025-07-18T09:32:00+05:30,25077.55,25079.65,25074.45,25079.3,0
2025-07-18T09:33:00+05:30,25079.75,25080.5,25075.25,25076.35,0
2025-07-18T09:34:00+05:30,25077.15,25080.85,25074.6,25077.75,0
2025-07-18T09:35:00+05:30,25077.7,25079.5,25070.0,25072.6,0
2025-07-18T09:36:00+05:30,25073.95,25077.95,25073.65,25077.9,0
2025-07-18T09:37:00+05:30,25076.3,25081.25,25073.2,25078.5,0
2025-07-18T09:38:00+05:30,25077.75,25086.15,25077.75,25083.05,0
2025-07-18T09:39:00+05:30,25082.5,25083.5,25074.45,25075.95,0
2025-07-18T09:40:00+05:30,25077.2,25077.75,25065.55,25065.55,0
2025-07-18T09:41:00+05:30,25065.15,25067.35,25063.95,25065.2,0
2025-07-18T09:42:00+05:30,25065.8,25066.25,25055.9,25056.4,0
2025-07-18T09:43:00+05:30,25056.2,25056.55,25046.1,25047.0,0
2025-07-18T09:44:00+05:30,25047.35,25047.5,25043.15,25044.3,0
2025-07-18T09:45:00+05:30,25043.7,25044.95,25032.95,25035.7,0
2025-07-18T09:46:00+05:30,25034.85,25040.25,25032.5,25036.6,0
2025-07-18T09:47:00+05:30,25039.0,25039.0,25030.7,25031.6,0
2025-07-18T09:48:00+05:30,25032.8,25032.8,25026.2,25030.6,0
2025-07-18T09:49:00+05:30,25030.25,25034.8,25026.75,25033.25,0
2025-07-18T09:50:00+05:30,25032.5,25034.9,25031.85,25034.4,0
2025-07-18T09:51:00+05:30,25034.7,25040.3,25031.85,25038.75,0
2025-07-18T09:52:00+05:30,25038.2,25045.8,25038.1,25045.3,0
2025-07-18T09:53:00+05:30,25045.75,25050.2,25044.4,25048.95,0
2025-07-18T09:54:00+05:30,25048.25,25048.8,25042.2,25045.2,0
2025-07-18T09:55:00+05:30,25044.75,25045.75,25041.45,25043.75,0
2025-07-18T09:56:00+05:30,25043.45,25047.25,25042.0,25044.85,0
2025-07-18T09:57:00+05:30,25044.35,25046.65,25040.2,25041.5,0
2025-07-18T09:58:00+05:30,25040.8,25043.6,25039.45,25040.75,0
2025-07-18T09:59:00+05:30,25040.25,25045.0,25039.0,25039.8,0
2025-07-18T10:00:00+05:30,25040.3,25042.25,25031.55,25033.1,0
2025-07-18T10:01:00+05:30,25033.7,25033.8,25024.15,25024.8,0
2025-07-18T10:02:00+05:30,25024.3,25024.35,25018.15,25021.1,0
2025-07-18T10:03:00+05:30,25022.85,25027.25,25021.8,25026.2,0
2025-07-18T10:04:00+05:30,25027.15,25029.4,25024.95,25024.95,0
2025-07-18T10:05:00+05:30,25023.8,25027.2,25022.05,25025.5,0
2025-07-18T10:06:00+05:30,25025.45,25026.25,25011.35,25013.1,0
2025-07-18T10:07:00+05:30,25013.3,25020.75,25011.95,25019.4,0
2025-07-18T10:08:00+05:30,25019.95,25021.85,25017.45,25019.1,0
2025-07-18T10:09:00+05:30,25018.45,25020.55,25017.0,25017.95,0
2025-07-18T10:10:00+05:30,25018.25,25018.3,25010.25,25011.2,0
2025-07-18T10:11:00+05:30,25011.1,25013.85,25007.8,25012.75,0
2025-07-18T10:12:00+05:30,25012.65,25017.2,25006.8,25007.45,0
2025-07-18T10:13:00+05:30,25007.25,25012.5,25004.65,25011.35,0
2025-07-18T10:14:00+05:30,25011.55,25015.55,25011.05,25013.3,0
2025-07-18T10:15:00+05:30,25013.15,25013.15,24995.4,24996.35,0
2025-07-18T10:16:00+05:30,24995.3,24995.55,24977.7,24980.75,0
2025-07-18T10:17:00+05:30,24978.55,24982.8,24965.65,24968.05,0
2025-07-18T10:18:00+05:30,24966.2,24968.75,24955.25,24959.85,0
2025-07-18T10:19:00+05:30,24959.3,24962.65,24953.25,24956.65,0
2025-07-18T10:20:00+05:30,24957.65,24957.75,24942.0,24944.55,0
2025-07-18T10:21:00+05:30,24944.4,24957.5,24938.15,24955.65,0
2025-07-18T10:22:00+05:30,24954.8,24959.7,24953.75,24955.55,0
2025-07-18T10:23:00+05:30,24955.8,24965.8,24952.4,24965.8,0
2025-07-18T10:24:00+05:30,24965.35,24965.35,24958.65,24965.25,0
2025-07-18T10:25:00+05:30,24963.75,24967.8,24959.55,24962.1,0
2025-07-18T10:26:00+05:30,24962.65,24965.85,24959.6,24960.35,0
2025-07-18T10:27:00+05:30,24960.25,24962.0,24954.85,24959.65,0
2025-07-18T10:28:00+05:30,24959.7,24960.0,24949.25,24951.25,0
2025-07-18T10:29:00+05:30,24951.05,24955.6,24950.95,24952.55,0
2025-07-18T10:30:00+05:30,24951.45,24951.8,24931.4,24933.4,0
2025-07-18T10:31:00+05:30,24934.55,24951.3,24934.55,24947.65,0
2025-07-18T10:32:00+05:30,24948.2,24949.9,24943.5,24944.9,0
2025-07-18T10:33:00+05:30,24945.4,24949.45,24944.5,24947.55,0
2025-07-18T10:34:00+05:30,24947.7,24948.9,24942.45,24943.85,0
2025-07-18T10:35:00+05:30,24943.7,24950.3,24943.0,24949.9,0
2025-07-18T10:36:00+05:30,24949.6,24962.0,24948.1,24961.15,0
2025-07-18T10:37:00+05:30,24960.8,24961.9,24956.75,24958.2,0
2025-07-18T10:38:00+05:30,24958.9,24962.6,24956.15,24957.8,0
2025-07-18T10:39:00+05:30,24956.75,24957.35,24952.95,24952.95,0
2025-07-18T10:40:00+05:30,24953.7,24954.45,24944.45,24946.0,0
2025-07-18T10:41:00+05:30,24945.4,24945.4,24938.35,24941.35,0
2025-07-18T10:42:00+05:30,24941.1,24947.95,24940.05,24940.8,0
2025-07-18T10:43:00+05:30,24940.85,24948.45,24939.6,24947.45,0
2025-07-18T10:44:00+05:30,24947.7,24949.2,24941.25,24942.35,0
2025-07-18T10:45:00+05:30,24941.95,24942.05,24937.4,24941.15,0
2025-07-18T10:46:00+05:30,24941.65,24946.25,24936.5,24940.5,0
2025-07-18T10:47:00+05:30,24939.75,24947.1,24939.45,24946.4,0
2025-07-18T10:48:00+05:30,24946.9,24952.95,24946.15,24950.5,0
2025-07-18T10:49:00+05:30,24950.2,24952.5,24942.65,24943.9,0
2025-07-18T10:50:00+05:30,24943.95,24946.9,24943.65,24945.4,0
2025-07-18T10:51:00+05:30,24945.45,24947.65,24942.2,24943.9,0
2025-07-18T10:52:00+05:30,24943.85,24951.1,24943.45,24950.95,0
2025-07-18T10:53:00+05:30,24951.15,24952.4,24949.6,24950.2,0
2025-07-18T10:54:00+05:30,24950.1,24950.1,24946.7,24947.45,0
2025-07-18T10:55:00+05:30,24947.7,24953.05,24946.3,24951.25,0
2025-07-18T10:56:00+05:30,24950.8,24951.0,24942.4,24943.3,0
2025-07-18T10:57:00+05:30,24943.95,24948.4,24943.05,24944.25,0
2025-07-18T10:58:00+05:30,24945.2,24945.75,24936.7,24937.05,0
2025-07-18T10:59:00+05:30,24937.4,24937.95,24930.0,24931.0,0
2025-07-18T11:00:00+05:30,24930.7,24932.9,24925.65,24929.9,0
2025-07-18T11:01:00+05:30,24930.15,24931.75,24925.25,24925.9,0
2025-07-18T11:02:00+05:30,24926.55,24941.4,24925.6,24940.8,0
2025-07-18T11:03:00+05:30,24940.4,24950.9,24940.4,24950.75,0
2025-07-18T11:04:00+05:30,24949.95,24955.95,24949.95,24953.45,0
2025-07-18T11:05:00+05:30,24953.9,24953.9,24948.4,24951.4,0
2025-07-18T11:06:00+05:30,24951.0,24954.3,24948.7,24953.15,0
2025-07-18T11:07:00+05:30,24953.55,24958.1,24953.1,24956.95,0
2025-07-18T11:08:00+05:30,24956.75,24957.5,24952.0,24953.1,0
2025-07-18T11:09:00+05:30,24954.15,24956.75,24953.35,24954.75,0
2025-07-18T11:10:00+05:30,24954.9,24955.0,24949.35,24953.0,0
2025-07-18T11:11:00+05:30,24952.95,24956.55,24951.7,24953.45,0
2025-07-18T11:12:00+05:30,24953.05,24961.45,24952.6,24960.75,0
2025-07-18T11:13:00+05:30,24959.55,24959.55,24953.4,24954.5,0
2025-07-18T11:14:00+05:30,24954.6,24958.4,24951.45,24958.4,0
2025-07-18T11:15:00+05:30,24958.65,24962.0,24958.0,24959.95,0
2025-07-18T11:16:00+05:30,24960.25,24961.4,24957.75,24960.55,0
2025-07-18T11:17:00+05:30,24960.5,24961.7,24958.15,24959.4,0
2025-07-18T11:18:00+05:30,24959.95,24960.4,24956.35,24958.5,0
2025-07-18T11:19:00+05:30,24958.3,24961.4,24955.1,24958.9,0
2025-07-18T11:20:00+05:30,24959.0,24960.25,24954.15,24957.95,0
2025-07-18T11:21:00+05:30,24962.2,24965.45,24959.6,24964.35,0
2025-07-18T11:22:00+05:30,24963.85,24965.75,24960.5,24964.1,0
2025-07-18T11:23:00+05:30,24964.8,24967.2,24961.4,24961.75,0
2025-07-18T11:24:00+05:30,24962.2,24967.55,24962.2,24967.3,0
2025-07-18T11:25:00+05:30,24967.25,24968.95,24963.95,24966.45,0
2025-07-18T11:26:00+05:30,24966.5,24971.1,24965.1,24970.75,0
2025-07-18T11:27:00+05:30,24970.4,24976.55,24969.6,24976.55,0
2025-07-18T11:28:00+05:30,24975.25,24975.65,24972.1,24973.4,0
2025-07-18T11:29:00+05:30,24971.9,24974.45,24970.6,24971.3,0
2025-07-18T11:30:00+05:30,24971.65,24972.1,24967.4,24968.85,0
2025-07-18T11:31:00+05:30,24969.1,24972.9,24968.9,24969.2,0
2025-07-18T11:32:00+05:30,24970.35,24972.25,24967.5,24969.75,0
2025-07-18T11:33:00+05:30,24969.8,24971.25,24963.85,24964.1,0
2025-07-18T11:34:00+05:30,24963.85,24964.85,24957.6,24958.3,0
2025-07-18T11:35:00+05:30,24958.15,24959.2,24951.8,24951.85,0
2025-07-18T11:36:00+05:30,24952.3,24954.1,24948.65,24952.45,0
2025-07-18T11:37:00+05:30,24952.1,24957.05,24951.35,24954.45,0
2025-07-18T11:38:00+05:30,24954.35,24956.25,24950.8,24952.45,0
2025-07-18T11:39:00+05:30,24953.4,24956.55,24951.3,24951.75,0
2025-07-18T11:40:00+05:30,24951.25,24952.7,24949.95,24950.0,0
2025-07-18T11:41:00+05:30,24949.9,24951.4,24947.15,24947.15,0
2025-07-18T11:42:00+05:30,24946.8,24952.9,24943.95,24951.4,0
2025-07-18T11:43:00+05:30,24952.05,24952.05,24943.8,24944.35,0
2025-07-18T11:44:00+05:30,24943.95,24943.95,24920.45,24922.0,0
2025-07-18T11:45:00+05:30,24921.25,24938.55,24921.25,24936.45,0
2025-07-18T11:46:00+05:30,24936.75,24943.6,24936.5,24941.4,0
2025-07-18T11:47:00+05:30,24941.55,24942.55,24939.35,24939.75,0
2025-07-18T11:48:00+05:30,24939.8,24943.0,24939.8,24940.7,0
2025-07-18T11:49:00+05:30,24941.1,24947.95,24937.6,24947.95,0
2025-07-18T11:50:00+05:30,24947.5,24953.55,24947.35,24951.15,0
2025-07-18T11:51:00+05:30,24950.7,24953.25,24949.35,24949.55,0
2025-07-18T11:52:00+05:30,24949.2,24961.05,24949.2,24960.6,0
2025-07-18T11:53:00+05:30,24959.95,24963.55,24958.4,24960.4,0
2025-07-18T11:54:00+05:30,24960.65,24961.65,24956.3,24959.05,0
2025-07-18T11:55:00+05:30,24958.55,24961.2,24955.85,24958.15,0
2025-07-18T11:56:00+05:30,24957.9,24959.0,24953.45,24955.1,0
2025-07-18T11:57:00+05:30,24954.1,24955.25,24949.25,24949.5,0
2025-07-18T11:58:00+05:30,24949.6,24952.4,24948.15,24949.65,0
2025-07-18T11:59:00+05:30,24949.7,24954.1,24948.6,24951.35,0
2025-07-18T12:00:00+05:30,24951.7,24953.95,24946.75,24947.65,0
2025-07-18T12:01:00+05:30,24948.0,24948.4,24942.65,24944.15,0
2025-07-18T12:02:00+05:30,24944.0,24945.75,24942.3,24942.85,0
2025-07-18T12:03:00+05:30,24942.9,24946.6,24941.35,24942.0,0
2025-07-18T12:04:00+05:30,24941.65,24943.1,24939.45,24940.4,0
2025-07-18T12:05:00+05:30,24940.2,24949.15,24940.0,24943.15,0
2025-07-18T12:06:00+05:30,24942.65,24945.55,24940.95,24942.5,0
2025-07-18T12:07:00+05:30,24942.45,24945.55,24940.65,24941.45,0
2025-07-18T12:08:00+05:30,24941.05,24946.3,24940.55,24943.1,0
2025-07-18T12:09:00+05:30,24943.2,24945.45,24941.85,24942.95,0
2025-07-18T12:10:00+05:30,24942.2,24944.95,24940.6,24941.45,0
2025-07-18T12:11:00+05:30,24941.35,24942.8,24939.2,24940.35,0
2025-07-18T12:12:00+05:30,24939.7,24940.9,24935.75,24937.4,0
2025-07-18T12:13:00+05:30,24936.95,24938.2,24932.3,24932.85,0
2025-07-18T12:14:00+05:30,24932.7,24936.2,24932.15,24933.4,0
2025-07-18T12:15:00+05:30,24933.1,24935.05,24931.4,24933.6,0
2025-07-18T12:16:00+05:30,24934.65,24938.55,24929.9,24930.95,0
2025-07-18T12:17:00+05:30,24930.75,24931.45,24926.4,24927.15,0
2025-07-18T12:18:00+05:30,24926.85,24928.3,24918.65,24919.5,0
2025-07-18T12:19:00+05:30,24919.7,24924.25,24919.0,24921.9,0
2025-07-18T12:20:00+05:30,24923.65,24927.45,24921.7,24926.25,0
2025-07-18T12:21:00+05:30,24926.15,24932.5,24926.0,24929.4,0
2025-07-18T12:22:00+05:30,24929.35,24937.05,24928.6,24937.05,0
2025-07-18T12:23:00+05:30,24936.7,24937.1,24932.5,24933.05,0
2025-07-18T12:24:00+05:30,24932.85,24934.35,24932.1,24933.55,0
2025-07-18T12:25:00+05:30,24933.75,24936.0,24930.8,24934.85,0
2025-07-18T12:26:00+05:30,24935.4,24941.05,24935.0,24939.0,0
2025-07-18T12:27:00+05:30,24939.75,24942.15,24938.55,24941.65,0
2025-07-18T12:28:00+05:30,24942.05,24943.05,24939.7,24940.4,0
2025-07-18T12:29:00+05:30,24941.0,24941.75,24937.65,24939.4,0
2025-07-18T12:30:00+05:30,24939.55,24944.0,24939.15,24943.4,0
2025-07-18T12:31:00+05:30,24943.55,24943.75,24939.35,24940.65,0
2025-07-18T12:32:00+05:30,24940.3,24943.5,24938.0,24942.4,0
2025-07-18T12:33:00+05:30,24942.75,24942.85,24937.05,24940.0,0
2025-07-18T12:34:00+05:30,24939.55,24939.9,24936.05,24937.95,0
2025-07-18T12:35:00+05:30,24937.8,24938.7,24934.4,24935.35,0
2025-07-18T12:36:00+05:30,24935.9,24936.8,24931.15,24933.15,0
2025-07-18T12:37:00+05:30,24932.6,24933.9,24929.75,24930.2,0
2025-07-18T12:38:00+05:30,24930.6,24932.65,24929.3,24930.9,0
2025-07-18T12:39:00+05:30,24931.2,24946.75,24930.85,24946.3,0
2025-07-18T12:40:00+05:30,24945.8,24945.8,24940.85,24942.75,0
2025-07-18T12:41:00+05:30,24942.55,24951.8,24941.5,24950.8,0
2025-07-18T12:42:00+05:30,24951.1,24951.1,24942.35,24943.9,0
2025-07-18T12:43:00+05:30,24943.2,24943.45,24940.55,24940.9,0
2025-07-18T12:44:00+05:30,24941.9,24941.9,24936.3,24936.3,0
2025-07-18T12:45:00+05:30,24936.15,24938.0,24933.25,24937.55,0
2025-07-18T12:46:00+05:30,24937.8,24939.1,24936.2,24937.3,0
2025-07-18T12:47:00+05:30,24937.5,24939.15,24935.55,24935.6,0
2025-07-18T12:48:00+05:30,24935.7,24936.15,24932.5,24934.5,0
2025-07-18T12:49:00+05:30,24933.85,24942.65,24933.3,24942.65,0
2025-07-18T12:50:00+05:30,24942.9,24942.9,24935.45,24935.7,0
2025-07-18T12:51:00+05:30,24935.35,24936.85,24933.75,24935.75,0
2025-07-18T12:52:00+05:30,24935.3,24936.55,24933.45,24933.8,0
2025-07-18T12:53:00+05:30,24933.45,24936.55,24932.4,24934.95,0
2025-07-18T12:54:00+05:30,24935.15,24935.8,24931.05,24932.75,0
2025-07-18T12:55:00+05:30,24932.4,24935.55,24931.25,24933.35,0
2025-07-18T12:56:00+05:30,24933.0,24940.5,24933.0,24939.35,0
2025-07-18T12:57:00+05:30,24939.25,24943.8,24936.85,24943.05,0
2025-07-18T12:58:00+05:30,24943.75,24949.55,24942.45,24949.5,0
2025-07-18T12:59:00+05:30,24948.95,24952.7,24947.8,24951.55,0
2025-07-18T13:00:00+05:30,24951.6,24969.1,24951.6,24968.85,0
2025-07-18T13:01:00+05:30,24969.35,24991.2,24969.35,24990.35,0
2025-07-18T13:02:00+05:30,24989.55,24989.55,24951.25,24951.25,0
2025-07-18T13:03:00+05:30,24951.4,24954.4,24950.1,24951.3,0
2025-07-18T13:04:00+05:30,24951.05,24956.4,24949.55,24953.3,0
2025-07-18T13:05:00+05:30,24953.1,24955.75,24949.85,24949.85,0
2025-07-18T13:06:00+05:30,24949.8,24949.8,24941.25,24942.25,0
2025-07-18T13:07:00+05:30,24942.9,24946.85,24941.05,24943.45,0
2025-07-18T13:08:00+05:30,24943.75,24948.95,24943.45,24947.7,0
2025-07-18T13:09:00+05:30,24947.85,24948.35,24944.05,24945.45,0
2025-07-18T13:10:00+05:30,24945.15,24945.8,24942.55,24944.0,0
2025-07-18T13:11:00+05:30,24944.3,24946.3,24941.95,24944.75,0
2025-07-18T13:12:00+05:30,24945.4,24949.3,24941.9,24948.65,0
2025-07-18T13:13:00+05:30,24948.55,24950.95,24946.4,24949.65,0
2025-07-18T13:14:00+05:30,24950.2,24951.3,24947.95,24949.25,0
2025-07-18T13:15:00+05:30,24949.8,24951.7,24947.6,24950.7,0
2025-07-18T13:16:00+05:30,24951.35,24951.35,24941.45,24941.45,0
2025-07-18T13:17:00+05:30,24941.05,24942.35,24938.5,24940.35,0
2025-07-18T13:18:00+05:30,24940.4,24941.4,24938.2,24939.45,0
2025-07-18T13:19:00+05:30,24939.7,24943.45,24937.8,24940.7,0
2025-07-18T13:20:00+05:30,24940.55,24941.2,24938.15,24940.95,0
2025-07-18T13:21:00+05:30,24940.85,24943.25,24935.55,24942.3,0
2025-07-18T13:22:00+05:30,24941.65,24945.95,24941.05,24944.25,0
2025-07-18T13:23:00+05:30,24944.0,24944.9,24942.25,24944.75,0
2025-07-18T13:24:00+05:30,24945.15,24946.5,24942.4,24942.55,0
2025-07-18T13:25:00+05:30,24942.95,24946.6,24940.15,24945.5,0
2025-07-18T13:26:00+05:30,24946.0,24947.75,24944.15,24945.7,0
2025-07-18T13:27:00+05:30,24945.6,24949.35,24944.4,24947.95,0
2025-07-18T13:28:00+05:30,24948.3,24949.2,24945.9,24947.55,0
2025-07-18T13:29:00+05:30,24947.7,24948.65,24944.95,24946.8,0
2025-07-18T13:30:00+05:30,24946.1,24948.3,24941.8,24944.85,0
2025-07-18T13:31:00+05:30,24944.5,24952.4,24942.35,24952.4,0
2025-07-18T13:32:00+05:30,24951.35,24952.05,24945.75,24951.2,0
2025-07-18T13:33:00+05:30,24950.75,24955.2,24949.15,24953.6,0
2025-07-18T13:34:00+05:30,24953.7,24957.2,24952.85,24956.7,0
2025-07-18T13:35:00+05:30,24956.0,24956.05,24952.8,24955.0,0
2025-07-18T13:36:00+05:30,24954.6,24957.3,24954.05,24954.85,0
2025-07-18T13:37:00+05:30,24955.2,24957.25,24954.6,24956.0,0
2025-07-18T13:38:00+05:30,24955.85,24959.35,24953.85,24957.5,0
2025-07-18T13:39:00+05:30,24957.05,24961.15,24956.9,24960.55,0
2025-07-18T13:40:00+05:30,24960.7,24962.65,24958.8,24959.15,0
2025-07-18T13:41:00+05:30,24959.7,24968.9,24958.45,24966.55,0
2025-07-18T13:42:00+05:30,24967.35,24971.35,24965.15,24969.75,0
2025-07-18T13:43:00+05:30,24969.95,24971.25,24963.35,24963.6,0
2025-07-18T13:44:00+05:30,24964.4,24969.1,24962.5,24968.55,0
2025-07-18T13:45:00+05:30,24969.45,24971.3,24967.55,24968.3,0
2025-07-18T13:46:00+05:30,24968.55,24968.75,24961.0,24962.8,0
2025-07-18T13:47:00+05:30,24962.7,24963.95,24958.25,24959.5,0
2025-07-18T13:48:00+05:30,24959.0,24959.5,24951.65,24953.3,0
2025-07-18T13:49:00+05:30,24953.15,24957.45,24953.15,24956.35,0
2025-07-18T13:50:00+05:30,24955.9,24957.5,24951.85,24956.0,0
2025-07-18T13:51:00+05:30,24955.15,24958.85,24954.75,24957.15,0
2025-07-18T13:52:00+05:30,24957.65,24959.35,24955.8,24956.3,0
2025-07-18T13:53:00+05:30,24955.85,24956.95,24952.4,24954.9,0
2025-07-18T13:54:00+05:30,24955.35,24955.35,24949.7,24950.7,0
2025-07-18T13:55:00+05:30,24950.25,24953.45,24949.3,24953.2,0
2025-07-18T13:56:00+05:30,24952.7,24960.2,24952.2,24959.15,0
2025-07-18T13:57:00+05:30,24958.3,24981.55,24957.65,24980.95,0
2025-07-18T13:58:00+05:30,24980.7,24994.25,24980.7,24994.25,0
2025-07-18T13:59:00+05:30,24990.75,24990.75,24957.9,24960.0,0
2025-07-18T14:00:00+05:30,24960.1,24965.5,24958.3,24961.95,0
2025-07-18T14:01:00+05:30,24962.1,24962.6,24959.35,24959.45,0
2025-07-18T14:02:00+05:30,24959.7,24965.95,24959.15,24964.5,0
2025-07-18T14:03:00+05:30,24964.85,24970.65,24963.8,24967.75,0
2025-07-18T14:04:00+05:30,24967.85,24969.0,24963.45,24966.05,0
2025-07-18T14:05:00+05:30,24966.65,24969.1,24964.35,24967.3,0
2025-07-18T14:06:00+05:30,24967.4,24969.5,24963.6,24964.6,0
2025-07-18T14:07:00+05:30,24963.45,24965.3,24959.75,24960.5,0
2025-07-18T14:08:00+05:30,24960.15,24966.25,24960.15,24962.85,0
2025-07-18T14:09:00+05:30,24963.25,24968.15,24962.9,24966.85,0
2025-07-18T14:10:00+05:30,24966.15,24966.65,24963.7,24965.5,0
2025-07-18T14:11:00+05:30,24965.4,24968.05,24963.7,24967.25,0
2025-07-18T14:12:00+05:30,24967.4,24968.3,24963.7,24968.3,0
2025-07-18T14:13:00+05:30,24967.9,24971.65,24966.1,24970.3,0
2025-07-18T14:14:00+05:30,24969.95,24972.4,24968.25,24969.35,0
2025-07-18T14:15:00+05:30,24968.4,24971.7,24967.25,24968.35,0
2025-07-18T14:16:00+05:30,24968.4,24969.2,24964.35,24965.35,0
2025-07-18T14:17:00+05:30,24965.5,24967.1,24963.35,24964.55,0
2025-07-18T14:18:00+05:30,24965.3,24965.3,24958.15,24958.95,0
2025-07-18T14:19:00+05:30,24958.4,24967.95,24958.1,24967.4,0
2025-07-18T14:20:00+05:30,24965.6,24970.85,24964.15,24969.7,0
2025-07-18T14:21:00+05:30,24970.15,24974.3,24969.2,24973.95,0
2025-07-18T14:22:00+05:30,24972.7,24974.25,24971.2,24971.85,0
2025-07-18T14:23:00+05:30,24971.75,24973.7,24969.7,24970.35,0
2025-07-18T14:24:00+05:30,24970.2,24975.7,24969.55,24973.95,0
2025-07-18T14:25:00+05:30,24973.85,24976.75,24972.25,24973.75,0
2025-07-18T14:26:00+05:30,24974.05,24976.05,24969.75,24970.6,0
2025-07-18T14:27:00+05:30,24970.85,24976.4,24968.65,24976.4,0
2025-07-18T14:28:00+05:30,24975.2,24986.35,24974.85,24985.8,0
2025-07-18T14:29:00+05:30,24985.55,24988.15,24984.75,24986.5,0
2025-07-18T14:30:00+05:30,24985.65,24991.6,24985.35,24989.05,0
2025-07-18T14:31:00+05:30,24989.5,24990.4,24984.0,24984.4,0
2025-07-18T14:32:00+05:30,24983.85,24998.15,24983.85,24998.15,0
2025-07-18T14:33:00+05:30,24998.25,24998.85,24994.3,24995.65,0
2025-07-18T14:34:00+05:30,24996.4,25005.05,24995.35,25004.6,0
2025-07-18T14:35:00+05:30,25004.1,25005.2,24998.05,24999.35,0
2025-07-18T14:36:00+05:30,24999.2,24999.3,24987.25,24987.25,0
2025-07-18T14:37:00+05:30,24987.3,24987.5,24982.95,24984.35,0
2025-07-18T14:38:00+05:30,24984.3,24986.1,24979.45,24979.45,0
2025-07-18T14:39:00+05:30,24980.0,24982.75,24977.35,24978.65,0
2025-07-18T14:40:00+05:30,24977.5,24982.9,24976.3,24980.6,0
2025-07-18T14:41:00+05:30,24980.7,24983.55,24977.75,24978.8,0
2025-07-18T14:42:00+05:30,24979.05,24984.0,24976.35,24977.85,0
2025-07-18T14:43:00+05:30,24977.45,24979.75,24974.8,24978.1,0
2025-07-18T14:44:00+05:30,24977.95,24978.1,24963.5,24964.15,0
2025-07-18T14:45:00+05:30,24964.55,24965.95,24952.95,24955.15,0
2025-07-18T14:46:00+05:30,24956.3,24971.1,24956.25,24970.05,0
2025-07-18T14:47:00+05:30,24970.35,24970.35,24961.85,24963.9,0
2025-07-18T14:48:00+05:30,24965.45,24967.8,24963.55,24966.2,0
2025-07-18T14:49:00+05:30,24965.75,24966.8,24961.7,24964.2,0
2025-07-18T14:50:00+05:30,24963.8,24966.5,24961.95,24963.5,0
2025-07-18T14:51:00+05:30,24963.25,24964.0,24959.85,24962.45,0
2025-07-18T14:52:00+05:30,24962.25,24967.55,24960.7,24965.0,0
2025-07-18T14:53:00+05:30,24965.05,24969.45,24964.85,24969.45,0
2025-07-18T14:54:00+05:30,24969.95,24972.95,24967.65,24969.3,0
2025-07-18T14:55:00+05:30,24969.55,24971.15,24967.1,24967.85,0
2025-07-18T14:56:00+05:30,24967.8,24967.9,24963.1,24967.55,0
2025-07-18T14:57:00+05:30,24969.75,24971.3,24964.25,24971.1,0
2025-07-18T14:58:00+05:30,24970.3,24974.8,24968.55,24969.05,0
2025-07-18T14:59:00+05:30,24969.5,24974.15,24969.4,24973.1,0
2025-07-18T15:00:00+05:30,24971.85,24980.9,24967.6,24968.4,0
2025-07-18T15:01:00+05:30,24967.9,24973.1,24967.9,24970.65,0
2025-07-18T15:02:00+05:30,24970.35,24975.55,24970.35,24974.05,0
2025-07-18T15:03:00+05:30,24973.8,24974.8,24964.7,24964.7,0
2025-07-18T15:04:00+05:30,24965.8,24968.1,24962.7,24966.15,0
2025-07-18T15:05:00+05:30,24966.95,24967.5,24964.5,24966.05,0
2025-07-18T15:06:00+05:30,24966.2,24970.15,24965.35,24967.95,0
2025-07-18T15:07:00+05:30,24968.8,24973.35,24966.55,24970.1,0
2025-07-18T15:08:00+05:30,24970.8,24971.35,24962.95,24964.75,0
2025-07-18T15:09:00+05:30,24965.3,24968.85,24963.25,24968.35,0
2025-07-18T15:10:00+05:30,24968.4,24968.95,24966.5,24966.8,0
2025-07-18T15:11:00+05:30,24967.95,24968.9,24966.5,24968.65,0
2025-07-18T15:12:00+05:30,24969.2,24974.4,24968.0,24970.8,0
2025-07-18T15:13:00+05:30,24972.5,24975.7,24966.35,24966.55,0
2025-07-18T15:14:00+05:30,24968.4,24972.85,24966.75,24971.0,0
2025-07-18T15:15:00+05:30,24970.1,24973.25,24968.65,24969.4,0
2025-07-18T15:16:00+05:30,24971.75,24971.9,24967.9,24971.0,0
2025-07-18T15:17:00+05:30,24971.8,24972.7,24970.1,24970.2,0
2025-07-18T15:18:00+05:30,24970.65,24971.85,24967.7,24970.8,0
2025-07-18T15:19:00+05:30,24970.65,24971.35,24965.25,24965.3,0
2025-07-18T15:20:00+05:30,24966.0,24968.85,24964.2,24966.45,0
2025-07-18T15:21:00+05:30,24966.25,24970.9,24963.55,24970.15,0
2025-07-18T15:22:00+05:30,24970.55,24971.25,24968.25,24970.6,0
2025-07-18T15:23:00+05:30,24971.35,24973.95,24969.7,24972.0,0
2025-07-18T15:24:00+05:30,24972.7,24975.4,24971.4,24974.95,0
2025-07-18T15:25:00+05:30,24975.25,24976.35,24973.1,24974.1,0
2025-07-18T15:26:00+05:30,24975.5,24978.4,24973.85,24977.35,0
2025-07-18T15:27:00+05:30,24977.3,24978.05,24971.75,24972.5,0
2025-07-18T15:28:00+05:30,24973.2,24976.3,24969.85,24972.1,0
2025-07-18T15:29:00+05:30,24972.05,24974.35,24963.3,24967.45,0
2025-07-21T09:15:00+05:30,24999.0,25037.2,24958.1,24961.1,0
2025-07-21T09:16:00+05:30,24960.9,24970.6,24949.55,24954.35,0
2025-07-21T09:17:00+05:30,24952.8,24969.25,24952.8,24967.85,0
2025-07-21T09:18:00+05:30,24968.8,24973.9,24959.55,24962.7,0
2025-07-21T09:19:00+05:30,24963.75,24970.5,24952.4,24956.45,0
2025-07-21T09:20:00+05:30,24955.2,24956.8,24938.45,24939.25,0
2025-07-21T09:21:00+05:30,24937.9,24938.9,24925.4,24926.1,0
2025-07-21T09:22:00+05:30,24926.55,24927.2,24913.0,24917.8,0
2025-07-21T09:23:00+05:30,24916.4,24922.8,24911.4,24922.15,0
2025-07-21T09:24:00+05:30,24921.9,24927.15,24918.8,24925.4,0
2025-07-21T09:25:00+05:30,24925.8,24926.7,24894.65,24897.85,0
2025-07-21T09:26:00+05:30,24897.05,24905.75,24894.55,24898.2,0
2025-07-21T09:27:00+05:30,24899.5,24908.85,24898.9,24905.85,0
2025-07-21T09:28:00+05:30,24904.0,24909.65,24900.35,24904.8,0
2025-07-21T09:29:00+05:30,24904.15,24905.7,24898.85,24901.55,0
2025-07-21T09:30:00+05:30,24901.9,24913.9,24900.65,24912.1,0
2025-07-21T09:31:00+05:30,24913.6,24916.05,24905.95,24908.6,0
2025-07-21T09:32:00+05:30,24908.95,24910.95,24899.75,24899.95,0
2025-07-21T09:33:00+05:30,24899.55,24900.75,24882.3,24887.3,0
2025-07-21T09:34:00+05:30,24886.2,24894.3,24882.5,24891.15,0
2025-07-21T09:35:00+05:30,24890.9,24900.1,24890.9,24899.55,0
2025-07-21T09:36:00+05:30,24898.15,24916.55,24898.15,24914.2,0
2025-07-21T09:37:00+05:30,24913.6,24916.9,24911.7,24911.7,0
2025-07-21T09:38:00+05:30,24913.7,24913.8,24905.45,24906.3,0
2025-07-21T09:39:00+05:30,24905.9,24909.35,24899.6,24909.35,0
2025-07-21T09:40:00+05:30,24909.2,24925.9,24909.05,24925.9,0
2025-07-21T09:41:00+05:30,24924.55,24927.55,24923.05,24924.8,0
2025-07-21T09:42:00+05:30,24924.55,24935.75,24924.55,24933.45,0
2025-07-21T09:43:00+05:30,24933.1,24943.35,24928.45,24939.75,0
2025-07-21T09:44:00+05:30,24939.6,24944.5,24938.3,24938.7,0
2025-07-21T09:45:00+05:30,24939.8,24952.3,24930.95,24952.3,0
2025-07-21T09:46:00+05:30,24952.7,24954.4,24949.65,24952.6,0
2025-07-21T09:47:00+05:30,24952.5,24978.0,24952.5,24976.3,0
2025-07-21T09:48:00+05:30,24977.5,24988.4,24973.95,24988.4,0
2025-07-21T09:49:00+05:30,24989.35,24998.2,24988.3,24996.4,0
2025-07-21T09:50:00+05:30,24996.8,25010.9,24995.25,25006.9,0
2025-07-21T09:51:00+05:30,25007.7,25013.3,25001.0,25002.3,0
2025-07-21T09:52:00+05:30,25002.2,25011.65,25001.9,25010.0,0
2025-07-21T09:53:00+05:30,25008.0,25010.0,25000.6,25005.0,0
2025-07-21T09:54:00+05:30,25006.0,25025.25,25002.85,25025.2,0
2025-07-21T09:55:00+05:30,25025.4,25049.1,25025.4,25047.9,0
2025-07-21T09:56:00+05:30,25048.45,25048.45,25033.85,25035.25,0
2025-07-21T09:57:00+05:30,25035.2,25045.6,25031.5,25042.75,0
2025-07-21T09:58:00+05:30,25043.3,25043.7,25037.05,25040.25,0
2025-07-21T09:59:00+05:30,25039.6,25042.3,25033.7,25035.25,0
2025-07-21T10:00:00+05:30,25033.95,25042.0,25032.55,25032.55,0
2025-07-21T10:01:00+05:30,25031.8,25035.25,25024.2,25030.85,0
2025-07-21T10:02:00+05:30,25031.7,25039.65,25027.75,25039.5,0
2025-07-21T10:03:00+05:30,25039.4,25042.75,25036.65,25038.55,0
2025-07-21T10:04:00+05:30,25038.5,25042.05,25036.1,25039.95,0
2025-07-21T10:05:00+05:30,25040.05,25046.05,25034.8,25036.3,0
2025-07-21T10:06:00+05:30,25036.2,25040.55,25033.75,25040.5,0
2025-07-21T10:07:00+05:30,25040.3,25043.85,25038.8,25042.2,0
2025-07-21T10:08:00+05:30,25042.1,25045.8,25040.85,25044.55,0
2025-07-21T10:09:00+05:30,25045.15,25057.05,25042.0,25055.8,0
2025-07-21T10:10:00+05:30,25055.55,25065.65,25055.5,25060.7,0
2025-07-21T10:11:00+05:30,25060.65,25069.4,25058.9,25069.3,0
2025-07-21T10:12:00+05:30,25070.2,25071.05,25063.35,25065.35,0
2025-07-21T10:13:00+05:30,25064.85,25065.2,25054.95,25055.55,0
2025-07-21T10:14:00+05:30,25056.25,25056.25,25047.9,25052.55,0
2025-07-21T10:15:00+05:30,25052.3,25054.95,25044.25,25044.5,0
2025-07-21T10:16:00+05:30,25043.5,25045.85,25040.6,25045.85,0
2025-07-21T10:17:00+05:30,25045.75,25053.8,25045.15,25051.35,0
2025-07-21T10:18:00+05:30,25050.7,25050.7,25045.7,25048.05,0
2025-07-21T10:19:00+05:30,25048.8,25054.1,25047.3,25052.8,0
2025-07-21T10:20:00+05:30,25053.45,25053.45,25046.9,25048.45,0
2025-07-21T10:21:00+05:30,25048.6,25051.95,25047.35,25048.7,0
2025-07-21T10:22:00+05:30,25048.4,25049.4,25039.25,25039.25,0
2025-07-21T10:23:00+05:30,25040.3,25043.2,25039.05,25041.6,0
2025-07-21T10:24:00+05:30,25041.35,25041.7,25035.9,25036.65,0
2025-07-21T10:25:00+05:30,25036.8,25047.1,25035.45,25047.1,0
2025-07-21T10:26:00+05:30,25046.65,25049.55,25044.65,25048.6,0
2025-07-21T10:27:00+05:30,25047.75,25052.35,25047.5,25049.75,0
2025-07-21T10:28:00+05:30,25049.9,25050.15,25041.4,25042.45,0
2025-07-21T10:29:00+05:30,25042.2,25046.0,25040.85,25044.45,0
2025-07-21T10:30:00+05:30,25045.15,25051.75,25043.2,25051.1,0
2025-07-21T10:31:00+05:30,25051.4,25060.15,25049.55,25059.6,0
2025-07-21T10:32:00+05:30,25060.15,25061.4,25057.6,25060.0,0
2025-07-21T10:33:00+05:30,25060.55,25063.4,25057.35,25060.45,0
2025-07-21T10:34:00+05:30,25060.5,25061.55,25054.45,25057.85,0
2025-07-21T10:35:00+05:30,25057.9,25061.95,25056.35,25061.5,0
2025-07-21T10:36:00+05:30,25061.35,25061.35,25052.8,25054.4,0
2025-07-21T10:37:00+05:30,25053.85,25059.1,25052.3,25055.6,0
2025-07-21T10:38:00+05:30,25055.55,25055.65,25048.6,25050.55,0
2025-07-21T10:39:00+05:30,25050.6,25054.55,25048.45,25051.6,0
2025-07-21T10:40:00+05:30,25051.65,25056.8,25051.0,25056.75,0
2025-07-21T10:41:00+05:30,25056.15,25060.85,25055.5,25060.85,0
2025-07-21T10:42:00+05:30,25061.15,25061.65,25054.8,25054.8,0
2025-07-21T10:43:00+05:30,25054.5,25054.5,25047.0,25049.55,0
2025-07-21T10:44:00+05:30,25049.25,25054.05,25049.1,25051.4,0
2025-07-21T10:45:00+05:30,25051.05,25058.15,25050.35,25054.2,0
2025-07-21T10:46:00+05:30,25054.15,25054.5,25048.65,25050.8,0
2025-07-21T10:47:00+05:30,25050.85,25054.2,25049.55,25051.6,0
2025-07-21T10:48:00+05:30,25050.7,25052.1,25045.3,25047.2,0
2025-07-21T10:49:00+05:30,25047.7,25054.6,25046.1,25052.0,0
2025-07-21T10:50:00+05:30,25051.4,25052.55,25048.75,25050.25,0
2025-07-21T10:51:00+05:30,25051.15,25051.15,25039.0,25040.65,0
2025-07-21T10:52:00+05:30,25040.9,25042.7,25036.5,25038.65,0
2025-07-21T10:53:00+05:30,25038.5,25045.25,25038.25,25044.55,0
2025-07-21T10:54:00+05:30,25044.45,25049.75,25043.6,25049.75,0
2025-07-21T10:55:00+05:30,25049.95,25050.25,25047.1,25049.95,0
2025-07-21T10:56:00+05:30,25050.4,25057.3,25049.15,25057.3,0
2025-07-21T10:57:00+05:30,25056.6,25062.9,25054.9,25062.05,0
2025-07-21T10:58:00+05:30,25061.95,25066.4,25061.0,25064.3,0
2025-07-21T10:59:00+05:30,25064.15,25064.95,25058.45,25060.2,0
2025-07-21T11:00:00+05:30,25059.95,25065.9,25059.9,25062.75,0
2025-07-21T11:01:00+05:30,25062.35,25065.15,25059.8,25061.55,0
2025-07-21T11:02:00+05:30,25061.6,25062.0,25055.15,25056.1,0
2025-07-21T11:03:00+05:30,25055.85,25070.45,25054.95,25070.45,0
2025-07-21T11:04:00+05:30,25069.25,25070.45,25062.5,25063.95,0
2025-07-21T11:05:00+05:30,25064.3,25065.4,25062.15,25062.8,0
2025-07-21T11:06:00+05:30,25062.35,25067.95,25061.7,25066.0,0
2025-07-21T11:07:00+05:30,25066.2,25066.2,25062.45,25064.55,0
2025-07-21T11:08:00+05:30,25063.4,25067.6,25062.9,25067.6,0
2025-07-21T11:09:00+05:30,25067.25,25079.5,25066.1,25074.95,0
2025-07-21T11:10:00+05:30,25074.7,25077.0,25071.0,25071.0,0
2025-07-21T11:11:00+05:30,25071.05,25071.45,25065.9,25069.2,0
2025-07-21T11:12:00+05:30,25068.5,25072.95,25068.5,25070.0,0
2025-07-21T11:13:00+05:30,25069.9,25069.95,25063.2,25063.2,0
2025-07-21T11:14:00+05:30,25063.15,25066.65,25061.8,25065.7,0
2025-07-21T11:15:00+05:30,25065.55,25066.85,25062.6,25065.4,0
2025-07-21T11:16:00+05:30,25066.2,25071.3,25064.85,25070.85,0
2025-07-21T11:17:00+05:30,25070.55,25070.8,25066.3,25067.85,0
2025-07-21T11:18:00+05:30,25067.8,25068.5,25062.95,25063.3,0
2025-07-21T11:19:00+05:30,25063.1,25064.35,25061.2,25061.3,0
2025-07-21T11:20:00+05:30,25061.65,25064.15,25060.25,25064.15,0
2025-07-21T11:21:00+05:30,25063.95,25066.05,25058.1,25058.85,0
2025-07-21T11:22:00+05:30,25057.8,25060.45,25056.8,25059.2,0
2025-07-21T11:23:00+05:30,25058.5,25060.8,25057.9,25060.8,0
2025-07-21T11:24:00+05:30,25060.4,25060.6,25056.0,25056.2,0
2025-07-21T11:25:00+05:30,25055.2,25058.35,25054.25,25057.7,0
2025-07-21T11:26:00+05:30,25057.65,25058.6,25056.55,25057.8,0
2025-07-21T11:27:00+05:30,25057.35,25060.25,25055.65,25057.55,0
2025-07-21T11:28:00+05:30,25057.65,25057.95,25055.6,25057.7,0
2025-07-21T11:29:00+05:30,25057.85,25059.05,25052.3,25053.55,0
2025-07-21T11:30:00+05:30,25053.25,25059.45,25052.6,25058.95,0
2025-07-21T11:31:00+05:30,25059.25,25060.35,25056.85,25059.95,0
2025-07-21T11:32:00+05:30,25059.8,25064.7,25058.95,25062.25,0
2025-07-21T11:33:00+05:30,25062.05,25062.6,25057.6,25062.1,0
2025-07-21T11:34:00+05:30,25062.3,25065.85,25061.4,25064.55,0
2025-07-21T11:35:00+05:30,25064.75,25066.75,25061.5,25061.5,0
2025-07-21T11:36:00+05:30,25061.25,25061.85,25058.9,25059.25,0
2025-07-21T11:37:00+05:30,25059.05,25059.35,25053.05,25054.8,0
2025-07-21T11:38:00+05:30,25055.3,25055.75,25047.4,25047.75,0
2025-07-21T11:39:00+05:30,25046.7,25047.1,25042.35,25043.4,0
2025-07-21T11:40:00+05:30,25043.1,25045.9,25041.75,25043.1,0
2025-07-21T11:41:00+05:30,25043.3,25045.9,25042.45,25042.45,0
2025-07-21T11:42:00+05:30,25043.0,25043.0,25020.7,25020.7,0
2025-07-21T11:43:00+05:30,25020.45,25020.55,25000.1,25000.8,0
2025-07-21T11:44:00+05:30,25000.5,25020.85,25000.25,25019.1,0
2025-07-21T11:45:00+05:30,25019.25,25021.25,25017.1,25020.25,0
2025-07-21T11:46:00+05:30,25020.3,25029.1,25019.45,25028.8,0
2025-07-21T11:47:00+05:30,25028.75,25029.2,25024.85,25024.9,0
2025-07-21T11:48:00+05:30,25025.1,25025.7,25015.75,25017.0,0
2025-07-21T11:49:00+05:30,25016.25,25016.9,25009.55,25015.0,0
2025-07-21T11:50:00+05:30,25015.05,25020.7,25014.05,25020.05,0
2025-07-21T11:51:00+05:30,25019.4,25024.65,25018.8,25023.3,0
2025-07-21T11:52:00+05:30,25024.1,25026.7,25022.9,25023.65,0
2025-07-21T11:53:00+05:30,25024.0,25029.15,25022.9,25029.15,0
2025-07-21T11:54:00+05:30,25029.4,25029.4,25024.25,25025.3,0
2025-07-21T11:55:00+05:30,25025.85,25040.95,25025.15,25039.45,0
2025-07-21T11:56:00+05:30,25039.6,25041.15,25037.5,25038.5,0
2025-07-21T11:57:00+05:30,25038.55,25038.85,25033.95,25037.55,0
2025-07-21T11:58:00+05:30,25036.65,25039.7,25035.8,25039.4,0
2025-07-21T11:59:00+05:30,25038.65,25043.6,25037.85,25042.75,0
2025-07-21T12:00:00+05:30,25043.4,25047.5,25041.95,25042.3,0
2025-07-21T12:01:00+05:30,25041.5,25041.95,25037.55,25038.7,0
2025-07-21T12:02:00+05:30,25038.5,25039.8,25034.75,25035.1,0
2025-07-21T12:03:00+05:30,25035.2,25040.35,25034.45,25039.75,0
2025-07-21T12:04:00+05:30,25039.8,25039.8,25033.2,25033.6,0
2025-07-21T12:05:00+05:30,25034.0,25037.95,25033.2,25037.7,0
2025-07-21T12:06:00+05:30,25037.9,25039.05,25035.6,25035.75,0
2025-07-21T12:07:00+05:30,25035.5,25040.45,25033.85,25040.0,0
2025-07-21T12:08:00+05:30,25039.1,25039.95,25033.9,25036.4,0
2025-07-21T12:09:00+05:30,25036.55,25039.95,25035.95,25038.7,0
2025-07-21T12:10:00+05:30,25038.75,25044.9,25038.2,25044.75,0
2025-07-21T12:11:00+05:30,25044.3,25047.45,25043.75,25045.1,0
2025-07-21T12:12:00+05:30,25044.65,25045.1,25039.5,25040.7,0
2025-07-21T12:13:00+05:30,25040.5,25042.45,25039.4,25041.15,0
2025-07-21T12:14:00+05:30,25041.65,25045.65,25040.15,25044.75,0
2025-07-21T12:15:00+05:30,25044.45,25045.0,25042.35,25043.0,0
2025-07-21T12:16:00+05:30,25043.45,25043.55,25030.5,25031.8,0
2025-07-21T12:17:00+05:30,25032.0,25035.95,25028.1,25035.6,0
2025-07-21T12:18:00+05:30,25035.65,25036.0,25029.9,25031.05,0
2025-07-21T12:19:00+05:30,25031.4,25040.3,25031.0,25038.65,0
2025-07-21T12:20:00+05:30,25039.45,25048.2,25038.35,25046.45,0
2025-07-21T12:21:00+05:30,25046.1,25048.45,25044.9,25047.7,0
2025-07-21T12:22:00+05:30,25047.35,25048.5,25043.45,25044.75,0
2025-07-21T12:23:00+05:30,25044.8,25049.9,25044.5,25049.05,0
2025-07-21T12:24:00+05:30,25049.55,25049.7,25044.45,25044.6,0
2025-07-21T12:25:00+05:30,25044.9,25049.45,25044.5,25048.75,0
2025-07-21T12:26:00+05:30,25048.35,25049.7,25046.15,25048.55,0
2025-07-21T12:27:00+05:30,25048.6,25050.7,25045.5,25046.8,0
2025-07-21T12:28:00+05:30,25046.55,25048.05,25044.75,25045.45,0
2025-07-21T12:29:00+05:30,25045.7,25045.95,25029.0,25029.0,0
2025-07-21T12:30:00+05:30,25029.35,25029.35,25010.0,25010.4,0
2025-07-21T12:31:00+05:30,25010.7,25030.7,25010.7,25030.25,0
2025-07-21T12:32:00+05:30,25030.9,25035.95,25029.8,25035.8,0
2025-07-21T12:33:00+05:30,25036.05,25038.1,25032.95,25037.35,0
2025-07-21T12:34:00+05:30,25037.2,25043.75,25037.2,25041.6,0
2025-07-21T12:35:00+05:30,25041.65,25044.45,25040.8,25041.1,0
2025-07-21T12:36:00+05:30,25041.2,25043.3,25040.65,25041.95,0
2025-07-21T12:37:00+05:30,25041.7,25044.4,25041.25,25043.35,0
2025-07-21T12:38:00+05:30,25044.2,25044.35,25041.85,25044.05,0
2025-07-21T12:39:00+05:30,25044.1,25044.1,25041.05,25041.8,0
2025-07-21T12:40:00+05:30,25042.45,25043.85,25039.65,25040.65,0
2025-07-21T12:41:00+05:30,25041.0,25042.75,25038.7,25041.75,0
2025-07-21T12:42:00+05:30,25042.2,25044.85,25040.4,25043.4,0
2025-07-21T12:43:00+05:30,25044.2,25045.7,25041.45,25042.4,0
2025-07-21T12:44:00+05:30,25042.45,25047.15,25041.6,25045.8,0
2025-07-21T12:45:00+05:30,25045.9,25049.85,25045.05,25049.45,0
2025-07-21T12:46:00+05:30,25049.75,25053.25,25048.2,25052.85,0
2025-07-21T12:47:00+05:30,25053.3,25053.3,25051.25,25052.3,0
2025-07-21T12:48:00+05:30,25053.2,25056.0,25052.2,25055.2,0
2025-07-21T12:49:00+05:30,25054.45,25056.2,25053.15,25054.7,0
2025-07-21T12:50:00+05:30,25055.5,25056.75,25052.45,25052.65,0
2025-07-21T12:51:00+05:30,25053.6,25056.75,25053.2,25053.4,0
2025-07-21T12:52:00+05:30,25054.65,25054.65,25046.85,25048.75,0
2025-07-21T12:53:00+05:30,25048.95,25051.65,25045.9,25045.9,0
2025-07-21T12:54:00+05:30,25047.25,25049.2,25044.3,25047.35,0
2025-07-21T12:55:00+05:30,25047.9,25050.05,25044.95,25045.65,0
2025-07-21T12:56:00+05:30,25045.6,25046.25,25042.35,25043.55,0
2025-07-21T12:57:00+05:30,25044.85,25046.55,25043.25,25044.0,0
2025-07-21T12:58:00+05:30,25044.75,25044.75,25040.3,25042.65,0
2025-07-21T12:59:00+05:30,25043.4,25043.4,25039.45,25039.75,0
2025-07-21T13:00:00+05:30,25040.7,25045.9,25039.3,25044.05,0
2025-07-21T13:01:00+05:30,25044.7,25047.6,25043.9,25046.95,0
2025-07-21T13:02:00+05:30,25047.8,25050.55,25046.5,25047.35,0
2025-07-21T13:03:00+05:30,25047.55,25048.45,25045.8,25047.25,0
2025-07-21T13:04:00+05:30,25048.15,25050.3,25046.5,25049.05,0
2025-07-21T13:05:00+05:30,25049.1,25054.3,25048.6,25053.4,0
2025-07-21T13:06:00+05:30,25053.65,25055.1,25050.5,25051.25,0
2025-07-21T13:07:00+05:30,25051.6,25052.95,25048.5,25052.95,0
2025-07-21T13:08:00+05:30,25053.0,25056.3,25051.95,25056.1,0
2025-07-21T13:09:00+05:30,25055.25,25059.2,25055.25,25056.7,0
2025-07-21T13:10:00+05:30,25057.9,25058.95,25054.15,25054.6,0
2025-07-21T13:11:00+05:30,25054.9,25054.9,25050.2,25051.15,0
2025-07-21T13:12:00+05:30,25051.45,25051.45,25044.8,25044.8,0
2025-07-21T13:13:00+05:30,25046.2,25046.7,25042.2,25042.75,0
2025-07-21T13:14:00+05:30,25043.8,25049.2,25041.6,25046.75,0
2025-07-21T13:15:00+05:30,25047.55,25047.75,25040.85,25040.85,0
2025-07-21T13:16:00+05:30,25041.25,25045.05,25039.95,25044.0,0
2025-07-21T13:17:00+05:30,25045.3,25049.8,25044.35,25045.3,0
2025-07-21T13:18:00+05:30,25046.75,25046.75,25043.7,25043.7,0
2025-07-21T13:19:00+05:30,25045.15,25051.95,25043.45,25048.8,0
2025-07-21T13:20:00+05:30,25049.7,25049.7,25043.8,25044.2,0
2025-07-21T13:21:00+05:30,25044.7,25045.9,25043.0,25045.35,0
2025-07-21T13:22:00+05:30,25045.4,25048.5,25043.75,25046.95,0
2025-07-21T13:23:00+05:30,25046.8,25046.8,25040.65,25041.65,0
2025-07-21T13:24:00+05:30,25041.8,25043.3,25040.4,25041.3,0
2025-07-21T13:25:00+05:30,25042.25,25042.8,25037.35,25037.8,0
2025-07-21T13:26:00+05:30,25038.9,25045.4,25038.1,25044.55,0
2025-07-21T13:27:00+05:30,25044.5,25046.5,25042.15,25045.55,0
2025-07-21T13:28:00+05:30,25045.95,25046.8,25044.55,25046.15,0
2025-07-21T13:29:00+05:30,25046.4,25046.55,25043.25,25044.4,0
2025-07-21T13:30:00+05:30,25044.35,25045.2,25041.9,25044.95,0
2025-07-21T13:31:00+05:30,25045.65,25046.65,25043.95,25045.8,0
2025-07-21T13:32:00+05:30,25045.15,25049.4,25044.25,25047.95,0
2025-07-21T13:33:00+05:30,25048.7,25050.75,25047.05,25049.1,0
2025-07-21T13:34:00+05:30,25049.45,25051.5,25047.65,25050.85,0
2025-07-21T13:35:00+05:30,25051.75,25052.8,25050.25,25051.05,0
2025-07-21T13:36:00+05:30,25051.8,25051.8,25046.35,25046.9,0
2025-07-21T13:37:00+05:30,25047.5,25053.1,25046.1,25052.35,0
2025-07-21T13:38:00+05:30,25051.15,25052.15,25046.35,25046.85,0
2025-07-21T13:39:00+05:30,25047.7,25047.7,25043.65,25045.95,0
2025-07-21T13:40:00+05:30,25046.95,25048.5,25045.25,25048.5,0
2025-07-21T13:41:00+05:30,25048.8,25051.3,25048.25,25049.05,0
2025-07-21T13:42:00+05:30,25049.5,25049.8,25045.45,25045.6,0
2025-07-21T13:43:00+05:30,25046.2,25048.0,25042.3,25043.3,0
2025-07-21T13:44:00+05:30,25044.15,25044.15,25040.5,25041.85,0
2025-07-21T13:45:00+05:30,25042.7,25044.8,25038.0,25039.35,0
2025-07-21T13:46:00+05:30,25039.55,25042.45,25037.05,25038.4,0
2025-07-21T13:47:00+05:30,25039.2,25039.2,25030.8,25031.35,0
2025-07-21T13:48:00+05:30,25032.2,25036.25,25030.35,25033.75,0
2025-07-21T13:49:00+05:30,25035.9,25035.9,25031.65,25032.75,0
2025-07-21T13:50:00+05:30,25033.9,25033.9,25027.8,25028.2,0
2025-07-21T13:51:00+05:30,25029.05,25029.05,25023.35,25023.5,0
2025-07-21T13:52:00+05:30,25024.7,25024.7,25018.25,25020.2,0
2025-07-21T13:53:00+05:30,25021.25,25024.6,25019.65,25023.4,0
2025-07-21T13:54:00+05:30,25024.35,25024.9,25021.7,25021.7,0
2025-07-21T13:55:00+05:30,25022.55,25026.25,25020.35,25024.4,0
2025-07-21T13:56:00+05:30,25024.45,25025.05,25020.05,25024.15,0
2025-07-21T13:57:00+05:30,25024.85,25024.85,25009.55,25009.55,0
2025-07-21T13:58:00+05:30,25009.6,25010.7,24988.1,24991.7,0
2025-07-21T13:59:00+05:30,24991.2,25012.55,24991.2,25012.35,0
2025-07-21T14:00:00+05:30,25012.4,25013.65,25010.5,25010.75,0
2025-07-21T14:01:00+05:30,25010.55,25011.6,25007.75,25008.3,0
2025-07-21T14:02:00+05:30,25008.15,25009.6,25006.6,25008.25,0
2025-07-21T14:03:00+05:30,25008.15,25020.65,25007.1,25019.95,0
2025-07-21T14:04:00+05:30,25020.55,25024.9,25020.15,25022.5,0
2025-07-21T14:05:00+05:30,25022.55,25023.45,25019.55,25020.9,0
2025-07-21T14:06:00+05:30,25020.45,25023.95,25019.9,25022.75,0
2025-07-21T14:07:00+05:30,25022.55,25027.45,25021.3,25026.25,0
2025-07-21T14:08:00+05:30,25026.9,25028.25,25024.35,25027.05,0
2025-07-21T14:09:00+05:30,25026.6,25029.6,25026.05,25027.35,0
2025-07-21T14:10:00+05:30,25027.45,25033.3,25026.55,25032.35,0
2025-07-21T14:11:00+05:30,25032.55,25034.95,25030.95,25033.65,0
2025-07-21T14:12:00+05:30,25033.55,25034.4,25026.25,25026.25,0
2025-07-21T14:13:00+05:30,25026.85,25029.65,25023.05,25024.55,0
2025-07-21T14:14:00+05:30,25024.0,25026.1,25022.15,25024.9,0
2025-07-21T14:15:00+05:30,25024.55,25026.95,25023.55,25023.8,0
2025-07-21T14:16:00+05:30,25023.55,25029.15,25022.35,25027.2,0
2025-07-21T14:17:00+05:30,25027.5,25028.2,25023.8,25024.8,0
2025-07-21T14:18:00+05:30,25024.75,25030.85,25024.4,25029.85,0
2025-07-21T14:19:00+05:30,25030.35,25030.9,25027.4,25029.35,0
2025-07-21T14:20:00+05:30,25029.55,25030.85,25027.7,25029.4,0
2025-07-21T14:21:00+05:30,25029.7,25039.95,25029.0,25035.75,0
2025-07-21T14:22:00+05:30,25036.25,25037.55,25033.0,25035.75,0
2025-07-21T14:23:00+05:30,25035.5,25036.65,25032.35,25034.95,0
2025-07-21T14:24:00+05:30,25034.5,25038.55,25034.2,25037.8,0
2025-07-21T14:25:00+05:30,25037.1,25038.4,25031.4,25032.55,0
2025-07-21T14:26:00+05:30,25032.45,25034.9,25032.1,25033.05,0
2025-07-21T14:27:00+05:30,25033.85,25034.2,25030.25,25032.6,0
2025-07-21T14:28:00+05:30,25032.8,25034.2,25030.45,25033.5,0
2025-07-21T14:29:00+05:30,25032.85,25035.1,25031.55,25032.75,0
2025-07-21T14:30:00+05:30,25032.85,25036.0,25031.85,25034.3,0
2025-07-21T14:31:00+05:30,25034.5,25035.95,25031.3,25031.9,0
2025-07-21T14:32:00+05:30,25031.7,25032.0,25028.3,25030.15,0
2025-07-21T14:33:00+05:30,25030.05,25031.75,25027.45,25028.6,0
2025-07-21T14:34:00+05:30,25028.4,25029.45,25027.0,25027.85,0
2025-07-21T14:35:00+05:30,25027.8,25028.4,25017.25,25017.8,0
2025-07-21T14:36:00+05:30,25017.15,25017.25,25000.0,25000.75,0
2025-07-21T14:37:00+05:30,25001.3,25017.35,25001.3,25014.5,0
2025-07-21T14:38:00+05:30,25013.3,25017.9,25010.35,25016.05,0
2025-07-21T14:39:00+05:30,25016.25,25018.35,25012.95,25016.35,0
2025-07-21T14:40:00+05:30,25015.6,25018.0,25014.5,25015.5,0
2025-07-21T14:41:00+05:30,25015.2,25020.8,25015.2,25019.6,0
2025-07-21T14:42:00+05:30,25019.65,25023.75,25017.65,25022.75,0
2025-07-21T14:43:00+05:30,25022.6,25026.35,25021.75,25025.4,0
2025-07-21T14:44:00+05:30,25025.35,25031.75,25025.25,25030.7,0
2025-07-21T14:45:00+05:30,25030.55,25034.85,25029.55,25032.5,0
2025-07-21T14:46:00+05:30,25032.75,25034.4,25031.05,25033.1,0
2025-07-21T14:47:00+05:30,25033.25,25035.9,25032.25,25034.0,0
2025-07-21T14:48:00+05:30,25034.25,25035.55,25032.55,25032.85,0
2025-07-21T14:49:00+05:30,25032.7,25035.25,25032.15,25033.75,0
2025-07-21T14:50:00+05:30,25033.8,25038.3,25032.75,25038.3,0
2025-07-21T14:51:00+05:30,25038.0,25038.95,25033.75,25035.15,0
2025-07-21T14:52:00+05:30,25036.2,25041.1,25034.3,25039.7,0
2025-07-21T14:53:00+05:30,25039.75,25045.05,25039.7,25040.8,0
2025-07-21T14:54:00+05:30,25041.5,25042.05,25035.35,25039.8,0
2025-07-21T14:55:00+05:30,25039.6,25044.2,25038.55,25042.5,0
2025-07-21T14:56:00+05:30,25042.55,25046.75,25041.2,25045.7,0
2025-07-21T14:57:00+05:30,25045.45,25048.9,25044.9,25047.3,0
2025-07-21T14:58:00+05:30,25047.7,25049.65,25046.6,25047.75,0
2025-07-21T14:59:00+05:30,25047.85,25050.95,25046.45,25050.45,0
2025-07-21T15:00:00+05:30,25050.85,25074.0,25050.85,25073.2,0
2025-07-21T15:01:00+05:30,25074.8,25077.95,25071.9,25075.1,0
2025-07-21T15:02:00+05:30,25075.8,25078.2,25073.85,25077.55,0
2025-07-21T15:03:00+05:30,25078.05,25079.2,25075.0,25077.25,0
2025-07-21T15:04:00+05:30,25078.55,25082.55,25076.1,25081.8,0
2025-07-21T15:05:00+05:30,25082.8,25084.75,25078.95,25080.8,0
2025-07-21T15:06:00+05:30,25082.1,25084.05,25080.55,25082.65,0
2025-07-21T15:07:00+05:30,25083.35,25085.65,25079.25,25079.25,0
2025-07-21T15:08:00+05:30,25081.35,25081.9,25076.95,25079.6,0
2025-07-21T15:09:00+05:30,25081.2,25082.35,25070.35,25076.5,0
2025-07-21T15:10:00+05:30,25078.8,25079.4,25073.15,25078.15,0
2025-07-21T15:11:00+05:30,25080.0,25085.3,25078.9,25082.7,0
2025-07-21T15:12:00+05:30,25084.45,25085.95,25082.25,25084.2,0
2025-07-21T15:13:00+05:30,25085.8,25089.75,25083.0,25087.5,0
2025-07-21T15:14:00+05:30,25089.4,25091.15,25086.35,25088.1,0
2025-07-21T15:15:00+05:30,25089.85,25093.45,25086.15,25087.55,0
2025-07-21T15:16:00+05:30,25090.4,25090.55,25084.25,25085.25,0
2025-07-21T15:17:00+05:30,25086.85,25088.8,25084.5,25087.75,0
2025-07-21T15:18:00+05:30,25090.6,25094.0,25086.6,25092.35,0
2025-07-21T15:19:00+05:30,25093.35,25096.75,25089.95,25094.75,0
2025-07-21T15:20:00+05:30,25096.4,25106.2,25094.7,25104.9,0
2025-07-21T15:21:00+05:30,25106.2,25107.15,25103.15,25104.4,0
2025-07-21T15:22:00+05:30,25105.8,25108.3,25103.25,25106.6,0
2025-07-21T15:23:00+05:30,25108.15,25111.4,25105.45,25108.3,0
2025-07-21T15:24:00+05:30,25110.45,25110.45,25098.75,25098.95,0
2025-07-21T15:25:00+05:30,25101.6,25103.9,25098.5,25102.05,0
2025-07-21T15:26:00+05:30,25103.3,25104.7,25099.35,25101.9,0
2025-07-21T15:27:00+05:30,25103.25,25107.0,25099.75,25100.65,0
2025-07-21T15:28:00+05:30,25101.95,25102.65,25094.6,25097.3,0
2025-07-21T15:29:00+05:30,25096.65,25101.55,25089.85,25093.3,0
2025-07-22T09:15:00+05:30,25166.65,25182.0,25128.8,25150.95,0
2025-07-22T09:16:00+05:30,25150.35,25165.35,25150.35,25157.85,0
2025-07-22T09:17:00+05:30,25158.5,25165.3,25157.05,25161.6,0
2025-07-22T09:18:00+05:30,25162.35,25162.35,25140.25,25144.25,0
2025-07-22T09:19:00+05:30,25144.55,25144.55,25130.4,25131.75,0
2025-07-22T09:20:00+05:30,25129.55,25133.3,25121.5,25121.95,0
2025-07-22T09:21:00+05:30,25122.7,25135.25,25115.6,25135.25,0
2025-07-22T09:22:00+05:30,25135.0,25136.4,25124.7,25136.4,0
2025-07-22T09:23:00+05:30,25136.15,25136.45,25127.7,25133.75,0
2025-07-22T09:24:00+05:30,25132.5,25139.75,25127.85,25139.55,0
2025-07-22T09:25:00+05:30,25139.15,25145.65,25126.3,25126.3,0
2025-07-22T09:26:00+05:30,25126.25,25126.45,25119.9,25124.25,0
2025-07-22T09:27:00+05:30,25125.4,25127.45,25120.8,25127.25,0
2025-07-22T09:28:00+05:30,25127.6,25133.7,25124.25,25131.6,0
2025-07-22T09:29:00+05:30,25131.75,25132.3,25124.0,25124.0,0
2025-07-22T09:30:00+05:30,25124.85,25126.9,25112.95,25124.75,0
2025-07-22T09:31:00+05:30,25125.65,25136.65,25121.85,25130.55,0
2025-07-22T09:32:00+05:30,25129.85,25138.6,25125.6,25138.15,0
2025-07-22T09:33:00+05:30,25136.9,25140.95,25129.35,25130.45,0
2025-07-22T09:34:00+05:30,25130.2,25131.7,25114.85,25119.05,0
2025-07-22T09:35:00+05:30,25120.2,25121.85,25110.6,25112.85,0
2025-07-22T09:36:00+05:30,25113.15,25122.55,25108.7,25122.35,0
2025-07-22T09:37:00+05:30,25122.15,25123.15,25116.2,25116.9,0
2025-07-22T09:38:00+05:30,25115.75,25118.95,25102.7,25105.2,0
2025-07-22T09:39:00+05:30,25105.6,25109.15,25102.25,25108.1,0
2025-07-22T09:40:00+05:30,25108.55,25110.15,25103.25,25103.35,0
2025-07-22T09:41:00+05:30,25102.3,25103.5,25097.35,25102.25,0
2025-07-22T09:42:00+05:30,25102.7,25102.7,25091.1,25096.15,0
2025-07-22T09:43:00+05:30,25096.35,25098.2,25089.4,25094.55,0
2025-07-22T09:44:00+05:30,25094.75,25110.75,25093.65,25109.2,0
2025-07-22T09:45:00+05:30,25110.45,25113.05,25105.8,25110.65,0
2025-07-22T09:46:00+05:30,25110.5,25123.05,25110.3,25122.65,0
2025-07-22T09:47:00+05:30,25122.8,25131.6,25121.4,25122.5,0
2025-07-22T09:48:00+05:30,25124.1,25124.25,25114.9,25119.85,0
2025-07-22T09:49:00+05:30,25120.15,25123.15,25116.95,25117.9,0
2025-07-22T09:50:00+05:30,25117.6,25124.5,25116.65,25123.9,0
2025-07-22T09:51:00+05:30,25124.55,25125.9,25117.15,25118.3,0
2025-07-22T09:52:00+05:30,25117.4,25120.4,25115.2,25118.55,0
2025-07-22T09:53:00+05:30,25119.5,25122.65,25118.8,25120.25,0
2025-07-22T09:54:00+05:30,25120.55,25120.55,25113.35,25113.75,0
2025-07-22T09:55:00+05:30,25114.2,25115.0,25104.55,25105.7,0
2025-07-22T09:56:00+05:30,25105.95,25106.45,25102.65,25103.8,0
2025-07-22T09:57:00+05:30,25103.7,25110.0,25096.85,25097.65,0
2025-07-22T09:58:00+05:30,25096.6,25099.05,25090.7,25090.85,0
2025-07-22T09:59:00+05:30,25090.7,25100.2,25090.7,25097.55,0
2025-07-22T10:00:00+05:30,25098.25,25103.25,25094.6,25096.0,0
2025-07-22T10:01:00+05:30,25096.3,25102.2,25093.65,25101.75,0
2025-07-22T10:02:00+05:30,25101.9,25102.25,25090.0,25092.05,0
2025-07-22T10:03:00+05:30,25091.85,25095.0,25090.25,25095.0,0
2025-07-22T10:04:00+05:30,25095.45,25096.4,25092.85,25095.45,0
2025-07-22T10:05:00+05:30,25094.2,25094.5,25085.6,25089.0,0
2025-07-22T10:06:00+05:30,25089.15,25102.65,25088.9,25101.7,0
2025-07-22T10:07:00+05:30,25102.7,25102.7,25098.15,25099.9,0
2025-07-22T10:08:00+05:30,25099.7,25099.95,25092.45,25094.85,0
2025-07-22T10:09:00+05:30,25094.05,25094.9,25092.15,25092.7,0
2025-07-22T10:10:00+05:30,25092.8,25099.95,25092.4,25098.75,0
2025-07-22T10:11:00+05:30,25099.0,25108.0,25097.85,25106.9,0
2025-07-22T10:12:00+05:30,25107.4,25111.4,25106.25,25107.65,0
2025-07-22T10:13:00+05:30,25106.95,25111.05,25106.95,25108.55,0
2025-07-22T10:14:00+05:30,25109.05,25111.5,25107.15,25111.05,0
2025-07-22T10:15:00+05:30,25111.3,25115.3,25107.35,25115.3,0
2025-07-22T10:16:00+05:30,25114.9,25114.9,25106.9,25107.25,0
2025-07-22T10:17:00+05:30,25107.75,25109.1,25104.45,25107.05,0
2025-07-22T10:18:00+05:30,25107.35,25116.05,25105.5,25113.95,0
2025-07-22T10:19:00+05:30,25114.5,25121.25,25114.0,25118.75,0
2025-07-22T10:20:00+05:30,25118.8,25123.8,25118.0,25120.4,0
2025-07-22T10:21:00+05:30,25118.85,25120.05,25114.75,25119.3,0
2025-07-22T10:22:00+05:30,25119.75,25122.9,25116.0,25119.7,0
2025-07-22T10:23:00+05:30,25118.4,25121.0,25117.45,25119.4,0
2025-07-22T10:24:00+05:30,25119.65,25121.7,25117.25,25119.95,0
2025-07-22T10:25:00+05:30,25119.7,25121.8,25115.7,25115.7,0
2025-07-22T10:26:00+05:30,25115.55,25119.4,25113.4,25116.95,0
2025-07-22T10:27:00+05:30,25116.45,25116.45,25108.6,25111.05,0
2025-07-22T10:28:00+05:30,25110.5,25112.2,25108.7,25110.15,0
2025-07-22T10:29:00+05:30,25110.75,25110.75,25100.5,25102.0,0
2025-07-22T10:30:00+05:30,25102.05,25102.45,25097.45,25099.3,0
2025-07-22T10:31:00+05:30,25099.7,25105.65,25099.3,25105.2,0
2025-07-22T10:32:00+05:30,25104.8,25105.85,25097.55,25100.6,0
2025-07-22T10:33:00+05:30,25099.6,25102.65,25097.7,25097.7,0
2025-07-22T10:34:00+05:30,25098.25,25099.8,25097.35,25097.8,0
2025-07-22T10:35:00+05:30,25098.2,25101.7,25096.35,25100.35,0
2025-07-22T10:36:00+05:30,25100.15,25104.8,25099.65,25101.25,0
2025-07-22T10:37:00+05:30,25102.15,25103.1,25094.7,25094.7,0
2025-07-22T10:38:00+05:30,25094.75,25097.8,25092.85,25095.5,0
2025-07-22T10:39:00+05:30,25094.6,25097.85,25091.95,25095.0,0
2025-07-22T10:40:00+05:30,25094.9,25097.7,25092.15,25092.95,0
2025-07-22T10:41:00+05:30,25092.35,25095.2,25091.6,25092.7,0
2025-07-22T10:42:00+05:30,25093.2,25093.6,25086.3,25090.55,0
2025-07-22T10:43:00+05:30,25090.3,25091.7,25086.85,25090.5,0
2025-07-22T10:44:00+05:30,25090.7,25090.7,25086.4,25087.85,0
2025-07-22T10:45:00+05:30,25087.65,25087.85,25076.5,25082.4,0
2025-07-22T10:46:00+05:30,25082.05,25092.4,25081.05,25092.4,0
2025-07-22T10:47:00+05:30,25091.9,25100.05,25091.2,25098.25,0
2025-07-22T10:48:00+05:30,25096.8,25099.0,25096.2,25096.9,0
2025-07-22T10:49:00+05:30,25097.0,25097.75,25094.65,25096.3,0
2025-07-22T10:50:00+05:30,25096.8,25100.2,25095.2,25099.3,0
2025-07-22T10:51:00+05:30,25098.9,25099.95,25097.0,25097.95,0
2025-07-22T10:52:00+05:30,25098.3,25098.95,25090.05,25090.25,0
2025-07-22T10:53:00+05:30,25089.5,25093.7,25086.1,25093.15,0
2025-07-22T10:54:00+05:30,25093.0,25094.3,25092.05,25092.05,0
2025-07-22T10:55:00+05:30,25091.3,25094.15,25088.6,25088.6,0
2025-07-22T10:56:00+05:30,25088.95,25092.3,25087.75,25090.9,0
2025-07-22T10:57:00+05:30,25091.25,25092.6,25085.85,25086.9,0
2025-07-22T10:58:00+05:30,25086.5,25088.55,25085.05,25085.6,0
2025-07-22T10:59:00+05:30,25084.7,25086.55,25082.85,25085.85,0
2025-07-22T11:00:00+05:30,25086.25,25088.3,25080.85,25087.6,0
2025-07-22T11:01:00+05:30,25087.2,25087.45,25081.95,25082.6,0
2025-07-22T11:02:00+05:30,25082.4,25084.15,25079.85,25082.15,0
2025-07-22T11:03:00+05:30,25082.3,25082.45,25078.0,25078.85,0
2025-07-22T11:04:00+05:30,25078.8,25082.15,25078.25,25078.25,0
2025-07-22T11:05:00+05:30,25078.0,25078.0,25072.75,25073.35,0
2025-07-22T11:06:00+05:30,25072.55,25074.75,25058.2,25059.1,0
2025-07-22T11:07:00+05:30,25059.05,25063.65,25056.6,25063.65,0
2025-07-22T11:08:00+05:30,25064.5,25067.95,25060.7,25061.25,0
2025-07-22T11:09:00+05:30,25061.3,25061.3,25055.7,25056.05,0
2025-07-22T11:10:00+05:30,25056.1,25063.05,25055.1,25061.8,0
2025-07-22T11:11:00+05:30,25061.95,25067.15,25060.55,25066.1,0
2025-07-22T11:12:00+05:30,25065.7,25069.95,25064.15,25067.0,0
2025-07-22T11:13:00+05:30,25067.2,25067.4,25064.55,25065.8,0
2025-07-22T11:14:00+05:30,25065.95,25072.0,25064.8,25072.0,0
2025-07-22T11:15:00+05:30,25072.3,25072.45,25068.7,25070.55,0
2025-07-22T11:16:00+05:30,25070.25,25072.35,25067.85,25070.7,0
2025-07-22T11:17:00+05:30,25070.2,25070.2,25064.35,25065.3,0
2025-07-22T11:18:00+05:30,25065.15,25066.05,25058.1,25059.2,0
2025-07-22T11:19:00+05:30,25058.85,25058.85,25047.15,25048.75,0
2025-07-22T11:20:00+05:30,25049.35,25057.05,25047.0,25055.0,0
2025-07-22T11:21:00+05:30,25054.8,25057.8,25053.65,25057.0,0
2025-07-22T11:22:00+05:30,25056.4,25057.05,25051.45,25053.45,0
2025-07-22T11:23:00+05:30,25053.65,25062.75,25052.45,25062.55,0
2025-07-22T11:24:00+05:30,25062.65,25062.65,25057.25,25058.65,0
2025-07-22T11:25:00+05:30,25058.45,25063.0,25057.35,25061.15,0
2025-07-22T11:26:00+05:30,25061.0,25063.95,25058.65,25063.95,0
2025-07-22T11:27:00+05:30,25064.1,25064.6,25060.3,25061.6,0
2025-07-22T11:28:00+05:30,25061.55,25062.55,25057.75,25059.65,0
2025-07-22T11:29:00+05:30,25060.0,25063.35,25058.0,25060.45,0
2025-07-22T11:30:00+05:30,25060.95,25061.8,25057.15,25057.3,0
2025-07-22T11:31:00+05:30,25057.1,25060.75,25056.15,25060.45,0
2025-07-22T11:32:00+05:30,25060.55,25061.1,25057.15,25059.55,0
2025-07-22T11:33:00+05:30,25059.15,25059.3,25051.75,25052.0,0
2025-07-22T11:34:00+05:30,25051.85,25056.05,25048.75,25056.05,0
2025-07-22T11:35:00+05:30,25056.1,25059.6,25055.05,25057.85,0
2025-07-22T11:36:00+05:30,25056.75,25057.9,25054.2,25054.6,0
2025-07-22T11:37:00+05:30,25054.4,25059.05,25053.45,25058.15,0
2025-07-22T11:38:00+05:30,25058.65,25061.25,25056.25,25058.65,0
2025-07-22T11:39:00+05:30,25058.45,25058.85,25054.2,25055.45,0
2025-07-22T11:40:00+05:30,25055.3,25060.75,25053.85,25056.05,0
2025-07-22T11:41:00+05:30,25055.75,25061.15,25053.95,25061.15,0
2025-07-22T11:42:00+05:30,25060.6,25060.6,25056.65,25058.25,0
2025-07-22T11:43:00+05:30,25058.4,25063.4,25056.6,25061.95,0
2025-07-22T11:44:00+05:30,25061.9,25064.5,25060.3,25062.9,0
2025-07-22T11:45:00+05:30,25062.75,25064.35,25061.95,25063.85,0
2025-07-22T11:46:00+05:30,25063.65,25064.9,25059.9,25064.6,0
2025-07-22T11:47:00+05:30,25064.75,25066.55,25063.6,25065.85,0
2025-07-22T11:48:00+05:30,25066.05,25069.65,25065.35,25068.35,0
2025-07-22T11:49:00+05:30,25068.15,25071.0,25066.2,25070.65,0
2025-07-22T11:50:00+05:30,25070.55,25070.55,25046.65,25048.1,0
2025-07-22T11:51:00+05:30,25047.35,25047.35,25035.55,25038.75,0
2025-07-22T11:52:00+05:30,25044.55,25056.45,25042.8,25053.25,0
2025-07-22T11:53:00+05:30,25053.4,25058.05,25051.3,25056.9,0
2025-07-22T11:54:00+05:30,25057.5,25068.95,25056.35,25067.95,0
2025-07-22T11:55:00+05:30,25068.1,25076.85,25067.1,25076.35,0
2025-07-22T11:56:00+05:30,25075.8,25082.3,25075.8,25079.85,0
2025-07-22T11:57:00+05:30,25079.7,25082.0,25078.65,25079.4,0
2025-07-22T11:58:00+05:30,25080.1,25081.65,25076.75,25080.2,0
2025-07-22T11:59:00+05:30,25079.8,25086.65,25077.85,25085.35,0
2025-07-22T12:00:00+05:30,25085.8,25087.6,25082.5,25083.7,0
2025-07-22T12:01:00+05:30,25083.05,25085.35,25081.9,25083.95,0
2025-07-22T12:02:00+05:30,25082.8,25084.5,25082.4,25083.9,0
2025-07-22T12:03:00+05:30,25083.75,25085.5,25082.35,25082.9,0
2025-07-22T12:04:00+05:30,25082.65,25083.75,25079.15,25079.3,0
2025-07-22T12:05:00+05:30,25079.6,25084.15,25078.85,25083.45,0
2025-07-22T12:06:00+05:30,25082.85,25083.25,25079.15,25079.5,0
2025-07-22T12:07:00+05:30,25079.95,25080.55,25074.4,25075.1,0
2025-07-22T12:08:00+05:30,25075.25,25075.85,25072.1,25075.3,0
2025-07-22T12:09:00+05:30,25075.25,25077.4,25072.5,25074.85,0
2025-07-22T12:10:00+05:30,25075.1,25078.0,25073.85,25077.95,0
2025-07-22T12:11:00+05:30,25077.55,25080.55,25076.15,25077.95,0
2025-07-22T12:12:00+05:30,25077.8,25078.6,25073.05,25074.4,0
2025-07-22T12:13:00+05:30,25074.9,25076.9,25073.8,25076.55,0
2025-07-22T12:14:00+05:30,25076.0,25077.05,25074.15,25075.1,0
2025-07-22T12:15:00+05:30,25075.6,25077.2,25071.1,25076.05,0
2025-07-22T12:16:00+05:30,25075.65,25077.75,25074.95,25075.9,0
2025-07-22T12:17:00+05:30,25075.7,25078.05,25074.65,25075.65,0
2025-07-22T12:18:00+05:30,25075.6,25080.9,25074.75,25080.35,0
2025-07-22T12:19:00+05:30,25080.15,25085.25,25078.75,25084.45,0
2025-07-22T12:20:00+05:30,25084.6,25085.65,25082.25,25083.3,0
2025-07-22T12:21:00+05:30,25083.8,25090.9,25082.0,25090.3,0
2025-07-22T12:22:00+05:30,25090.95,25093.35,25089.65,25092.65,0
2025-07-22T12:23:00+05:30,25092.0,25099.7,25091.85,25098.8,0
2025-07-22T12:24:00+05:30,25097.85,25101.85,25097.45,25100.15,0
2025-07-22T12:25:00+05:30,25099.55,25100.75,25093.8,25095.05,0
2025-07-22T12:26:00+05:30,25094.75,25097.3,25091.95,25092.8,0
2025-07-22T12:27:00+05:30,25092.65,25098.9,25091.85,25097.75,0
2025-07-22T12:28:00+05:30,25097.3,25100.9,25096.25,25098.35,0
2025-07-22T12:29:00+05:30,25098.1,25102.1,25096.25,25099.6,0
2025-07-22T12:30:00+05:30,25099.3,25107.2,25098.3,25104.7,0
2025-07-22T12:31:00+05:30,25105.6,25107.75,25103.3,25106.1,0
2025-07-22T12:32:00+05:30,25105.95,25111.85,25105.2,25111.65,0
2025-07-22T12:33:00+05:30,25111.35,25111.85,25106.5,25107.75,0
2025-07-22T12:34:00+05:30,25107.85,25110.8,25106.8,25110.8,0
2025-07-22T12:35:00+05:30,25109.6,25110.55,25104.55,25107.45,0
2025-07-22T12:36:00+05:30,25108.05,25108.5,25102.85,25105.2,0
2025-07-22T12:37:00+05:30,25105.0,25107.75,25101.55,25102.7,0
2025-07-22T12:38:00+05:30,25102.6,25106.9,25100.55,25104.55,0
2025-07-22T12:39:00+05:30,25104.9,25108.3,25103.3,25106.55,0
2025-07-22T12:40:00+05:30,25107.35,25108.55,25102.2,25102.65,0
2025-07-22T12:41:00+05:30,25102.35,25104.6,25100.8,25104.1,0
2025-07-22T12:42:00+05:30,25103.75,25104.05,25097.25,25101.15,0
2025-07-22T12:43:00+05:30,25100.6,25110.3,25098.7,25108.1,0
2025-07-22T12:44:00+05:30,25106.95,25110.75,25106.15,25110.25,0
2025-07-22T12:45:00+05:30,25109.85,25111.3,25105.85,25109.15,0
2025-07-22T12:46:00+05:30,25108.55,25109.2,25103.75,25109.0,0
2025-07-22T12:47:00+05:30,25108.65,25114.15,25107.8,25111.8,0
2025-07-22T12:48:00+05:30,25111.15,25112.25,25106.45,25110.0,0
2025-07-22T12:49:00+05:30,25110.7,25112.1,25109.05,25109.65,0
2025-07-22T12:50:00+05:30,25109.7,25112.4,25107.25,25112.4,0
2025-07-22T12:51:00+05:30,25112.0,25113.8,25110.85,25111.6,0
2025-07-22T12:52:00+05:30,25111.8,25113.15,25109.5,25111.7,0
2025-07-22T12:53:00+05:30,25111.55,25111.55,25107.15,25107.5,0
2025-07-22T12:54:00+05:30,25106.95,25108.6,25105.35,25107.8,0
2025-07-22T12:55:00+05:30,25107.15,25109.2,25106.65,25107.35,0
2025-07-22T12:56:00+05:30,25107.45,25109.3,25106.25,25108.25,0
2025-07-22T12:57:00+05:30,25108.0,25112.95,25108.0,25112.2,0
2025-07-22T12:58:00+05:30,25112.05,25114.8,25111.65,25113.85,0
2025-07-22T12:59:00+05:30,25113.9,25116.4,25113.25,25115.55,0
2025-07-22T13:00:00+05:30,25114.85,25118.9,25113.85,25116.7,0
2025-07-22T13:01:00+05:30,25116.55,25119.7,25114.7,25114.7,0
2025-07-22T13:02:00+05:30,25114.0,25115.85,25113.0,25115.75,0
2025-07-22T13:03:00+05:30,25115.4,25115.85,25112.6,25112.6,0
2025-07-22T13:04:00+05:30,25112.45,25115.2,25112.1,25113.7,0
2025-07-22T13:05:00+05:30,25112.3,25112.3,25091.35,25092.75,0
2025-07-22T13:06:00+05:30,25091.7,25092.1,25078.85,25083.4,0
2025-07-22T13:07:00+05:30,25083.45,25099.9,25083.1,25098.1,0
2025-07-22T13:08:00+05:30,25097.9,25100.9,25097.05,25099.6,0
2025-07-22T13:09:00+05:30,25099.7,25101.3,25098.8,25099.3,0
2025-07-22T13:10:00+05:30,25099.4,25100.9,25097.9,25098.6,0
2025-07-22T13:11:00+05:30,25098.15,25098.65,25089.95,25090.25,0
2025-07-22T13:12:00+05:30,25091.4,25093.25,25089.9,25091.1,0
2025-07-22T13:13:00+05:30,25091.15,25093.7,25087.9,25093.0,0
2025-07-22T13:14:00+05:30,25093.65,25095.35,25092.2,25092.2,0
2025-07-22T13:15:00+05:30,25092.35,25093.95,25090.75,25091.95,0
2025-07-22T13:16:00+05:30,25091.8,25094.65,25091.5,25094.55,0
2025-07-22T13:17:00+05:30,25094.5,25095.05,25092.3,25094.05,0
2025-07-22T13:18:00+05:30,25094.0,25094.0,25086.75,25086.75,0
2025-07-22T13:19:00+05:30,25086.7,25088.75,25085.3,25087.55,0
2025-07-22T13:20:00+05:30,25087.25,25093.2,25085.7,25092.4,0
2025-07-22T13:21:00+05:30,25091.6,25097.05,25091.1,25095.9,0
2025-07-22T13:22:00+05:30,25095.45,25096.9,25093.9,25095.25,0
2025-07-22T13:23:00+05:30,25095.1,25096.25,25092.2,25092.2,0
2025-07-22T13:24:00+05:30,25092.0,25094.2,25090.5,25093.05,0
2025-07-22T13:25:00+05:30,25093.2,25093.75,25081.8,25081.8,0
2025-07-22T13:26:00+05:30,25081.9,25083.8,25079.95,25080.9,0
2025-07-22T13:27:00+05:30,25080.2,25082.75,25079.9,25081.6,0
2025-07-22T13:28:00+05:30,25081.95,25084.3,25081.8,25082.85,0
2025-07-22T13:29:00+05:30,25082.7,25083.45,25078.7,25081.1,0
2025-07-22T13:30:00+05:30,25081.05,25081.3,25075.8,25077.05,0
2025-07-22T13:31:00+05:30,25078.25,25078.9,25074.15,25076.9,0
2025-07-22T13:32:00+05:30,25077.35,25084.95,25077.05,25082.8,0
2025-07-22T13:33:00+05:30,25083.25,25084.55,25081.6,25082.4,0
2025-07-22T13:34:00+05:30,25082.5,25085.0,25081.55,25083.95,0
2025-07-22T13:35:00+05:30,25082.3,25083.8,25081.8,25082.6,0
2025-07-22T13:36:00+05:30,25082.85,25085.3,25081.8,25084.6,0
2025-07-22T13:37:00+05:30,25084.55,25089.15,25083.45,25087.05,0
2025-07-22T13:38:00+05:30,25087.1,25087.6,25082.35,25082.35,0
2025-07-22T13:39:00+05:30,25082.4,25083.25,25079.05,25079.6,0
2025-07-22T13:40:00+05:30,25079.75,25082.15,25079.5,25081.5,0
2025-07-22T13:41:00+05:30,25082.5,25083.3,25078.55,25078.55,0
2025-07-22T13:42:00+05:30,25078.8,25080.9,25077.3,25080.45,0
2025-07-22T13:43:00+05:30,25080.8,25082.65,25077.1,25077.1,0
2025-07-22T13:44:00+05:30,25077.0,25080.45,25076.4,25080.25,0
2025-07-22T13:45:00+05:30,25079.95,25079.95,25073.5,25074.8,0
2025-07-22T13:46:00+05:30,25074.25,25076.75,25073.9,25075.75,0
2025-07-22T13:47:00+05:30,25076.25,25081.55,25075.8,25080.0,0
2025-07-22T13:48:00+05:30,25080.05,25081.15,25078.6,25078.95,0
2025-07-22T13:49:00+05:30,25078.85,25081.6,25078.05,25078.45,0
2025-07-22T13:50:00+05:30,25078.2,25078.4,25074.2,25076.4,0
2025-07-22T13:51:00+05:30,25076.45,25083.4,25075.9,25082.5,0
2025-07-22T13:52:00+05:30,25081.85,25083.0,25079.5,25083.0,0
2025-07-22T13:53:00+05:30,25082.45,25085.65,25081.6,25084.05,0
2025-07-22T13:54:00+05:30,25083.65,25084.75,25082.5,25083.55,0
2025-07-22T13:55:00+05:30,25083.45,25095.85,25083.35,25095.85,0
2025-07-22T13:56:00+05:30,25095.8,25107.3,25095.75,25102.95,0
2025-07-22T13:57:00+05:30,25102.15,25103.25,25091.65,25093.25,0
2025-07-22T13:58:00+05:30,25092.55,25094.65,25087.05,25087.35,0
2025-07-22T13:59:00+05:30,25086.55,25089.3,25085.05,25088.8,0
2025-07-22T14:00:00+05:30,25088.2,25094.2,25087.4,25093.85,0
2025-07-22T14:01:00+05:30,25093.65,25102.3,25092.0,25098.7,0
2025-07-22T14:02:00+05:30,25099.15,25099.9,25095.5,25097.8,0
2025-07-22T14:03:00+05:30,25096.95,25098.25,25094.9,25096.65,0
2025-07-22T14:04:00+05:30,25096.85,25100.0,25096.85,25098.45,0
2025-07-22T14:05:00+05:30,25098.15,25104.15,25096.45,25104.15,0
2025-07-22T14:06:00+05:30,25103.05,25104.4,25097.6,25101.9,0
2025-07-22T14:07:00+05:30,25101.2,25102.25,25099.25,25102.15,0
2025-07-22T14:08:00+05:30,25101.35,25103.25,25100.9,25102.15,0
2025-07-22T14:09:00+05:30,25101.5,25106.6,25099.85,25105.35,0
2025-07-22T14:10:00+05:30,25105.55,25107.65,25100.6,25101.6,0
2025-07-22T14:11:00+05:30,25101.25,25102.05,25095.35,25095.85,0
2025-07-22T14:12:00+05:30,25095.15,25095.5,25090.6,25092.5,0
2025-07-22T14:13:00+05:30,25092.0,25092.85,25085.5,25086.1,0
2025-07-22T14:14:00+05:30,25086.25,25089.1,25085.7,25086.45,0
2025-07-22T14:15:00+05:30,25086.5,25089.55,25085.6,25085.6,0
2025-07-22T14:16:00+05:30,25085.25,25085.45,25081.4,25084.4,0
2025-07-22T14:17:00+05:30,25083.85,25085.1,25079.55,25081.0,0
2025-07-22T14:18:00+05:30,25080.6,25085.0,25080.5,25084.5,0
2025-07-22T14:19:00+05:30,25084.05,25084.95,25082.1,25084.8,0
2025-07-22T14:20:00+05:30,25084.35,25084.8,25080.6,25080.6,0
2025-07-22T14:21:00+05:30,25080.5,25080.5,25074.0,25077.45,0
2025-07-22T14:22:00+05:30,25077.2,25078.3,25071.65,25072.2,0
2025-07-22T14:23:00+05:30,25071.65,25075.4,25070.4,25071.9,0
2025-07-22T14:24:00+05:30,25071.4,25073.5,25067.6,25067.6,0
2025-07-22T14:25:00+05:30,25066.95,25069.4,25061.45,25066.7,0
2025-07-22T14:26:00+05:30,25066.1,25068.25,25064.35,25068.1,0
2025-07-22T14:27:00+05:30,25067.8,25072.65,25066.25,25068.2,0
2025-07-22T14:28:00+05:30,25068.0,25069.2,25065.25,25067.9,0
2025-07-22T14:29:00+05:30,25067.1,25069.6,25067.0,25069.5,0
2025-07-22T14:30:00+05:30,25069.05,25069.9,25064.95,25066.65,0
2025-07-22T14:31:00+05:30,25065.4,25069.25,25064.95,25068.05,0
2025-07-22T14:32:00+05:30,25068.3,25071.7,25067.3,25070.25,0
2025-07-22T14:33:00+05:30,25069.15,25073.9,25066.65,25066.8,0
2025-07-22T14:34:00+05:30,25067.2,25067.2,25063.2,25065.4,0
2025-07-22T14:35:00+05:30,25064.65,25071.4,25064.05,25070.35,0
2025-07-22T14:36:00+05:30,25070.6,25073.9,25069.4,25072.65,0
2025-07-22T14:37:00+05:30,25072.3,25073.55,25059.9,25059.9,0
2025-07-22T14:38:00+05:30,25059.7,25060.4,25044.85,25050.45,0
2025-07-22T14:39:00+05:30,25047.85,25063.75,25047.85,25063.0,0
2025-07-22T14:40:00+05:30,25062.75,25064.5,25060.0,25060.4,0
2025-07-22T14:41:00+05:30,25060.1,25063.0,25059.25,25061.75,0
2025-07-22T14:42:00+05:30,25062.55,25066.2,25062.0,25065.4,0
2025-07-22T14:43:00+05:30,25064.8,25065.3,25062.25,25062.25,0
2025-07-22T14:44:00+05:30,25064.05,25066.25,25062.8,25064.95,0
2025-07-22T14:45:00+05:30,25064.75,25069.6,25064.75,25068.1,0
2025-07-22T14:46:00+05:30,25068.45,25069.6,25066.5,25068.05,0
2025-07-22T14:47:00+05:30,25068.2,25069.15,25066.9,25068.7,0
2025-07-22T14:48:00+05:30,25068.5,25072.95,25068.25,25071.75,0
2025-07-22T14:49:00+05:30,25072.35,25075.85,25071.9,25075.3,0
2025-07-22T14:50:00+05:30,25075.75,25077.6,25073.95,25076.55,0
2025-07-22T14:51:00+05:30,25076.6,25080.0,25076.45,25077.25,0
2025-07-22T14:52:00+05:30,25077.45,25078.8,25070.95,25073.55,0
2025-07-22T14:53:00+05:30,25073.45,25074.7,25071.55,25074.1,0
2025-07-22T14:54:00+05:30,25074.3,25075.7,25073.0,25074.6,0
2025-07-22T14:55:00+05:30,25074.35,25077.15,25073.5,25076.5,0
2025-07-22T14:56:00+05:30,25076.4,25077.85,25065.3,25067.15,0
2025-07-22T14:57:00+05:30,25067.3,25069.15,25064.1,25064.1,0
2025-07-22T14:58:00+05:30,25064.3,25068.7,25064.3,25066.05,0
2025-07-22T14:59:00+05:30,25065.75,25067.35,25064.2,25066.6,0
2025-07-22T15:00:00+05:30,25062.65,25067.4,25055.95,25062.95,0
2025-07-22T15:01:00+05:30,25062.0,25064.0,25060.55,25062.05,0
2025-07-22T15:02:00+05:30,25062.65,25063.7,25056.65,25057.2,0
2025-07-22T15:03:00+05:30,25057.0,25057.9,25051.95,25052.1,0
2025-07-22T15:04:00+05:30,25051.75,25054.3,25047.9,25054.0,0
2025-07-22T15:05:00+05:30,25053.6,25056.7,25050.75,25051.45,0
2025-07-22T15:06:00+05:30,25051.3,25056.2,25050.45,25050.45,0
2025-07-22T15:07:00+05:30,25050.35,25057.7,25048.5,25056.55,0
2025-07-22T15:08:00+05:30,25057.05,25061.6,25056.9,25059.5,0
2025-07-22T15:09:00+05:30,25059.2,25063.5,25058.95,25062.55,0
2025-07-22T15:10:00+05:30,25061.25,25064.55,25055.45,25063.4,0
2025-07-22T15:11:00+05:30,25063.0,25065.0,25059.95,25060.4,0
2025-07-22T15:12:00+05:30,25060.3,25062.2,25057.0,25057.7,0
2025-07-22T15:13:00+05:30,25057.1,25062.75,25055.75,25061.25,0
2025-07-22T15:14:00+05:30,25060.7,25064.6,25058.5,25058.5,0
2025-07-22T15:15:00+05:30,25059.55,25062.05,25058.65,25059.6,0
2025-07-22T15:16:00+05:30,25059.75,25065.4,25059.5,25061.2,0
2025-07-22T15:17:00+05:30,25061.55,25062.95,25057.65,25057.7,0
2025-07-22T15:18:00+05:30,25057.75,25062.6,25054.95,25061.9,0
2025-07-22T15:19:00+05:30,25061.55,25065.0,25060.6,25064.65,0
2025-07-22T15:20:00+05:30,25063.4,25064.9,25058.55,25062.75,0
2025-07-22T15:21:00+05:30,25062.8,25065.9,25062.15,25064.4,0
2025-07-22T15:22:00+05:30,25064.6,25067.85,25063.8,25067.45,0
2025-07-22T15:23:00+05:30,25067.55,25071.05,25067.25,25069.9,0
2025-07-22T15:24:00+05:30,25069.65,25069.65,25064.65,25067.0,0
2025-07-22T15:25:00+05:30,25066.7,25069.45,25065.0,25067.45,0
2025-07-22T15:26:00+05:30,25067.15,25070.85,25064.9,25065.35,0
2025-07-22T15:27:00+05:30,25065.2,25066.55,25062.5,25063.75,0
2025-07-22T15:28:00+05:30,25064.0,25065.2,25056.85,25061.65,0
2025-07-22T15:29:00+05:30,25061.05,25069.25,25059.2,25064.9,0
2025-07-23T09:15:00+05:30,25139.35,25149.85,25111.15,25135.2,0
2025-07-23T09:16:00+05:30,25137.2,25143.5,25129.6,25130.5,0
2025-07-23T09:17:00+05:30,25130.3,25132.8,25121.0,25123.25,0
2025-07-23T09:18:00+05:30,25124.85,25133.5,25120.4,25131.1,0
2025-07-23T09:19:00+05:30,25131.7,25138.85,25130.7,25132.6,0
2025-07-23T09:20:00+05:30,25132.55,25142.95,25132.05,25138.5,0
2025-07-23T09:21:00+05:30,25137.7,25142.4,25129.25,25129.25,0
2025-07-23T09:22:00+05:30,25128.4,25132.0,25116.9,25130.8,0
2025-07-23T09:23:00+05:30,25130.6,25134.4,25124.65,25127.3,0
2025-07-23T09:24:00+05:30,25126.9,25128.05,25119.85,25123.65,0
2025-07-23T09:25:00+05:30,25124.2,25125.4,25118.7,25123.35,0
2025-07-23T09:26:00+05:30,25124.25,25127.2,25119.9,25123.15,0
2025-07-23T09:27:00+05:30,25121.15,25124.8,25118.45,25120.35,0
2025-07-23T09:28:00+05:30,25119.95,25121.15,25107.6,25108.65,0
2025-07-23T09:29:00+05:30,25108.25,25114.1,25105.05,25113.75,0
2025-07-23T09:30:00+05:30,25114.35,25127.4,25114.35,25121.85,0
2025-07-23T09:31:00+05:30,25122.2,25124.75,25111.4,25111.4,0
2025-07-23T09:32:00+05:30,25111.65,25112.4,25104.8,25108.25,0
2025-07-23T09:33:00+05:30,25107.45,25118.85,25107.05,25118.75,0
2025-07-23T09:34:00+05:30,25119.15,25119.15,25111.95,25114.3,0
2025-07-23T09:35:00+05:30,25114.1,25116.85,25108.8,25116.35,0
2025-07-23T09:36:00+05:30,25115.8,25122.65,25113.3,25116.8,0
2025-07-23T09:37:00+05:30,25116.95,25117.45,25104.45,25105.6,0
2025-07-23T09:38:00+05:30,25105.8,25111.7,25105.05,25111.45,0
2025-07-23T09:39:00+05:30,25110.8,25111.7,25108.15,25111.4,0
2025-07-23T09:40:00+05:30,25111.45,25113.4,25109.2,25111.3,0
2025-07-23T09:41:00+05:30,25110.75,25111.25,25101.1,25101.95,0
2025-07-23T09:42:00+05:30,25101.85,25103.65,25094.55,25096.3,0
2025-07-23T09:43:00+05:30,25097.35,25104.15,25096.25,25101.25,0
2025-07-23T09:44:00+05:30,25100.6,25102.15,25096.2,25096.9,0
2025-07-23T09:45:00+05:30,25097.55,25100.5,25090.3,25100.35,0
2025-07-23T09:46:00+05:30,25099.1,25101.95,25095.1,25095.1,0
2025-07-23T09:47:00+05:30,25095.25,25095.7,25090.1,25093.4,0
2025-07-23T09:48:00+05:30,25093.3,25096.5,25086.65,25086.8,0
2025-07-23T09:49:00+05:30,25087.1,25100.3,25085.5,25098.4,0
2025-07-23T09:50:00+05:30,25098.95,25113.25,25098.25,25112.3,0
2025-07-23T09:51:00+05:30,25112.45,25112.45,25105.3,25108.2,0
2025-07-23T09:52:00+05:30,25109.45,25113.4,25108.6,25111.35,0
2025-07-23T09:53:00+05:30,25111.0,25111.4,25099.8,25100.45,0
2025-07-23T09:54:00+05:30,25100.2,25106.6,25094.45,25106.55,0
2025-07-23T09:55:00+05:30,25105.85,25108.7,25101.1,25107.35,0
2025-07-23T09:56:00+05:30,25106.9,25110.9,25106.35,25110.6,0
2025-07-23T09:57:00+05:30,25111.15,25115.4,25107.6,25114.85,0
2025-07-23T09:58:00+05:30,25114.9,25120.4,25114.0,25115.65,0
2025-07-23T09:59:00+05:30,25116.0,25118.2,25114.3,25116.9,0
2025-07-23T10:00:00+05:30,25117.1,25119.7,25112.4,25113.95,0
2025-07-23T10:01:00+05:30,25113.15,25113.2,25103.2,25103.2,0
2025-07-23T10:02:00+05:30,25102.8,25108.05,25102.8,25106.1,0
2025-07-23T10:03:00+05:30,25105.7,25105.7,25099.85,25101.1,0
2025-07-23T10:04:00+05:30,25100.7,25103.85,25094.2,25094.9,0
2025-07-23T10:05:00+05:30,25095.15,25097.05,25091.6,25091.65,0
2025-07-23T10:06:00+05:30,25092.05,25098.3,25090.85,25093.45,0
2025-07-23T10:07:00+05:30,25094.3,25097.85,25092.4,25097.15,0
2025-07-23T10:08:00+05:30,25097.25,25102.1,25095.85,25101.75,0
2025-07-23T10:09:00+05:30,25101.4,25101.55,25095.3,25095.6,0
2025-07-23T10:10:00+05:30,25095.15,25100.85,25093.45,25100.65,0
2025-07-23T10:11:00+05:30,25099.9,25109.25,25098.3,25108.9,0
2025-07-23T10:12:00+05:30,25108.6,25113.15,25108.25,25110.55,0
2025-07-23T10:13:00+05:30,25111.4,25111.95,25107.7,25110.25,0
2025-07-23T10:14:00+05:30,25109.35,25111.55,25108.25,25109.3,0
2025-07-23T10:15:00+05:30,25108.95,25110.75,25103.75,25105.9,0
2025-07-23T10:16:00+05:30,25105.35,25108.85,25102.3,25108.2,0
2025-07-23T10:17:00+05:30,25108.5,25108.7,25102.55,25102.55,0
2025-07-23T10:18:00+05:30,25102.9,25106.7,25102.1,25105.85,0
2025-07-23T10:19:00+05:30,25106.1,25109.5,25103.9,25109.45,0
2025-07-23T10:20:00+05:30,25109.25,25110.95,25103.9,25103.9,0
2025-07-23T10:21:00+05:30,25103.85,25107.5,25103.1,25103.1,0
2025-07-23T10:22:00+05:30,25103.6,25104.3,25096.5,25097.15,0
2025-07-23T10:23:00+05:30,25096.9,25100.25,25095.95,25098.1,0
2025-07-23T10:24:00+05:30,25098.7,25109.1,25096.3,25108.05,0
2025-07-23T10:25:00+05:30,25107.75,25109.65,25107.1,25109.2,0
2025-07-23T10:26:00+05:30,25108.95,25108.95,25105.8,25105.8,0
2025-07-23T10:27:00+05:30,25105.55,25108.45,25105.35,25106.85,0
2025-07-23T10:28:00+05:30,25107.3,25112.5,25106.5,25109.2,0
2025-07-23T10:29:00+05:30,25108.45,25109.7,25106.8,25108.4,0
2025-07-23T10:30:00+05:30,25109.05,25109.85,25106.6,25108.0,0
2025-07-23T10:31:00+05:30,25107.55,25109.15,25106.3,25107.3,0
2025-07-23T10:32:00+05:30,25107.0,25107.5,25103.55,25105.1,0
2025-07-23T10:33:00+05:30,25105.15,25107.3,25104.5,25105.95,0
2025-07-23T10:34:00+05:30,25105.15,25106.8,25102.05,25103.0,0
2025-07-23T10:35:00+05:30,25102.3,25108.35,25102.3,25108.1,0
2025-07-23T10:36:00+05:30,25107.4,25108.35,25104.9,25106.95,0
2025-07-23T10:37:00+05:30,25106.35,25107.45,25097.8,25099.2,0
2025-07-23T10:38:00+05:30,25099.05,25103.85,25098.25,25102.0,0
2025-07-23T10:39:00+05:30,25102.05,25107.95,25100.35,25106.55,0
2025-07-23T10:40:00+05:30,25107.3,25107.6,25103.0,25103.8,0
2025-07-23T10:41:00+05:30,25104.7,25108.5,25104.2,25106.9,0
2025-07-23T10:42:00+05:30,25106.35,25108.7,25103.3,25107.9,0
2025-07-23T10:43:00+05:30,25108.0,25111.3,25107.1,25110.1,0
2025-07-23T10:44:00+05:30,25109.7,25116.7,25109.7,25114.65,0
2025-07-23T10:45:00+05:30,25115.25,25120.55,25113.65,25115.3,0
2025-07-23T10:46:00+05:30,25115.6,25117.75,25112.55,25116.8,0
2025-07-23T10:47:00+05:30,25116.4,25117.9,25115.5,25116.5,0
2025-07-23T10:48:00+05:30,25117.3,25117.4,25113.3,25114.1,0
2025-07-23T10:49:00+05:30,25113.15,25116.25,25112.45,25116.05,0
2025-07-23T10:50:00+05:30,25115.2,25117.45,25114.75,25116.05,0
2025-07-23T10:51:00+05:30,25116.55,25119.4,25113.6,25113.95,0
2025-07-23T10:52:00+05:30,25114.15,25114.15,25111.25,25113.45,0
2025-07-23T10:53:00+05:30,25113.7,25119.05,25113.45,25118.75,0
2025-07-23T10:54:00+05:30,25118.7,25124.55,25118.25,25124.2,0
2025-07-23T10:55:00+05:30,25124.3,25132.05,25124.3,25125.9,0
2025-07-23T10:56:00+05:30,25125.7,25126.05,25122.6,25125.55,0
2025-07-23T10:57:00+05:30,25125.15,25126.25,25123.8,25125.6,0
2025-07-23T10:58:00+05:30,25125.65,25126.45,25120.75,25120.75,0
2025-07-23T10:59:00+05:30,25120.6,25122.65,25119.55,25122.45,0
2025-07-23T11:00:00+05:30,25122.15,25124.6,25121.5,25123.5,0
2025-07-23T11:01:00+05:30,25123.65,25137.25,25123.25,25134.55,0
2025-07-23T11:02:00+05:30,25134.95,25135.05,25131.55,25133.1,0
2025-07-23T11:03:00+05:30,25133.0,25138.25,25132.75,25136.75,0
2025-07-23T11:04:00+05:30,25137.5,25142.3,25136.05,25138.9,0
2025-07-23T11:05:00+05:30,25139.15,25140.5,25133.35,25134.45,0
2025-07-23T11:06:00+05:30,25134.25,25134.25,25131.05,25132.05,0
2025-07-23T11:07:00+05:30,25132.7,25133.9,25130.2,25131.95,0
2025-07-23T11:08:00+05:30,25131.65,25131.65,25128.45,25130.15,0
2025-07-23T11:09:00+05:30,25130.0,25133.85,25128.85,25132.85,0
2025-07-23T11:10:00+05:30,25132.45,25133.3,25128.3,25128.85,0
2025-07-23T11:11:00+05:30,25128.5,25130.2,25126.55,25130.2,0
2025-07-23T11:12:00+05:30,25130.3,25130.65,25124.6,25125.85,0
2025-07-23T11:13:00+05:30,25125.9,25130.45,25125.0,25129.1,0
2025-07-23T11:14:00+05:30,25129.45,25129.7,25126.15,25127.85,0
2025-07-23T11:15:00+05:30,25128.05,25129.4,25126.6,25126.65,0
2025-07-23T11:16:00+05:30,25126.3,25134.85,25126.05,25133.4,0
2025-07-23T11:17:00+05:30,25133.45,25136.1,25133.2,25133.65,0
2025-07-23T11:18:00+05:30,25132.95,25134.7,25131.9,25134.25,0
2025-07-23T11:19:00+05:30,25133.95,25138.1,25133.95,25136.9,0
2025-07-23T11:20:00+05:30,25136.95,25137.2,25115.15,25115.55,0
2025-07-23T11:21:00+05:30,25115.85,25115.85,25102.8,25105.75,0
2025-07-23T11:22:00+05:30,25105.1,25117.0,25105.1,25117.0,0
2025-07-23T11:23:00+05:30,25117.75,25117.75,25114.7,25116.0,0
2025-07-23T11:24:00+05:30,25115.65,25118.85,25115.35,25117.85,0
2025-07-23T11:25:00+05:30,25117.65,25126.35,25115.95,25126.35,0
2025-07-23T11:26:00+05:30,25126.4,25126.65,25124.25,25124.3,0
2025-07-23T11:27:00+05:30,25124.5,25126.35,25122.7,25123.9,0
2025-07-23T11:28:00+05:30,25124.15,25127.5,25122.85,25126.7,0
2025-07-23T11:29:00+05:30,25126.8,25127.3,25123.65,25125.05,0
2025-07-23T11:30:00+05:30,25124.4,25129.45,25124.3,25129.45,0
2025-07-23T11:31:00+05:30,25128.95,25129.1,25123.85,25124.85,0
2025-07-23T11:32:00+05:30,25125.1,25127.3,25124.3,25124.45,0
2025-07-23T11:33:00+05:30,25125.25,25126.6,25124.0,25125.8,0
2025-07-23T11:34:00+05:30,25125.75,25126.8,25123.85,25126.75,0
2025-07-23T11:35:00+05:30,25127.05,25128.4,25125.9,25126.6,0
2025-07-23T11:36:00+05:30,25126.8,25130.45,25126.05,25128.0,0
2025-07-23T11:37:00+05:30,25128.3,25129.5,25124.65,25124.65,0
2025-07-23T11:38:00+05:30,25125.1,25128.1,25123.35,25125.2,0
2025-07-23T11:39:00+05:30,25125.55,25126.15,25123.9,25125.45,0
2025-07-23T11:40:00+05:30,25125.25,25125.85,25123.5,25123.5,0
2025-07-23T11:41:00+05:30,25123.6,25124.3,25119.65,25120.4,0
2025-07-23T11:42:00+05:30,25120.2,25121.7,25119.75,25120.25,0
2025-07-23T11:43:00+05:30,25120.05,25121.4,25117.25,25121.4,0
2025-07-23T11:44:00+05:30,25121.15,25126.25,25121.15,25125.25,0
2025-07-23T11:45:00+05:30,25125.2,25126.45,25123.5,25126.45,0
2025-07-23T11:46:00+05:30,25126.65,25129.35,25125.45,25128.15,0
2025-07-23T11:47:00+05:30,25127.6,25128.7,25125.5,25126.7,0
2025-07-23T11:48:00+05:30,25126.6,25130.55,25125.75,25129.15,0
2025-07-23T11:49:00+05:30,25129.0,25131.9,25127.9,25131.5,0
2025-07-23T11:50:00+05:30,25130.85,25132.9,25129.9,25130.9,0
2025-07-23T11:51:00+05:30,25131.05,25131.6,25128.7,25129.8,0
2025-07-23T11:52:00+05:30,25128.0,25130.1,25123.75,25125.6,0
2025-07-23T11:53:00+05:30,25127.1,25129.4,25125.75,25129.4,0
2025-07-23T11:54:00+05:30,25129.5,25129.5,25126.45,25128.45,0
2025-07-23T11:55:00+05:30,25128.2,25131.2,25127.4,25130.2,0
2025-07-23T11:56:00+05:30,25129.9,25131.0,25128.55,25130.0,0
2025-07-23T11:57:00+05:30,25129.95,25137.5,25129.7,25137.25,0
2025-07-23T11:58:00+05:30,25136.55,25136.95,25134.65,25135.65,0
2025-07-23T11:59:00+05:30,25136.05,25136.05,25133.1,25135.3,0
2025-07-23T12:00:00+05:30,25135.65,25141.8,25135.15,25141.05,0
2025-07-23T12:01:00+05:30,25140.95,25148.25,25139.85,25147.0,0
2025-07-23T12:02:00+05:30,25146.15,25149.9,25146.15,25147.75,0
2025-07-23T12:03:00+05:30,25147.2,25152.4,25146.65,25148.6,0
2025-07-23T12:04:00+05:30,25148.3,25152.4,25147.45,25152.4,0
2025-07-23T12:05:00+05:30,25152.1,25156.55,25151.7,25152.0,0
2025-07-23T12:06:00+05:30,25152.3,25154.9,25151.75,25153.05,0
2025-07-23T12:07:00+05:30,25152.5,25153.25,25150.35,25152.7,0
2025-07-23T12:08:00+05:30,25152.55,25154.75,25151.0,25154.3,0
2025-07-23T12:09:00+05:30,25153.8,25159.55,25152.9,25158.65,0
2025-07-23T12:10:00+05:30,25158.45,25163.05,25157.65,25159.7,0
2025-07-23T12:11:00+05:30,25159.9,25161.25,25157.35,25158.95,0
2025-07-23T12:12:00+05:30,25158.7,25158.85,25140.85,25140.85,0
2025-07-23T12:13:00+05:30,25140.4,25141.35,25130.55,25137.35,0
2025-07-23T12:14:00+05:30,25137.1,25152.75,25137.1,25151.85,0
2025-07-23T12:15:00+05:30,25150.95,25162.0,25150.4,25160.65,0
2025-07-23T12:16:00+05:30,25159.9,25164.35,25159.15,25163.05,0
2025-07-23T12:17:00+05:30,25162.65,25167.3,25161.75,25167.3,0
2025-07-23T12:18:00+05:30,25166.95,25170.2,25165.45,25167.75,0
2025-07-23T12:19:00+05:30,25167.4,25169.0,25166.45,25168.65,0
2025-07-23T12:20:00+05:30,25167.75,25172.3,25167.55,25171.8,0
2025-07-23T12:21:00+05:30,25171.2,25172.8,25167.2,25172.8,0
2025-07-23T12:22:00+05:30,25172.4,25174.05,25169.6,25170.55,0
2025-07-23T12:23:00+05:30,25170.4,25176.0,25169.6,25175.95,0
2025-07-23T12:24:00+05:30,25175.5,25176.65,25173.35,25176.45,0
2025-07-23T12:25:00+05:30,25175.75,25176.4,25170.8,25173.7,0
2025-07-23T12:26:00+05:30,25172.55,25173.75,25170.0,25171.45,0
2025-07-23T12:27:00+05:30,25171.15,25171.6,25166.55,25171.6,0
2025-07-23T12:28:00+05:30,25171.2,25175.45,25170.7,25171.85,0
2025-07-23T12:29:00+05:30,25171.65,25174.25,25170.95,25173.65,0
2025-07-23T12:30:00+05:30,25173.5,25174.15,25169.65,25170.8,0
2025-07-23T12:31:00+05:30,25170.7,25171.25,25165.8,25169.15,0
2025-07-23T12:32:00+05:30,25169.1,25172.9,25168.05,25171.65,0
2025-07-23T12:33:00+05:30,25171.15,25173.2,25170.35,25170.55,0
2025-07-23T12:34:00+05:30,25170.65,25170.75,25165.95,25168.05,0
2025-07-23T12:35:00+05:30,25167.55,25174.25,25167.55,25173.25,0
2025-07-23T12:36:00+05:30,25171.6,25173.9,25170.2,25172.25,0
2025-07-23T12:37:00+05:30,25171.8,25183.05,25171.8,25181.1,0
2025-07-23T12:38:00+05:30,25180.95,25183.85,25178.3,25183.65,0
2025-07-23T12:39:00+05:30,25183.4,25188.55,25183.3,25185.8,0
2025-07-23T12:40:00+05:30,25185.55,25186.8,25182.05,25182.95,0
2025-07-23T12:41:00+05:30,25182.05,25185.05,25181.4,25184.6,0
2025-07-23T12:42:00+05:30,25184.3,25185.5,25178.15,25179.9,0
2025-07-23T12:43:00+05:30,25179.15,25179.5,25175.0,25178.15,0
2025-07-23T12:44:00+05:30,25176.2,25177.1,25171.35,25172.45,0
2025-07-23T12:45:00+05:30,25172.1,25176.4,25170.75,25174.15,0
2025-07-23T12:46:00+05:30,25174.05,25175.25,25167.3,25168.4,0
2025-07-23T12:47:00+05:30,25168.35,25169.6,25164.75,25168.25,0
2025-07-23T12:48:00+05:30,25167.3,25170.15,25166.3,25169.1,0
2025-07-23T12:49:00+05:30,25168.35,25172.35,25166.7,25172.25,0
2025-07-23T12:50:00+05:30,25171.6,25174.1,25169.65,25173.75,0
2025-07-23T12:51:00+05:30,25173.05,25173.85,25166.55,25167.7,0
2025-07-23T12:52:00+05:30,25167.25,25167.75,25164.6,25167.55,0
2025-07-23T12:53:00+05:30,25167.35,25169.25,25164.55,25168.95,0
2025-07-23T12:54:00+05:30,25169.0,25170.25,25164.05,25165.55,0
2025-07-23T12:55:00+05:30,25165.3,25166.85,25164.45,25166.45,0
2025-07-23T12:56:00+05:30,25165.6,25170.45,25165.1,25170.05,0
2025-07-23T12:57:00+05:30,25170.1,25171.4,25166.85,25168.05,0
2025-07-23T12:58:00+05:30,25167.75,25170.2,25165.35,25166.35,0
2025-07-23T12:59:00+05:30,25166.25,25169.05,25164.65,25168.85,0
2025-07-23T13:00:00+05:30,25168.55,25171.9,25166.75,25171.35,0
2025-07-23T13:01:00+05:30,25171.25,25176.75,25171.25,25176.7,0
2025-07-23T13:02:00+05:30,25176.9,25181.45,25176.05,25181.25,0
2025-07-23T13:03:00+05:30,25181.3,25183.05,25176.25,25177.85,0
2025-07-23T13:04:00+05:30,25177.5,25179.95,25176.8,25177.5,0
2025-07-23T13:05:00+05:30,25177.3,25178.5,25175.7,25176.45,0
2025-07-23T13:06:00+05:30,25176.7,25176.85,25173.65,25175.25,0
2025-07-23T13:07:00+05:30,25174.95,25175.25,25167.25,25171.0,0
2025-07-23T13:08:00+05:30,25170.5,25171.8,25169.75,25170.65,0
2025-07-23T13:09:00+05:30,25170.45,25171.45,25168.05,25169.45,0
2025-07-23T13:10:00+05:30,25169.85,25170.0,25164.9,25165.25,0
2025-07-23T13:11:00+05:30,25165.7,25165.9,25160.8,25161.6,0
2025-07-23T13:12:00+05:30,25161.4,25162.75,25159.45,25160.7,0
2025-07-23T13:13:00+05:30,25160.65,25163.35,25159.05,25162.75,0
2025-07-23T13:14:00+05:30,25163.1,25163.65,25158.65,25159.2,0
2025-07-23T13:15:00+05:30,25159.6,25160.65,25157.0,25158.3,0
2025-07-23T13:16:00+05:30,25159.0,25166.65,25158.3,25166.2,0
2025-07-23T13:17:00+05:30,25167.0,25168.75,25164.45,25165.5,0
2025-07-23T13:18:00+05:30,25165.65,25166.05,25161.9,25163.7,0
2025-07-23T13:19:00+05:30,25163.25,25164.0,25160.7,25163.2,0
2025-07-23T13:20:00+05:30,25163.4,25168.1,25162.35,25167.1,0
2025-07-23T13:21:00+05:30,25167.8,25172.2,25166.65,25166.9,0
2025-07-23T13:22:00+05:30,25167.15,25167.5,25149.1,25149.9,0
2025-07-23T13:23:00+05:30,25149.8,25149.9,25139.95,25144.35,0
2025-07-23T13:24:00+05:30,25143.35,25157.8,25143.35,25156.1,0
2025-07-23T13:25:00+05:30,25155.9,25160.3,25155.6,25159.25,0
2025-07-23T13:26:00+05:30,25159.5,25162.3,25159.0,25161.65,0
2025-07-23T13:27:00+05:30,25161.7,25161.7,25159.0,25159.7,0
2025-07-23T13:28:00+05:30,25159.65,25164.55,25159.25,25164.5,0
2025-07-23T13:29:00+05:30,25165.25,25167.7,25164.0,25167.05,0
2025-07-23T13:30:00+05:30,25167.1,25175.25,25166.5,25173.85,0
2025-07-23T13:31:00+05:30,25174.25,25176.85,25170.55,25171.2,0
2025-07-23T13:32:00+05:30,25171.65,25174.5,25170.7,25173.3,0
2025-07-23T13:33:00+05:30,25173.85,25175.2,25172.7,25173.6,0
2025-07-23T13:34:00+05:30,25174.1,25176.25,25173.05,25176.05,0
2025-07-23T13:35:00+05:30,25176.15,25179.75,25174.9,25179.2,0
2025-07-23T13:36:00+05:30,25179.0,25179.0,25173.35,25177.3,0
2025-07-23T13:37:00+05:30,25177.55,25180.5,25176.2,25179.35,0
2025-07-23T13:38:00+05:30,25178.65,25180.7,25177.05,25178.15,0
2025-07-23T13:39:00+05:30,25178.55,25182.0,25172.05,25172.05,0
2025-07-23T13:40:00+05:30,25172.7,25174.8,25170.1,25171.9,0
2025-07-23T13:41:00+05:30,25172.7,25178.0,25170.9,25177.6,0
2025-07-23T13:42:00+05:30,25177.4,25177.9,25172.55,25173.05,0
2025-07-23T13:43:00+05:30,25173.65,25174.85,25172.0,25172.85,0
2025-07-23T13:44:00+05:30,25173.3,25174.2,25169.9,25169.95,0
2025-07-23T13:45:00+05:30,25170.4,25174.85,25169.95,25173.95,0
2025-07-23T13:46:00+05:30,25174.1,25175.0,25170.35,25173.8,0
2025-07-23T13:47:00+05:30,25174.05,25177.0,25173.8,25176.2,0
2025-07-23T13:48:00+05:30,25176.25,25176.35,25172.4,25172.5,0
2025-07-23T13:49:00+05:30,25173.85,25174.3,25169.25,25170.45,0
2025-07-23T13:50:00+05:30,25170.8,25176.35,25170.5,25176.25,0
2025-07-23T13:51:00+05:30,25175.4,25176.8,25173.75,25174.85,0
2025-07-23T13:52:00+05:30,25175.85,25181.45,25174.7,25180.35,0
2025-07-23T13:53:00+05:30,25180.6,25185.15,25179.75,25181.95,0
2025-07-23T13:54:00+05:30,25182.25,25186.05,25180.85,25183.85,0
2025-07-23T13:55:00+05:30,25183.95,25184.95,25179.95,25180.05,0
2025-07-23T13:56:00+05:30,25180.85,25187.55,25180.65,25186.7,0
2025-07-23T13:57:00+05:30,25187.2,25188.05,25184.7,25185.95,0
2025-07-23T13:58:00+05:30,25185.7,25187.65,25183.7,25187.2,0
2025-07-23T13:59:00+05:30,25187.6,25196.3,25187.6,25191.6,0
2025-07-23T14:00:00+05:30,25192.15,25192.8,25184.6,25185.75,0
2025-07-23T14:01:00+05:30,25186.1,25190.2,25185.55,25190.05,0
2025-07-23T14:02:00+05:30,25190.25,25191.45,25189.45,25190.55,0
2025-07-23T14:03:00+05:30,25190.9,25190.9,25186.2,25186.8,0
2025-07-23T14:04:00+05:30,25187.15,25189.4,25186.15,25186.15,0
2025-07-23T14:05:00+05:30,25186.9,25187.3,25182.65,25186.5,0
2025-07-23T14:06:00+05:30,25186.65,25189.5,25185.1,25185.2,0
2025-07-23T14:07:00+05:30,25186.55,25189.6,25185.95,25189.0,0
2025-07-23T14:08:00+05:30,25188.15,25189.9,25185.4,25187.1,0
2025-07-23T14:09:00+05:30,25187.25,25190.15,25184.4,25186.1,0
2025-07-23T14:10:00+05:30,25186.25,25188.0,25185.1,25187.1,0
2025-07-23T14:11:00+05:30,25187.0,25188.5,25186.3,25187.65,0
2025-07-23T14:12:00+05:30,25187.8,25189.8,25185.5,25186.85,0
2025-07-23T14:13:00+05:30,25186.95,25195.25,25186.4,25194.3,0
2025-07-23T14:14:00+05:30,25194.45,25208.45,25193.6,25208.05,0
2025-07-23T14:15:00+05:30,25208.15,25219.05,25208.0,25216.05,0
2025-07-23T14:16:00+05:30,25216.2,25216.35,25201.75,25202.75,0
2025-07-23T14:17:00+05:30,25202.3,25204.55,25202.15,25203.7,0
2025-07-23T14:18:00+05:30,25203.6,25205.9,25201.95,25205.2,0
2025-07-23T14:19:00+05:30,25205.8,25206.5,25204.05,25205.6,0
2025-07-23T14:20:00+05:30,25205.7,25209.1,25204.8,25207.6,0
2025-07-23T14:21:00+05:30,25208.25,25210.0,25206.15,25208.15,0
2025-07-23T14:22:00+05:30,25208.3,25209.05,25199.95,25200.25,0
2025-07-23T14:23:00+05:30,25200.2,25205.1,25199.55,25203.85,0
2025-07-23T14:24:00+05:30,25203.6,25204.45,25201.25,25202.15,0
2025-07-23T14:25:00+05:30,25202.1,25204.5,25198.2,25198.7,0
2025-07-23T14:26:00+05:30,25199.2,25200.45,25198.2,25198.8,0
2025-07-23T14:27:00+05:30,25199.5,25200.4,25197.25,25197.85,0
2025-07-23T14:28:00+05:30,25198.65,25199.25,25195.8,25197.95,0
2025-07-23T14:29:00+05:30,25198.25,25199.65,25192.15,25195.4,0
2025-07-23T14:30:00+05:30,25194.05,25200.6,25192.0,25198.25,0
2025-07-23T14:31:00+05:30,25197.9,25202.55,25197.45,25200.4,0
2025-07-23T14:32:00+05:30,25199.9,25203.4,25199.7,25202.9,0
2025-07-23T14:33:00+05:30,25202.7,25205.9,25202.1,25203.7,0
2025-07-23T14:34:00+05:30,25203.95,25206.7,25203.3,25205.5,0
2025-07-23T14:35:00+05:30,25205.45,25209.0,25204.6,25208.6,0
2025-07-23T14:36:00+05:30,25208.45,25209.0,25202.45,25207.8,0
2025-07-23T14:37:00+05:30,25207.95,25209.9,25205.75,25209.9,0
2025-07-23T14:38:00+05:30,25209.7,25212.7,25208.45,25209.85,0
2025-07-23T14:39:00+05:30,25210.1,25212.5,25208.5,25210.95,0
2025-07-23T14:40:00+05:30,25210.7,25211.05,25200.9,25203.05,0
2025-07-23T14:41:00+05:30,25202.55,25208.65,25202.55,25206.7,0
2025-07-23T14:42:00+05:30,25206.45,25207.55,25203.9,25204.9,0
2025-07-23T14:43:00+05:30,25206.6,25209.95,25205.15,25208.3,0
2025-07-23T14:44:00+05:30,25207.85,25211.5,25207.0,25210.4,0
2025-07-23T14:45:00+05:30,25210.5,25210.65,25207.65,25210.1,0
2025-07-23T14:46:00+05:30,25209.8,25212.4,25205.95,25211.35,0
2025-07-23T14:47:00+05:30,25211.15,25211.35,25208.1,25208.85,0
2025-07-23T14:48:00+05:30,25208.3,25212.2,25206.8,25211.25,0
2025-07-23T14:49:00+05:30,25210.95,25212.8,25206.7,25211.0,0
2025-07-23T14:50:00+05:30,25211.25,25212.65,25206.5,25207.85,0
2025-07-23T14:51:00+05:30,25206.8,25209.25,25205.6,25206.0,0
2025-07-23T14:52:00+05:30,25206.1,25206.5,25203.05,25204.95,0
2025-07-23T14:53:00+05:30,25204.85,25206.75,25203.55,25204.45,0
2025-07-23T14:54:00+05:30,25204.0,25207.2,25203.2,25207.0,0
2025-07-23T14:55:00+05:30,25205.25,25207.7,25204.15,25206.1,0
2025-07-23T14:56:00+05:30,25206.7,25210.7,25205.9,25208.4,0
2025-07-23T14:57:00+05:30,25208.6,25214.25,25207.85,25213.65,0
2025-07-23T14:58:00+05:30,25213.75,25215.65,25212.65,25214.25,0
2025-07-23T14:59:00+05:30,25212.9,25216.55,25210.5,25212.55,0
2025-07-23T15:00:00+05:30,25213.4,25226.45,25213.2,25224.95,0
2025-07-23T15:01:00+05:30,25225.45,25230.7,25224.75,25225.85,0
2025-07-23T15:02:00+05:30,25226.0,25227.35,25223.7,25226.5,0
2025-07-23T15:03:00+05:30,25226.75,25231.15,25225.95,25228.25,0
2025-07-23T15:04:00+05:30,25227.7,25228.75,25222.75,25224.9,0
2025-07-23T15:05:00+05:30,25224.75,25231.45,25224.0,25230.3,0
2025-07-23T15:06:00+05:30,25230.7,25230.85,25227.35,25229.1,0
2025-07-23T15:07:00+05:30,25228.75,25231.5,25227.85,25229.5,0
2025-07-23T15:08:00+05:30,25230.0,25231.7,25228.25,25230.15,0
2025-07-23T15:09:00+05:30,25230.05,25231.25,25227.4,25231.05,0
2025-07-23T15:10:00+05:30,25230.8,25232.1,25225.2,25226.55,0
2025-07-23T15:11:00+05:30,25227.0,25231.25,25226.15,25230.8,0
2025-07-23T15:12:00+05:30,25231.1,25233.5,25229.15,25231.45,0
2025-07-23T15:13:00+05:30,25231.7,25232.35,25229.25,25230.9,0
2025-07-23T15:14:00+05:30,25230.65,25231.4,25227.3,25229.35,0
2025-07-23T15:15:00+05:30,25228.85,25229.4,25223.55,25227.1,0
2025-07-23T15:16:00+05:30,25227.7,25230.5,25225.0,25227.0,0
2025-07-23T15:17:00+05:30,25227.45,25228.9,25225.9,25228.65,0
2025-07-23T15:18:00+05:30,25228.95,25228.95,25217.0,25219.05,0
2025-07-23T15:19:00+05:30,25218.8,25221.5,25216.75,25218.65,0
2025-07-23T15:20:00+05:30,25219.0,25224.35,25215.7,25222.7,0
2025-07-23T15:21:00+05:30,25223.3,25223.9,25218.4,25220.4,0
2025-07-23T15:22:00+05:30,25220.6,25224.5,25217.85,25223.85,0
2025-07-23T15:23:00+05:30,25224.15,25226.4,25222.3,25224.25,0
2025-07-23T15:24:00+05:30,25225.0,25225.95,25220.45,25221.45,0
2025-07-23T15:25:00+05:30,25222.15,25223.85,25219.25,25220.2,0
2025-07-23T15:26:00+05:30,25220.55,25222.4,25216.1,25218.1,0
2025-07-23T15:27:00+05:30,25217.2,25220.55,25216.9,25218.85,0
2025-07-23T15:28:00+05:30,25221.75,25221.75,25209.1,25212.45,0
2025-07-23T15:29:00+05:30,25212.6,25214.9,25205.8,25209.2,0
2025-07-24T09:15:00+05:30,25243.3,25246.25,25218.35,25219.5,0
2025-07-24T09:16:00+05:30,25218.05,25227.35,25215.6,25221.2,0
2025-07-24T09:17:00+05:30,25221.85,25222.05,25207.85,25211.7,0
2025-07-24T09:18:00+05:30,25211.45,25211.45,25196.9,25204.9,0
2025-07-24T09:19:00+05:30,25205.4,25208.85,25201.65,25203.45,0
2025-07-24T09:20:00+05:30,25204.1,25214.4,25198.4,25212.45,0
2025-07-24T09:21:00+05:30,25212.7,25212.7,25206.3,25206.8,0
2025-07-24T09:22:00+05:30,25207.7,25210.0,25204.3,25208.35,0
2025-07-24T09:23:00+05:30,25207.95,25207.95,25200.15,25204.65,0
2025-07-24T09:24:00+05:30,25205.25,25206.45,25195.5,25200.0,0
2025-07-24T09:25:00+05:30,25199.3,25206.6,25197.15,25204.7,0
2025-07-24T09:26:00+05:30,25205.0,25205.7,25198.45,25199.15,0
2025-07-24T09:27:00+05:30,25199.25,25199.45,25188.45,25189.0,0
2025-07-24T09:28:00+05:30,25189.5,25193.5,25183.35,25191.7,0
2025-07-24T09:29:00+05:30,25191.4,25194.4,25188.5,25188.65,0
2025-07-24T09:30:00+05:30,25188.8,25193.9,25185.9,25188.3,0
2025-07-24T09:31:00+05:30,25188.85,25191.2,25183.75,25188.45,0
2025-07-24T09:32:00+05:30,25188.6,25195.8,25187.5,25189.25,0
2025-07-24T09:33:00+05:30,25189.35,25189.35,25183.8,25186.2,0
2025-07-24T09:34:00+05:30,25186.85,25187.0,25180.65,25185.45,0
2025-07-24T09:35:00+05:30,25185.15,25189.0,25184.7,25187.85,0
2025-07-24T09:36:00+05:30,25187.4,25193.55,25186.15,25191.35,0
2025-07-24T09:37:00+05:30,25191.9,25196.45,25189.8,25193.95,0
2025-07-24T09:38:00+05:30,25193.9,25194.05,25188.4,25190.2,0
2025-07-24T09:39:00+05:30,25190.3,25191.5,25187.95,25187.95,0
2025-07-24T09:40:00+05:30,25187.85,25187.85,25183.6,25184.3,0
2025-07-24T09:41:00+05:30,25184.5,25188.15,25178.9,25187.05,0
2025-07-24T09:42:00+05:30,25186.85,25192.05,25182.9,25183.8,0
2025-07-24T09:43:00+05:30,25184.1,25190.6,25183.75,25185.4,0
2025-07-24T09:44:00+05:30,25184.35,25188.15,25183.4,25187.15,0
2025-07-24T09:45:00+05:30,25187.85,25191.3,25185.45,25190.25,0
2025-07-24T09:46:00+05:30,25190.15,25195.9,25188.9,25193.9,0
2025-07-24T09:47:00+05:30,25194.75,25195.9,25192.3,25192.8,0
2025-07-24T09:48:00+05:30,25193.15,25193.4,25181.45,25182.15,0
2025-07-24T09:49:00+05:30,25183.05,25183.05,25174.3,25175.95,0
2025-07-24T09:50:00+05:30,25176.55,25176.55,25171.35,25173.55,0
2025-07-24T09:51:00+05:30,25173.25,25173.9,25168.55,25171.65,0
2025-07-24T09:52:00+05:30,25171.0,25172.6,25166.8,25171.9,0
2025-07-24T09:53:00+05:30,25172.3,25175.0,25170.1,25173.6,0
2025-07-24T09:54:00+05:30,25174.05,25174.4,25167.55,25168.25,0
2025-07-24T09:55:00+05:30,25167.55,25168.1,25164.25,25167.35,0
2025-07-24T09:56:00+05:30,25167.3,25168.35,25165.8,25167.95,0
2025-07-24T09:57:00+05:30,25168.1,25173.4,25166.25,25166.8,0
2025-07-24T09:58:00+05:30,25166.85,25173.0,25164.95,25171.55,0
2025-07-24T09:59:00+05:30,25171.8,25176.0,25170.45,25175.75,0
2025-07-24T10:00:00+05:30,25175.3,25175.7,25168.5,25170.35,0
2025-07-24T10:01:00+05:30,25170.4,25175.2,25169.3,25173.8,0
2025-07-24T10:02:00+05:30,25173.6,25174.2,25167.4,25167.4,0
2025-07-24T10:03:00+05:30,25167.15,25167.2,25162.7,25164.3,0
2025-07-24T10:04:00+05:30,25164.8,25166.95,25163.85,25166.55,0
2025-07-24T10:05:00+05:30,25166.35,25169.45,25165.3,25168.9,0
2025-07-24T10:06:00+05:30,25168.75,25171.7,25167.95,25168.65,0
2025-07-24T10:07:00+05:30,25168.45,25168.45,25162.15,25162.7,0
2025-07-24T10:08:00+05:30,25162.9,25162.9,25157.95,25160.55,0
2025-07-24T10:09:00+05:30,25159.8,25163.6,25158.45,25159.4,0
2025-07-24T10:10:00+05:30,25158.85,25161.95,25157.85,25161.9,0
2025-07-24T10:11:00+05:30,25162.1,25162.1,25158.3,25159.25,0
2025-07-24T10:12:00+05:30,25159.0,25160.85,25156.8,25158.0,0
2025-07-24T10:13:00+05:30,25157.9,25159.15,25155.15,25156.65,0
2025-07-24T10:14:00+05:30,25156.25,25159.2,25155.6,25158.45,0
2025-07-24T10:15:00+05:30,25158.55,25161.85,25156.75,25158.95,0
2025-07-24T10:16:00+05:30,25159.1,25164.3,25155.6,25155.6,0
2025-07-24T10:17:00+05:30,25155.7,25164.95,25154.4,25162.3,0
2025-07-24T10:18:00+05:30,25162.55,25170.7,25162.35,25165.3,0
2025-07-24T10:19:00+05:30,25165.6,25167.65,25163.5,25166.75,0
2025-07-24T10:20:00+05:30,25166.3,25170.95,25166.1,25169.6,0
2025-07-24T10:21:00+05:30,25169.45,25172.25,25163.2,25164.7,0
2025-07-24T10:22:00+05:30,25164.65,25167.45,25162.55,25164.2,0
2025-07-24T10:23:00+05:30,25164.15,25170.15,25162.15,25168.1,0
2025-07-24T10:24:00+05:30,25168.25,25170.05,25166.15,25167.8,0
2025-07-24T10:25:00+05:30,25167.5,25167.5,25162.7,25163.0,0
2025-07-24T10:26:00+05:30,25163.4,25170.7,25162.9,25170.7,0
2025-07-24T10:27:00+05:30,25170.1,25175.25,25169.6,25172.3,0
2025-07-24T10:28:00+05:30,25172.9,25174.65,25171.75,25174.0,0
2025-07-24T10:29:00+05:30,25173.3,25174.6,25171.25,25171.95,0
2025-07-24T10:30:00+05:30,25171.55,25171.7,25168.05,25168.55,0
2025-07-24T10:31:00+05:30,25169.35,25177.95,25168.2,25177.2,0
2025-07-24T10:32:00+05:30,25176.65,25178.35,25175.45,25178.35,0
2025-07-24T10:33:00+05:30,25178.85,25182.9,25178.0,25179.9,0
2025-07-24T10:34:00+05:30,25179.65,25181.25,25178.95,25180.2,0
2025-07-24T10:35:00+05:30,25180.6,25181.3,25177.75,25179.05,0
2025-07-24T10:36:00+05:30,25178.85,25179.85,25175.55,25179.85,0
2025-07-24T10:37:00+05:30,25179.6,25179.6,25176.45,25178.75,0
2025-07-24T10:38:00+05:30,25179.1,25179.1,25169.85,25171.2,0
2025-07-24T10:39:00+05:30,25171.15,25171.8,25168.4,25170.8,0
2025-07-24T10:40:00+05:30,25170.55,25172.6,25169.8,25171.2,0
2025-07-24T10:41:00+05:30,25170.7,25171.85,25162.5,25162.95,0
2025-07-24T10:42:00+05:30,25162.8,25167.8,25161.75,25164.85,0
2025-07-24T10:43:00+05:30,25164.7,25166.9,25163.45,25165.7,0
2025-07-24T10:44:00+05:30,25165.75,25169.2,25163.75,25169.05,0
2025-07-24T10:45:00+05:30,25168.75,25174.85,25168.35,25173.7,0
2025-07-24T10:46:00+05:30,25173.3,25174.1,25167.3,25167.9,0
2025-07-24T10:47:00+05:30,25167.2,25173.3,25166.85,25172.4,0
2025-07-24T10:48:00+05:30,25171.6,25173.1,25169.1,25170.0,0
2025-07-24T10:49:00+05:30,25169.6,25170.4,25166.25,25169.25,0
2025-07-24T10:50:00+05:30,25168.95,25170.1,25165.95,25168.4,0
2025-07-24T10:51:00+05:30,25168.55,25172.8,25168.05,25172.35,0
2025-07-24T10:52:00+05:30,25171.8,25172.8,25169.95,25170.7,0
2025-07-24T10:53:00+05:30,25170.85,25174.15,25170.55,25171.95,0
2025-07-24T10:54:00+05:30,25172.5,25174.3,25170.8,25173.35,0
2025-07-24T10:55:00+05:30,25173.3,25174.0,25165.0,25165.4,0
2025-07-24T10:56:00+05:30,25165.9,25167.5,25164.3,25165.05,0
2025-07-24T10:57:00+05:30,25165.45,25168.15,25163.3,25167.65,0
2025-07-24T10:58:00+05:30,25167.6,25167.6,25163.0,25164.4,0
2025-07-24T10:59:00+05:30,25164.9,25166.9,25163.3,25166.9,0
2025-07-24T11:00:00+05:30,25166.35,25167.9,25164.05,25165.95,0
2025-07-24T11:01:00+05:30,25165.7,25169.6,25162.5,25165.05,0
2025-07-24T11:02:00+05:30,25164.8,25168.55,25162.6,25164.35,0
2025-07-24T11:03:00+05:30,25164.05,25164.3,25161.05,25161.15,0
2025-07-24T11:04:00+05:30,25161.25,25161.25,25156.4,25158.35,0
2025-07-24T11:05:00+05:30,25158.4,25163.0,25157.25,25162.65,0
2025-07-24T11:06:00+05:30,25162.75,25164.35,25161.2,25163.4,0
2025-07-24T11:07:00+05:30,25163.75,25163.75,25158.1,25158.45,0
2025-07-24T11:08:00+05:30,25159.15,25162.55,25157.55,25161.55,0
2025-07-24T11:09:00+05:30,25161.0,25161.2,25157.5,25157.8,0
2025-07-24T11:10:00+05:30,25158.2,25159.1,25152.8,25156.05,0
2025-07-24T11:11:00+05:30,25156.4,25158.5,25155.7,25158.5,0
2025-07-24T11:12:00+05:30,25158.45,25159.5,25153.65,25153.65,0
2025-07-24T11:13:00+05:30,25153.2,25155.25,25150.1,25150.45,0
2025-07-24T11:14:00+05:30,25150.2,25151.2,25146.85,25148.45,0
2025-07-24T11:15:00+05:30,25147.95,25147.95,25142.0,25144.95,0
2025-07-24T11:16:00+05:30,25144.4,25148.6,25143.7,25147.55,0
2025-07-24T11:17:00+05:30,25148.3,25148.7,25140.4,25142.8,0
2025-07-24T11:18:00+05:30,25142.7,25144.25,25138.8,25142.85,0
2025-07-24T11:19:00+05:30,25142.25,25144.2,25140.6,25142.35,0
2025-07-24T11:20:00+05:30,25142.55,25145.05,25131.2,25132.85,0
2025-07-24T11:21:00+05:30,25132.5,25132.5,25120.7,25129.6,0
2025-07-24T11:22:00+05:30,25126.25,25130.85,25121.75,25123.25,0
2025-07-24T11:23:00+05:30,25125.2,25125.4,25106.25,25107.05,0
2025-07-24T11:24:00+05:30,25106.4,25118.6,25105.55,25114.1,0
2025-07-24T11:25:00+05:30,25113.7,25114.1,25106.1,25106.1,0
2025-07-24T11:26:00+05:30,25106.75,25108.7,25104.85,25106.9,0
2025-07-24T11:27:00+05:30,25107.85,25108.05,25101.6,25106.75,0
2025-07-24T11:28:00+05:30,25106.65,25117.35,25105.4,25114.6,0
2025-07-24T11:29:00+05:30,25114.45,25116.55,25112.3,25112.65,0
2025-07-24T11:30:00+05:30,25113.25,25114.95,25108.9,25110.85,0
2025-07-24T11:31:00+05:30,25110.55,25116.5,25110.05,25115.9,0
2025-07-24T11:32:00+05:30,25115.45,25115.85,25106.75,25108.45,0
2025-07-24T11:33:00+05:30,25109.3,25110.95,25107.05,25107.55,0
2025-07-24T11:34:00+05:30,25107.1,25107.65,25097.95,25098.7,0
2025-07-24T11:35:00+05:30,25099.1,25103.0,25095.8,25100.4,0
2025-07-24T11:36:00+05:30,25100.35,25100.35,25094.25,25096.05,0
2025-07-24T11:37:00+05:30,25095.7,25096.6,25089.65,25093.0,0
2025-07-24T11:38:00+05:30,25093.35,25096.6,25092.7,25095.35,0
2025-07-24T11:39:00+05:30,25095.55,25102.3,25094.55,25102.2,0
2025-07-24T11:40:00+05:30,25101.25,25103.4,25099.65,25102.9,0
2025-07-24T11:41:00+05:30,25103.15,25104.4,25100.65,25101.2,0
2025-07-24T11:42:00+05:30,25101.6,25101.6,25097.4,25100.75,0
2025-07-24T11:43:00+05:30,25100.45,25101.2,25096.55,25096.55,0
2025-07-24T11:44:00+05:30,25097.1,25099.45,25094.9,25099.05,0
2025-07-24T11:45:00+05:30,25099.65,25100.2,25097.65,25098.15,0
2025-07-24T11:46:00+05:30,25098.1,25101.9,25096.45,25101.35,0
2025-07-24T11:47:00+05:30,25101.8,25105.7,25101.25,25103.3,0
2025-07-24T11:48:00+05:30,25103.65,25111.7,25102.9,25111.55,0
2025-07-24T11:49:00+05:30,25111.3,25114.6,25106.6,25107.9,0
2025-07-24T11:50:00+05:30,25107.4,25107.4,25100.7,25102.9,0
2025-07-24T11:51:00+05:30,25103.2,25103.55,25098.75,25100.35,0
2025-07-24T11:52:00+05:30,25100.0,25101.5,25098.55,25100.6,0
2025-07-24T11:53:00+05:30,25100.2,25100.9,25095.7,25096.2,0
2025-07-24T11:54:00+05:30,25096.1,25096.65,25092.3,25092.75,0
2025-07-24T11:55:00+05:30,25092.55,25098.05,25089.9,25093.5,0
2025-07-24T11:56:00+05:30,25091.85,25091.85,25084.5,25085.25,0
2025-07-24T11:57:00+05:30,25085.1,25086.7,25077.05,25077.4,0
2025-07-24T11:58:00+05:30,25075.95,25075.95,25067.1,25073.35,0
2025-07-24T11:59:00+05:30,25073.3,25073.6,25071.0,25072.3,0
2025-07-24T12:00:00+05:30,25072.8,25072.8,25067.95,25068.55,0
2025-07-24T12:01:00+05:30,25069.35,25071.45,25059.6,25060.5,0
2025-07-24T12:02:00+05:30,25060.95,25066.35,25058.5,25060.05,0
2025-07-24T12:03:00+05:30,25060.95,25061.4,25051.75,25052.15,0
2025-07-24T12:04:00+05:30,25052.45,25052.45,25033.85,25037.55,0
2025-07-24T12:05:00+05:30,25037.45,25038.75,25021.05,25021.05,0
2025-07-24T12:06:00+05:30,25019.3,25028.5,25018.7,25027.1,0
2025-07-24T12:07:00+05:30,25027.9,25046.3,25026.3,25041.35,0
2025-07-24T12:08:00+05:30,25041.3,25044.5,25036.95,25038.7,0
2025-07-24T12:09:00+05:30,25038.5,25045.3,25035.7,25038.4,0
2025-07-24T12:10:00+05:30,25037.95,25038.5,25029.85,25030.9,0
2025-07-24T12:11:00+05:30,25031.95,25033.15,25027.3,25028.45,0
2025-07-24T12:12:00+05:30,25028.75,25041.9,25026.35,25037.05,0
2025-07-24T12:13:00+05:30,25037.1,25048.35,25036.4,25047.5,0
2025-07-24T12:14:00+05:30,25046.85,25053.35,25043.8,25049.45,0
2025-07-24T12:15:00+05:30,25049.6,25052.3,25047.25,25051.1,0
2025-07-24T12:16:00+05:30,25051.35,25058.5,25051.3,25056.1,0
2025-07-24T12:17:00+05:30,25057.15,25061.8,25052.7,25061.65,0
2025-07-24T12:18:00+05:30,25061.4,25062.75,25057.95,25060.2,0
2025-07-24T12:19:00+05:30,25060.05,25068.4,25059.0,25068.3,0
2025-07-24T12:20:00+05:30,25069.05,25071.65,25062.05,25062.8,0
2025-07-24T12:21:00+05:30,25063.05,25063.05,25053.5,25055.85,0
2025-07-24T12:22:00+05:30,25055.1,25070.25,25054.75,25070.25,0
2025-07-24T12:23:00+05:30,25070.2,25072.4,25065.5,25065.5,0
2025-07-24T12:24:00+05:30,25066.25,25068.75,25062.65,25062.9,0
2025-07-24T12:25:00+05:30,25063.0,25075.4,25062.05,25071.5,0
2025-07-24T12:26:00+05:30,25070.75,25071.8,25063.6,25064.9,0
2025-07-24T12:27:00+05:30,25065.1,25074.95,25064.0,25073.45,0
2025-07-24T12:28:00+05:30,25073.25,25073.95,25069.55,25071.45,0
2025-07-24T12:29:00+05:30,25071.75,25078.2,25070.65,25078.05,0
2025-07-24T12:30:00+05:30,25077.5,25080.95,25076.75,25078.2,0
2025-07-24T12:31:00+05:30,25078.65,25081.65,25072.2,25081.25,0
2025-07-24T12:32:00+05:30,25081.2,25090.3,25080.0,25090.3,0
2025-07-24T12:33:00+05:30,25089.05,25091.2,25086.35,25086.35,0
2025-07-24T12:34:00+05:30,25087.2,25087.2,25079.4,25081.8,0
2025-07-24T12:35:00+05:30,25082.45,25083.65,25078.35,25079.75,0
2025-07-24T12:36:00+05:30,25078.3,25080.8,25070.45,25070.45,0
2025-07-24T12:37:00+05:30,25070.7,25073.25,25068.9,25070.2,0
2025-07-24T12:38:00+05:30,25070.0,25076.6,25068.35,25076.1,0
2025-07-24T12:39:00+05:30,25076.6,25079.75,25074.35,25075.85,0
2025-07-24T12:40:00+05:30,25075.9,25076.2,25072.6,25074.65,0
2025-07-24T12:41:00+05:30,25074.2,25076.55,25073.35,25074.95,0
2025-07-24T12:42:00+05:30,25075.2,25075.2,25070.35,25070.85,0
2025-07-24T12:43:00+05:30,25071.6,25075.8,25070.05,25075.3,0
2025-07-24T12:44:00+05:30,25075.6,25080.0,25075.3,25078.0,0
2025-07-24T12:45:00+05:30,25078.7,25086.25,25078.1,25085.15,0
2025-07-24T12:46:00+05:30,25085.45,25088.5,25081.05,25081.4,0
2025-07-24T12:47:00+05:30,25081.65,25081.65,25071.3,25071.9,0
2025-07-24T12:48:00+05:30,25071.7,25078.45,25066.65,25078.2,0
2025-07-24T12:49:00+05:30,25078.4,25078.75,25075.4,25077.25,0
2025-07-24T12:50:00+05:30,25077.55,25079.75,25071.1,25079.75,0
2025-07-24T12:51:00+05:30,25079.65,25083.45,25079.65,25080.9,0
2025-07-24T12:52:00+05:30,25080.4,25080.85,25076.15,25077.25,0
2025-07-24T12:53:00+05:30,25077.1,25077.95,25073.7,25075.2,0
2025-07-24T12:54:00+05:30,25075.35,25075.35,25068.95,25070.4,0
2025-07-24T12:55:00+05:30,25070.75,25071.8,25068.85,25070.4,0
2025-07-24T12:56:00+05:30,25069.9,25070.75,25064.2,25064.6,0
2025-07-24T12:57:00+05:30,25064.5,25065.35,25063.25,25064.2,0
2025-07-24T12:58:00+05:30,25063.9,25063.9,25059.7,25060.3,0
2025-07-24T12:59:00+05:30,25060.4,25060.4,25040.8,25040.8,0
2025-07-24T13:00:00+05:30,25041.85,25048.6,25030.65,25042.75,0
2025-07-24T13:01:00+05:30,25046.7,25051.85,25045.25,25050.35,0
2025-07-24T13:02:00+05:30,25050.5,25054.7,25050.45,25054.0,0
2025-07-24T13:03:00+05:30,25054.3,25055.0,25051.25,25053.25,0
2025-07-24T13:04:00+05:30,25052.9,25053.55,25049.65,25052.25,0
2025-07-24T13:05:00+05:30,25052.6,25055.35,25051.35,25055.35,0
2025-07-24T13:06:00+05:30,25056.65,25060.05,25056.65,25058.7,0
2025-07-24T13:07:00+05:30,25059.85,25059.85,25052.0,25054.1,0
2025-07-24T13:08:00+05:30,25054.2,25059.15,25054.0,25057.1,0
2025-07-24T13:09:00+05:30,25056.95,25057.8,25052.95,25056.9,0
2025-07-24T13:10:00+05:30,25057.55,25058.0,25054.55,25056.35,0
2025-07-24T13:11:00+05:30,25056.45,25057.85,25053.65,25053.8,0
2025-07-24T13:12:00+05:30,25054.05,25055.45,25053.0,25054.8,0
2025-07-24T13:13:00+05:30,25055.25,25059.7,25054.7,25059.45,0
2025-07-24T13:14:00+05:30,25059.3,25070.85,25058.75,25066.2,0
2025-07-24T13:15:00+05:30,25066.1,25067.7,25064.2,25065.45,0
2025-07-24T13:16:00+05:30,25064.85,25064.85,25052.55,25059.1,0
2025-07-24T13:17:00+05:30,25058.95,25059.75,25055.95,25058.5,0
2025-07-24T13:18:00+05:30,25058.45,25059.3,25056.3,25058.85,0
2025-07-24T13:19:00+05:30,25059.55,25063.95,25058.45,25059.75,0
2025-07-24T13:20:00+05:30,25060.15,25060.35,25055.2,25056.7,0
2025-07-24T13:21:00+05:30,25056.5,25057.95,25050.45,25057.5,0
2025-07-24T13:22:00+05:30,25058.45,25058.45,25052.7,25054.65,0
2025-07-24T13:23:00+05:30,25054.9,25055.85,25052.55,25054.35,0
2025-07-24T13:24:00+05:30,25054.25,25056.85,25053.5,25055.6,0
2025-07-24T13:25:00+05:30,25055.9,25056.3,25052.95,25053.8,0
2025-07-24T13:26:00+05:30,25054.2,25057.55,25051.4,25057.45,0
2025-07-24T13:27:00+05:30,25057.35,25061.55,25056.55,25060.0,0
2025-07-24T13:28:00+05:30,25060.1,25061.45,25058.1,25060.3,0
2025-07-24T13:29:00+05:30,25060.65,25061.25,25057.65,25058.85,0
2025-07-24T13:30:00+05:30,25059.55,25065.05,25058.7,25064.85,0
2025-07-24T13:31:00+05:30,25064.65,25065.0,25055.75,25057.35,0
2025-07-24T13:32:00+05:30,25057.25,25059.5,25054.65,25059.1,0
2025-07-24T13:33:00+05:30,25059.65,25063.1,25058.95,25061.45,0
2025-07-24T13:34:00+05:30,25061.9,25061.9,25057.5,25061.45,0
2025-07-24T13:35:00+05:30,25061.55,25063.45,25059.6,25061.35,0
2025-07-24T13:36:00+05:30,25061.2,25061.4,25054.15,25056.05,0
2025-07-24T13:37:00+05:30,25056.85,25059.1,25052.85,25058.95,0
2025-07-24T13:38:00+05:30,25058.45,25059.85,25052.85,25052.95,0
2025-07-24T13:39:00+05:30,25054.0,25056.6,25051.5,25056.0,0
2025-07-24T13:40:00+05:30,25056.9,25061.0,25054.4,25058.95,0
2025-07-24T13:41:00+05:30,25058.9,25067.1,25056.3,25066.9,0
2025-07-24T13:42:00+05:30,25067.05,25073.65,25066.05,25072.8,0
2025-07-24T13:43:00+05:30,25072.7,25081.1,25072.55,25079.55,0
2025-07-24T13:44:00+05:30,25079.0,25079.6,25075.2,25077.05,0
2025-07-24T13:45:00+05:30,25077.1,25079.15,25074.25,25077.35,0
2025-07-24T13:46:00+05:30,25077.6,25088.75,25074.45,25088.75,0
2025-07-24T13:47:00+05:30,25088.65,25089.75,25081.3,25082.0,0
2025-07-24T13:48:00+05:30,25081.65,25089.95,25080.85,25088.95,0
2025-07-24T13:49:00+05:30,25088.15,25100.5,25087.45,25099.5,0
2025-07-24T13:50:00+05:30,25098.9,25100.15,25096.7,25099.1,0
2025-07-24T13:51:00+05:30,25099.45,25101.6,25090.65,25093.15,0
2025-07-24T13:52:00+05:30,25093.7,25094.7,25089.9,25092.85,0
2025-07-24T13:53:00+05:30,25092.95,25097.05,25091.6,25094.25,0
2025-07-24T13:54:00+05:30,25095.1,25096.3,25092.35,25092.7,0
2025-07-24T13:55:00+05:30,25092.6,25094.9,25091.7,25092.95,0
2025-07-24T13:56:00+05:30,25093.0,25093.85,25086.9,25087.8,0
2025-07-24T13:57:00+05:30,25087.7,25087.75,25079.4,25083.0,0
2025-07-24T13:58:00+05:30,25083.25,25083.25,25053.85,25058.4,0
2025-07-24T13:59:00+05:30,25055.5,25070.0,25055.5,25068.6,0
2025-07-24T14:00:00+05:30,25068.4,25068.4,25063.3,25064.35,0
2025-07-24T14:01:00+05:30,25065.25,25075.35,25064.45,25073.85,0
2025-07-24T14:02:00+05:30,25073.55,25075.9,25067.05,25073.25,0
2025-07-24T14:03:00+05:30,25073.6,25079.4,25070.95,25079.3,0
2025-07-24T14:04:00+05:30,25078.2,25101.2,25078.2,25099.1,0
2025-07-24T14:05:00+05:30,25099.5,25100.8,25093.55,25094.1,0
2025-07-24T14:06:00+05:30,25093.6,25094.45,25088.2,25089.35,0
2025-07-24T14:07:00+05:30,25089.7,25090.5,25086.65,25086.8,0
2025-07-24T14:08:00+05:30,25087.25,25098.15,25084.85,25098.15,0
2025-07-24T14:09:00+05:30,25100.25,25100.7,25093.3,25094.2,0
2025-07-24T14:10:00+05:30,25094.45,25095.85,25092.5,25093.3,0
2025-07-24T14:11:00+05:30,25093.6,25094.65,25087.7,25090.95,0
2025-07-24T14:12:00+05:30,25091.95,25094.1,25088.85,25091.8,0
2025-07-24T14:13:00+05:30,25093.0,25095.05,25090.15,25092.95,0
2025-07-24T14:14:00+05:30,25093.1,25093.55,25090.0,25091.35,0
2025-07-24T14:15:00+05:30,25091.0,25093.6,25089.45,25091.85,0
2025-07-24T14:16:00+05:30,25092.95,25095.25,25091.0,25093.6,0
2025-07-24T14:17:00+05:30,25094.25,25094.75,25091.15,25092.75,0
2025-07-24T14:18:00+05:30,25093.4,25094.6,25088.55,25093.55,0
2025-07-24T14:19:00+05:30,25094.45,25094.85,25091.4,25094.55,0
2025-07-24T14:20:00+05:30,25094.85,25103.25,25094.25,25097.8,0
2025-07-24T14:21:00+05:30,25097.35,25097.7,25081.6,25081.6,0
2025-07-24T14:22:00+05:30,25082.2,25083.2,25075.5,25081.1,0
2025-07-24T14:23:00+05:30,25080.9,25088.85,25079.55,25087.75,0
2025-07-24T14:24:00+05:30,25087.85,25087.85,25078.6,25079.7,0
2025-07-24T14:25:00+05:30,25080.7,25084.2,25079.25,25082.45,0
2025-07-24T14:26:00+05:30,25081.9,25082.8,25077.5,25077.75,0
2025-07-24T14:27:00+05:30,25078.05,25079.05,25073.85,25074.75,0
2025-07-24T14:28:00+05:30,25075.3,25075.5,25072.4,25074.35,0
2025-07-24T14:29:00+05:30,25074.4,25081.6,25072.65,25077.2,0
2025-07-24T14:30:00+05:30,25077.05,25082.8,25075.1,25080.15,0
2025-07-24T14:31:00+05:30,25080.6,25084.1,25079.7,25082.55,0
2025-07-24T14:32:00+05:30,25082.7,25084.05,25079.55,25081.6,0
2025-07-24T14:33:00+05:30,25082.35,25087.55,25081.2,25086.95,0
2025-07-24T14:34:00+05:30,25086.85,25088.05,25084.45,25086.65,0
2025-07-24T14:35:00+05:30,25086.1,25089.25,25083.3,25087.9,0
2025-07-24T14:36:00+05:30,25088.1,25093.0,25087.8,25089.15,0
2025-07-24T14:37:00+05:30,25088.65,25092.9,25087.05,25090.5,0
2025-07-24T14:38:00+05:30,25091.1,25091.1,25086.1,25087.9,0
2025-07-24T14:39:00+05:30,25088.3,25088.3,25082.15,25084.1,0
2025-07-24T14:40:00+05:30,25084.15,25086.0,25082.25,25085.4,0
2025-07-24T14:41:00+05:30,25085.0,25087.1,25078.65,25079.05,0
2025-07-24T14:42:00+05:30,25079.5,25079.5,25072.85,25075.05,0
2025-07-24T14:43:00+05:30,25075.4,25075.5,25069.4,25073.95,0
2025-07-24T14:44:00+05:30,25074.7,25076.1,25068.5,25074.45,0
2025-07-24T14:45:00+05:30,25074.75,25077.05,25073.75,25075.3,0
2025-07-24T14:46:00+05:30,25075.25,25075.9,25065.4,25070.3,0
2025-07-24T14:47:00+05:30,25070.15,25073.6,25068.65,25072.75,0
2025-07-24T14:48:00+05:30,25072.8,25072.85,25047.65,25051.1,0
2025-07-24T14:49:00+05:30,25049.15,25065.4,25049.15,25063.55,0
2025-07-24T14:50:00+05:30,25063.95,25066.45,25059.65,25061.3,0
2025-07-24T14:51:00+05:30,25061.55,25062.2,25058.35,25061.25,0
2025-07-24T14:52:00+05:30,25062.4,25062.95,25056.85,25057.05,0
2025-07-24T14:53:00+05:30,25057.25,25057.6,25053.45,25055.5,0
2025-07-24T14:54:00+05:30,25055.75,25056.65,25052.25,25055.6,0
2025-07-24T14:55:00+05:30,25055.85,25060.35,25054.2,25056.85,0
2025-07-24T14:56:00+05:30,25057.45,25057.8,25049.7,25051.45,0
2025-07-24T14:57:00+05:30,25052.3,25055.65,25051.0,25054.6,0
2025-07-24T14:58:00+05:30,25055.05,25056.95,25053.35,25055.4,0
2025-07-24T14:59:00+05:30,25055.0,25057.55,25048.65,25049.05,0
2025-07-24T15:00:00+05:30,25049.45,25062.6,25046.9,25059.15,0
2025-07-24T15:01:00+05:30,25058.75,25065.0,25058.75,25062.8,0
2025-07-24T15:02:00+05:30,25063.05,25063.25,25059.2,25061.85,0
2025-07-24T15:03:00+05:30,25061.95,25069.15,25061.4,25067.75,0
2025-07-24T15:04:00+05:30,25067.6,25070.6,25067.15,25069.8,0
2025-07-24T15:05:00+05:30,25069.9,25071.05,25064.75,25065.35,0
2025-07-24T15:06:00+05:30,25065.55,25067.1,25063.35,25063.85,0
2025-07-24T15:07:00+05:30,25063.95,25068.05,25063.95,25066.65,0
2025-07-24T15:08:00+05:30,25067.05,25067.7,25064.75,25066.6,0
2025-07-24T15:09:00+05:30,25067.25,25068.8,25065.8,25068.1,0
2025-07-24T15:10:00+05:30,25068.5,25069.9,25066.75,25067.3,0
2025-07-24T15:11:00+05:30,25067.6,25067.75,25063.5,25065.95,0
2025-07-24T15:12:00+05:30,25066.25,25069.8,25065.6,25067.5,0
2025-07-24T15:13:00+05:30,25067.9,25069.2,25066.5,25067.15,0
2025-07-24T15:14:00+05:30,25067.25,25069.05,25064.95,25069.0,0
2025-07-24T15:15:00+05:30,25068.8,25069.6,25066.7,25068.2,0
2025-07-24T15:16:00+05:30,25068.4,25069.45,25062.85,25063.35,0
2025-07-24T15:17:00+05:30,25062.9,25063.4,25061.2,25062.05,0
2025-07-24T15:18:00+05:30,25061.9,25062.1,25058.4,25059.7,0
2025-07-24T15:19:00+05:30,25059.95,25061.15,25057.15,25058.25,0
2025-07-24T15:20:00+05:30,25058.3,25060.0,25056.4,25058.5,0
2025-07-24T15:21:00+05:30,25059.05,25060.85,25057.95,25060.1,0
2025-07-24T15:22:00+05:30,25059.65,25060.5,25057.1,25058.4,0
2025-07-24T15:23:00+05:30,25057.8,25060.2,25056.95,25059.95,0
2025-07-24T15:24:00+05:30,25059.6,25060.1,25055.85,25057.35,0
2025-07-24T15:25:00+05:30,25058.25,25060.8,25054.1,25055.0,0
2025-07-24T15:26:00+05:30,25054.6,25056.95,25054.5,25055.8,0
2025-07-24T15:27:00+05:30,25056.2,25057.35,25049.5,25050.7,0
2025-07-24T15:28:00+05:30,25050.15,25057.4,25049.85,25055.25,0
2025-07-24T15:29:00+05:30,25056.35,25057.65,25046.3,25051.9,0
2025-07-25T09:15:00+05:30,25010.35,25010.35,24938.4,24954.55,0
2025-07-25T09:16:00+05:30,24954.45,24958.9,24939.65,24939.65,0
2025-07-25T09:17:00+05:30,24938.3,24948.65,24936.55,24942.5,0
2025-07-25T09:18:00+05:30,24942.15,24942.6,24923.9,24930.1,0
2025-07-25T09:19:00+05:30,24928.85,24938.15,24926.15,24934.5,0
2025-07-25T09:20:00+05:30,24935.05,24935.8,24924.45,24926.2,0
2025-07-25T09:21:00+05:30,24926.9,24929.85,24917.55,24920.65,0
2025-07-25T09:22:00+05:30,24919.75,24920.45,24907.45,24917.4,0
2025-07-25T09:23:00+05:30,24916.8,24925.4,24916.8,24924.6,0
2025-07-25T09:24:00+05:30,24924.5,24933.0,24923.45,24932.85,0
2025-07-25T09:25:00+05:30,24931.6,24933.05,24924.35,24928.65,0
2025-07-25T09:26:00+05:30,24929.9,24934.3,24928.8,24931.15,0
2025-07-25T09:27:00+05:30,24931.0,24945.5,24931.0,24943.0,0
2025-07-25T09:28:00+05:30,24943.6,24980.05,24943.6,24973.5,0
2025-07-25T09:29:00+05:30,24973.7,24992.3,24971.25,24990.85,0
2025-07-25T09:30:00+05:30,24991.55,24993.85,24971.9,24981.45,0
2025-07-25T09:31:00+05:30,24981.6,24984.35,24976.15,24982.35,0
2025-07-25T09:32:00+05:30,24982.45,24982.9,24965.85,24968.6,0
2025-07-25T09:33:00+05:30,24968.4,24980.5,24967.9,24972.9,0
2025-07-25T09:34:00+05:30,24972.4,24972.6,24950.0,24950.0,0
2025-07-25T09:35:00+05:30,24950.15,24963.2,24946.35,24962.5,0
2025-07-25T09:36:00+05:30,24961.85,24962.7,24954.25,24955.3,0
2025-07-25T09:37:00+05:30,24955.2,24967.9,24954.1,24966.45,0
2025-07-25T09:38:00+05:30,24966.65,24978.75,24966.05,24978.15,0
2025-07-25T09:39:00+05:30,24977.55,24977.55,24969.1,24973.5,0
2025-07-25T09:40:00+05:30,24972.5,24973.45,24962.1,24962.95,0
2025-07-25T09:41:00+05:30,24963.45,24964.95,24947.55,24947.65,0
2025-07-25T09:42:00+05:30,24947.95,24950.0,24939.45,24939.45,0
2025-07-25T09:43:00+05:30,24938.15,24939.6,24932.15,24935.5,0
2025-07-25T09:44:00+05:30,24935.9,24936.3,24924.6,24926.35,0
2025-07-25T09:45:00+05:30,24926.6,24937.25,24922.9,24924.0,0
2025-07-25T09:46:00+05:30,24925.55,24930.6,24921.5,24924.0,0
2025-07-25T09:47:00+05:30,24924.6,24924.85,24916.9,24919.3,0
2025-07-25T09:48:00+05:30,24919.45,24921.85,24915.5,24915.5,0
2025-07-25T09:49:00+05:30,24916.3,24924.65,24912.7,24922.15,0
2025-07-25T09:50:00+05:30,24923.15,24943.35,24922.7,24942.65,0
2025-07-25T09:51:00+05:30,24941.95,24943.3,24931.6,24931.6,0
2025-07-25T09:52:00+05:30,24931.9,24932.6,24925.05,24927.6,0
2025-07-25T09:53:00+05:30,24927.85,24933.65,24926.1,24930.3,0
2025-07-25T09:54:00+05:30,24929.6,24930.3,24919.85,24923.1,0
2025-07-25T09:55:00+05:30,24922.6,24933.45,24922.4,24930.9,0
2025-07-25T09:56:00+05:30,24931.75,24941.85,24931.4,24941.85,0
2025-07-25T09:57:00+05:30,24941.8,24946.85,24933.95,24934.3,0
2025-07-25T09:58:00+05:30,24934.8,24937.2,24924.95,24926.0,0
2025-07-25T09:59:00+05:30,24925.2,24929.85,24920.9,24928.55,0
2025-07-25T10:00:00+05:30,24928.85,24931.25,24926.1,24926.4,0
2025-07-25T10:01:00+05:30,24925.8,24928.7,24919.55,24921.0,0
2025-07-25T10:02:00+05:30,24920.8,24930.2,24920.8,24928.0,0
2025-07-25T10:03:00+05:30,24928.7,24937.15,24927.5,24937.15,0
2025-07-25T10:04:00+05:30,24937.35,24940.75,24929.9,24929.9,0
2025-07-25T10:05:00+05:30,24929.6,24930.35,24922.25,24922.6,0
2025-07-25T10:06:00+05:30,24922.35,24927.8,24921.7,24927.7,0
2025-07-25T10:07:00+05:30,24925.55,24926.5,24913.9,24913.9,0
2025-07-25T10:08:00+05:30,24913.6,24920.25,24910.9,24919.3,0
2025-07-25T10:09:00+05:30,24920.05,24920.05,24910.4,24911.9,0
2025-07-25T10:10:00+05:30,24912.05,24912.45,24907.5,24910.7,0
2025-07-25T10:11:00+05:30,24911.05,24918.9,24910.25,24912.75,0
2025-07-25T10:12:00+05:30,24912.65,24915.0,24909.2,24909.2,0
2025-07-25T10:13:00+05:30,24910.2,24916.3,24907.15,24916.2,0
2025-07-25T10:14:00+05:30,24915.85,24925.1,24903.15,24903.3,0
2025-07-25T10:15:00+05:30,24903.2,24903.3,24880.9,24888.95,0
2025-07-25T10:16:00+05:30,24889.5,24889.5,24864.85,24865.2,0
2025-07-25T10:17:00+05:30,24866.4,24872.3,24863.95,24871.65,0
2025-07-25T10:18:00+05:30,24872.25,24873.75,24866.0,24866.55,0
2025-07-25T10:19:00+05:30,24866.6,24869.2,24863.45,24863.7,0
2025-07-25T10:20:00+05:30,24864.95,24877.9,24863.95,24877.9,0
2025-07-25T10:21:00+05:30,24878.55,24878.55,24870.35,24873.75,0
2025-07-25T10:22:00+05:30,24873.6,24883.05,24873.05,24879.95,0
2025-07-25T10:23:00+05:30,24879.5,24880.95,24870.0,24870.5,0
2025-07-25T10:24:00+05:30,24870.8,24876.9,24868.8,24874.3,0
2025-07-25T10:25:00+05:30,24874.0,24874.0,24869.65,24872.0,0
2025-07-25T10:26:00+05:30,24872.55,24877.05,24867.1,24867.6,0
2025-07-25T10:27:00+05:30,24868.0,24873.2,24867.95,24873.1,0
2025-07-25T10:28:00+05:30,24873.7,24875.4,24866.8,24867.0,0
2025-07-25T10:29:00+05:30,24866.9,24874.75,24866.9,24870.65,0
2025-07-25T10:30:00+05:30,24870.45,24875.2,24867.9,24868.35,0
2025-07-25T10:31:00+05:30,24867.8,24869.15,24854.3,24855.5,0
2025-07-25T10:32:00+05:30,24855.15,24867.75,24853.9,24864.35,0
2025-07-25T10:33:00+05:30,24864.4,24864.4,24854.65,24860.65,0
2025-07-25T10:34:00+05:30,24860.85,24867.1,24860.85,24867.1,0
2025-07-25T10:35:00+05:30,24867.5,24869.2,24865.3,24866.7,0
2025-07-25T10:36:00+05:30,24866.85,24867.95,24854.85,24854.85,0
2025-07-25T10:37:00+05:30,24855.3,24855.3,24845.4,24850.1,0
2025-07-25T10:38:00+05:30,24849.45,24851.75,24844.45,24851.75,0
2025-07-25T10:39:00+05:30,24851.5,24856.3,24848.2,24852.05,0
2025-07-25T10:40:00+05:30,24852.9,24855.15,24851.95,24854.35,0
2025-07-25T10:41:00+05:30,24853.55,24854.65,24845.1,24852.15,0
2025-07-25T10:42:00+05:30,24853.45,24854.7,24849.8,24854.6,0
2025-07-25T10:43:00+05:30,24854.55,24867.05,24854.1,24866.35,0
2025-07-25T10:44:00+05:30,24866.6,24873.5,24866.25,24873.5,0
2025-07-25T10:45:00+05:30,24872.35,24872.75,24865.4,24867.5,0
2025-07-25T10:46:00+05:30,24867.45,24872.25,24866.45,24867.75,0
2025-07-25T10:47:00+05:30,24867.35,24869.6,24864.35,24865.05,0
2025-07-25T10:48:00+05:30,24864.65,24870.8,24864.4,24870.55,0
2025-07-25T10:49:00+05:30,24871.55,24875.55,24867.3,24874.9,0
2025-07-25T10:50:00+05:30,24875.1,24880.2,24874.0,24878.35,0
2025-07-25T10:51:00+05:30,24878.4,24878.4,24871.75,24875.2,0
2025-07-25T10:52:00+05:30,24875.5,24878.85,24870.2,24870.2,0
2025-07-25T10:53:00+05:30,24869.5,24870.15,24866.55,24868.25,0
2025-07-25T10:54:00+05:30,24867.85,24868.1,24862.3,24862.3,0
2025-07-25T10:55:00+05:30,24861.8,24865.75,24859.7,24865.3,0
2025-07-25T10:56:00+05:30,24865.0,24866.3,24862.6,24864.6,0
2025-07-25T10:57:00+05:30,24864.75,24866.9,24862.45,24865.35,0
2025-07-25T10:58:00+05:30,24864.75,24870.35,24863.5,24867.6,0
2025-07-25T10:59:00+05:30,24866.5,24870.85,24864.3,24870.25,0
2025-07-25T11:00:00+05:30,24870.6,24881.8,24870.5,24875.0,0
2025-07-25T11:01:00+05:30,24874.4,24874.4,24863.15,24863.8,0
2025-07-25T11:02:00+05:30,24863.35,24870.8,24862.7,24870.8,0
2025-07-25T11:03:00+05:30,24870.55,24875.05,24870.15,24875.0,0
2025-07-25T11:04:00+05:30,24874.15,24876.5,24872.85,24875.65,0
2025-07-25T11:05:00+05:30,24875.95,24882.7,24874.05,24882.15,0
2025-07-25T11:06:00+05:30,24882.7,24891.6,24880.05,24890.65,0
2025-07-25T11:07:00+05:30,24890.55,24891.4,24884.15,24885.0,0
2025-07-25T11:08:00+05:30,24884.35,24887.5,24882.1,24887.5,0
2025-07-25T11:09:00+05:30,24886.85,24888.85,24881.85,24883.0,0
2025-07-25T11:10:00+05:30,24882.9,24883.75,24876.7,24876.7,0
2025-07-25T11:11:00+05:30,24877.85,24877.85,24869.55,24870.15,0
2025-07-25T11:12:00+05:30,24870.05,24872.85,24869.3,24870.35,0
2025-07-25T11:13:00+05:30,24870.7,24870.9,24861.35,24864.15,0
2025-07-25T11:14:00+05:30,24863.85,24870.75,24863.85,24868.5,0
2025-07-25T11:15:00+05:30,24868.9,24868.9,24862.65,24864.6,0
2025-07-25T11:16:00+05:30,24865.05,24865.05,24854.8,24855.75,0
2025-07-25T11:17:00+05:30,24856.0,24864.1,24855.9,24857.25,0
2025-07-25T11:18:00+05:30,24857.75,24865.7,24857.5,24865.7,0
2025-07-25T11:19:00+05:30,24865.5,24879.05,24864.7,24878.5,0
2025-07-25T11:20:00+05:30,24878.0,24883.05,24878.0,24883.05,0
2025-07-25T11:21:00+05:30,24882.95,24887.7,24882.1,24885.8,0
2025-07-25T11:22:00+05:30,24886.2,24887.3,24884.15,24886.2,0
2025-07-25T11:23:00+05:30,24886.5,24887.45,24883.4,24885.65,0
2025-07-25T11:24:00+05:30,24885.35,24889.45,24885.35,24888.65,0
2025-07-25T11:25:00+05:30,24888.6,24888.7,24884.35,24884.95,0
2025-07-25T11:26:00+05:30,24884.7,24884.7,24876.05,24879.55,0
2025-07-25T11:27:00+05:30,24880.5,24883.6,24878.65,24883.6,0
2025-07-25T11:28:00+05:30,24883.1,24885.65,24879.5,24880.6,0
2025-07-25T11:29:00+05:30,24880.4,24883.6,24879.8,24883.05,0
2025-07-25T11:30:00+05:30,24882.75,24894.8,24882.75,24892.3,0
2025-07-25T11:31:00+05:30,24891.7,24916.85,24891.35,24914.7,0
2025-07-25T11:32:00+05:30,24914.75,24914.8,24892.6,24892.6,0
2025-07-25T11:33:00+05:30,24892.5,24893.05,24874.35,24874.35,0
2025-07-25T11:34:00+05:30,24874.25,24874.55,24867.8,24872.45,0
2025-07-25T11:35:00+05:30,24872.7,24873.2,24868.8,24869.1,0
2025-07-25T11:36:00+05:30,24866.3,24870.35,24866.3,24870.35,0
2025-07-25T11:37:00+05:30,24869.75,24870.1,24862.15,24862.15,0
2025-07-25T11:38:00+05:30,24861.75,24862.65,24859.75,24860.7,0
2025-07-25T11:39:00+05:30,24861.2,24866.7,24860.65,24865.1,0
2025-07-25T11:40:00+05:30,24864.65,24864.9,24858.3,24858.6,0
2025-07-25T11:41:00+05:30,24858.85,24859.25,24855.85,24857.1,0
2025-07-25T11:42:00+05:30,24857.05,24864.0,24855.9,24863.65,0
2025-07-25T11:43:00+05:30,24863.85,24868.25,24863.0,24866.4,0
2025-07-25T11:44:00+05:30,24866.2,24866.7,24862.3,24865.45,0
2025-07-25T11:45:00+05:30,24865.0,24865.5,24861.45,24862.0,0
2025-07-25T11:46:00+05:30,24862.1,24862.1,24857.0,24857.95,0
2025-07-25T11:47:00+05:30,24857.85,24858.6,24836.45,24838.75,0
2025-07-25T11:48:00+05:30,24839.0,24839.6,24830.85,24832.1,0
2025-07-25T11:49:00+05:30,24831.8,24839.3,24831.65,24838.25,0
2025-07-25T11:50:00+05:30,24838.4,24842.8,24836.65,24841.1,0
2025-07-25T11:51:00+05:30,24841.0,24841.0,24836.5,24837.9,0
2025-07-25T11:52:00+05:30,24838.35,24838.35,24833.75,24835.65,0
2025-07-25T11:53:00+05:30,24835.15,24843.5,24833.15,24843.2,0
2025-07-25T11:54:00+05:30,24843.25,24848.75,24843.25,24845.45,0
2025-07-25T11:55:00+05:30,24844.6,24847.75,24843.55,24846.6,0
2025-07-25T11:56:00+05:30,24844.8,24846.95,24843.2,24845.15,0
2025-07-25T11:57:00+05:30,24844.95,24847.3,24841.75,24842.35,0
2025-07-25T11:58:00+05:30,24842.8,24844.6,24841.0,24842.1,0
2025-07-25T11:59:00+05:30,24842.3,24847.6,24841.5,24846.55,0
2025-07-25T12:00:00+05:30,24846.4,24846.65,24839.65,24839.65,0
2025-07-25T12:01:00+05:30,24840.25,24840.45,24835.5,24835.75,0
2025-07-25T12:02:00+05:30,24836.3,24839.6,24834.5,24838.15,0
2025-07-25T12:03:00+05:30,24838.4,24838.65,24833.8,24836.65,0
2025-07-25T12:04:00+05:30,24836.75,24843.6,24836.6,24842.35,0
2025-07-25T12:05:00+05:30,24841.9,24848.25,24841.9,24848.15,0
2025-07-25T12:06:00+05:30,24847.7,24847.7,24842.6,24845.2,0
2025-07-25T12:07:00+05:30,24844.8,24844.9,24840.5,24841.35,0
2025-07-25T12:08:00+05:30,24841.25,24841.25,24837.4,24839.9,0
2025-07-25T12:09:00+05:30,24839.8,24839.8,24834.35,24834.85,0
2025-07-25T12:10:00+05:30,24835.75,24836.9,24833.1,24833.7,0
2025-07-25T12:11:00+05:30,24834.05,24843.6,24833.65,24842.6,0
2025-07-25T12:12:00+05:30,24843.35,24847.7,24839.1,24839.4,0
2025-07-25T12:13:00+05:30,24839.85,24844.1,24839.85,24843.65,0
2025-07-25T12:14:00+05:30,24843.75,24845.55,24842.3,24844.15,0
2025-07-25T12:15:00+05:30,24844.4,24846.05,24837.55,24839.1,0
2025-07-25T12:16:00+05:30,24838.8,24838.8,24834.35,24836.15,0
2025-07-25T12:17:00+05:30,24833.95,24840.65,24833.95,24839.5,0
2025-07-25T12:18:00+05:30,24839.85,24841.6,24833.4,24833.7,0
2025-07-25T12:19:00+05:30,24833.95,24835.6,24831.8,24832.0,0
2025-07-25T12:20:00+05:30,24831.8,24833.0,24827.75,24832.9,0
2025-07-25T12:21:00+05:30,24832.85,24835.1,24824.5,24825.4,0
2025-07-25T12:22:00+05:30,24825.05,24828.35,24824.4,24824.95,0
2025-07-25T12:23:00+05:30,24826.75,24826.9,24817.05,24820.45,0
2025-07-25T12:24:00+05:30,24819.75,24824.55,24811.65,24824.55,0
2025-07-25T12:25:00+05:30,24824.35,24826.95,24821.8,24822.25,0
2025-07-25T12:26:00+05:30,24821.8,24821.8,24817.3,24818.75,0
2025-07-25T12:27:00+05:30,24818.45,24824.1,24818.45,24819.3,0
2025-07-25T12:28:00+05:30,24819.15,24823.8,24818.9,24823.35,0
2025-07-25T12:29:00+05:30,24823.1,24828.4,24821.15,24828.35,0
2025-07-25T12:30:00+05:30,24828.15,24833.4,24827.8,24832.15,0
2025-07-25T12:31:00+05:30,24831.8,24836.6,24829.7,24836.6,0
2025-07-25T12:32:00+05:30,24836.1,24840.5,24835.35,24835.95,0
2025-07-25T12:33:00+05:30,24835.2,24840.2,24834.15,24839.45,0
2025-07-25T12:34:00+05:30,24839.7,24844.0,24829.3,24831.9,0
2025-07-25T12:35:00+05:30,24831.45,24838.4,24831.05,24838.4,0
2025-07-25T12:36:00+05:30,24836.3,24848.25,24835.75,24847.05,0
2025-07-25T12:37:00+05:30,24846.55,24856.15,24846.55,24854.55,0
2025-07-25T12:38:00+05:30,24854.75,24862.5,24853.9,24860.1,0
2025-07-25T12:39:00+05:30,24859.65,24873.75,24859.45,24871.0,0
2025-07-25T12:40:00+05:30,24870.5,24886.6,24870.5,24879.45,0
2025-07-25T12:41:00+05:30,24878.25,24878.9,24861.2,24862.05,0
2025-07-25T12:42:00+05:30,24861.1,24861.65,24855.55,24860.5,0
2025-07-25T12:43:00+05:30,24860.25,24867.05,24859.65,24865.75,0
2025-07-25T12:44:00+05:30,24864.5,24873.5,24863.65,24864.7,0
2025-07-25T12:45:00+05:30,24865.25,24869.5,24864.8,24868.2,0
2025-07-25T12:46:00+05:30,24868.0,24869.3,24865.05,24868.5,0
2025-07-25T12:47:00+05:30,24867.9,24871.0,24867.25,24867.95,0
2025-07-25T12:48:00+05:30,24867.8,24873.0,24867.8,24872.5,0
2025-07-25T12:49:00+05:30,24871.95,24873.45,24870.8,24873.0,0
2025-07-25T12:50:00+05:30,24872.95,24875.6,24872.65,24874.55,0
2025-07-25T12:51:00+05:30,24873.75,24874.85,24860.65,24861.3,0
2025-07-25T12:52:00+05:30,24861.7,24865.9,24861.3,24861.75,0
2025-07-25T12:53:00+05:30,24861.25,24863.65,24859.7,24862.8,0
2025-07-25T12:54:00+05:30,24862.1,24863.5,24854.9,24855.9,0
2025-07-25T12:55:00+05:30,24855.5,24859.4,24853.2,24855.1,0
2025-07-25T12:56:00+05:30,24854.0,24855.6,24852.35,24853.8,0
2025-07-25T12:57:00+05:30,24854.35,24858.75,24853.2,24857.25,0
2025-07-25T12:58:00+05:30,24857.1,24859.1,24855.85,24857.85,0
2025-07-25T12:59:00+05:30,24857.75,24859.25,24855.2,24855.9,0
2025-07-25T13:00:00+05:30,24855.6,24865.75,24854.8,24864.1,0
2025-07-25T13:01:00+05:30,24864.15,24868.1,24864.05,24866.55,0
2025-07-25T13:02:00+05:30,24866.35,24868.3,24858.75,24859.55,0
2025-07-25T13:03:00+05:30,24858.4,24860.45,24848.55,24852.85,0
2025-07-25T13:04:00+05:30,24852.35,24854.45,24849.2,24850.85,0
2025-07-25T13:05:00+05:30,24850.4,24851.65,24848.0,24848.75,0
2025-07-25T13:06:00+05:30,24848.3,24860.35,24847.45,24860.35,0
2025-07-25T13:07:00+05:30,24859.7,24868.5,24859.55,24867.65,0
2025-07-25T13:08:00+05:30,24867.45,24867.85,24855.6,24857.8,0
2025-07-25T13:09:00+05:30,24857.15,24860.45,24854.35,24855.9,0
2025-07-25T13:10:00+05:30,24855.7,24860.7,24855.55,24859.4,0
2025-07-25T13:11:00+05:30,24859.7,24860.1,24852.35,24853.6,0
2025-07-25T13:12:00+05:30,24853.2,24854.1,24849.25,24850.15,0
2025-07-25T13:13:00+05:30,24847.95,24855.45,24847.35,24854.1,0
2025-07-25T13:14:00+05:30,24853.45,24859.6,24853.05,24857.55,0
2025-07-25T13:15:00+05:30,24857.7,24859.15,24852.8,24853.95,0
2025-07-25T13:16:00+05:30,24853.55,24858.45,24853.1,24854.95,0
2025-07-25T13:17:00+05:30,24854.5,24856.5,24848.9,24849.1,0
2025-07-25T13:18:00+05:30,24848.25,24855.0,24847.85,24853.55,0
2025-07-25T13:19:00+05:30,24853.15,24860.65,24852.05,24860.4,0
2025-07-25T13:20:00+05:30,24860.35,24865.05,24857.55,24858.75,0
2025-07-25T13:21:00+05:30,24858.45,24862.45,24857.4,24860.5,0
2025-07-25T13:22:00+05:30,24861.1,24864.1,24860.1,24864.1,0
2025-07-25T13:23:00+05:30,24863.55,24866.65,24863.15,24865.85,0
2025-07-25T13:24:00+05:30,24865.6,24872.85,24865.6,24872.45,0
2025-07-25T13:25:00+05:30,24872.65,24872.75,24864.5,24866.45,0
2025-07-25T13:26:00+05:30,24865.85,24867.4,24862.25,24866.15,0
2025-07-25T13:27:00+05:30,24866.65,24869.45,24862.85,24863.65,0
2025-07-25T13:28:00+05:30,24863.15,24866.5,24862.0,24862.5,0
2025-07-25T13:29:00+05:30,24862.35,24862.7,24856.3,24856.35,0
2025-07-25T13:30:00+05:30,24856.3,24858.1,24854.55,24855.55,0
2025-07-25T13:31:00+05:30,24855.45,24856.1,24849.8,24849.9,0
2025-07-25T13:32:00+05:30,24850.6,24853.2,24849.2,24853.1,0
2025-07-25T13:33:00+05:30,24852.65,24853.35,24842.25,24843.4,0
2025-07-25T13:34:00+05:30,24843.3,24843.95,24806.35,24811.7,0
2025-07-25T13:35:00+05:30,24810.25,24829.0,24810.25,24827.85,0
2025-07-25T13:36:00+05:30,24828.65,24832.75,24827.7,24829.8,0
2025-07-25T13:37:00+05:30,24829.6,24832.05,24827.05,24831.4,0
2025-07-25T13:38:00+05:30,24830.8,24853.95,24830.8,24853.4,0
2025-07-25T13:39:00+05:30,24852.95,24852.95,24848.0,24851.5,0
2025-07-25T13:40:00+05:30,24850.95,24852.65,24846.65,24848.75,0
2025-07-25T13:41:00+05:30,24847.6,24858.3,24847.6,24858.05,0
2025-07-25T13:42:00+05:30,24858.45,24861.45,24857.55,24861.45,0
2025-07-25T13:43:00+05:30,24861.35,24862.65,24857.3,24861.35,0
2025-07-25T13:44:00+05:30,24860.8,24864.4,24858.6,24863.3,0
2025-07-25T13:45:00+05:30,24863.35,24864.55,24857.05,24857.85,0
2025-07-25T13:46:00+05:30,24858.2,24870.35,24857.05,24865.45,0
2025-07-25T13:47:00+05:30,24863.85,24869.65,24861.65,24869.1,0
2025-07-25T13:48:00+05:30,24868.55,24869.4,24864.2,24867.15,0
2025-07-25T13:49:00+05:30,24866.95,24868.6,24864.25,24865.8,0
2025-07-25T13:50:00+05:30,24865.85,24868.45,24862.5,24864.7,0
2025-07-25T13:51:00+05:30,24865.5,24869.4,24862.3,24863.85,0
2025-07-25T13:52:00+05:30,24862.45,24865.05,24860.2,24860.85,0
2025-07-25T13:53:00+05:30,24859.65,24875.2,24859.65,24875.2,0
2025-07-25T13:54:00+05:30,24875.1,24880.05,24873.1,24874.7,0
2025-07-25T13:55:00+05:30,24874.25,24875.2,24866.6,24870.3,0
2025-07-25T13:56:00+05:30,24869.8,24875.05,24869.8,24873.15,0
2025-07-25T13:57:00+05:30,24873.5,24875.35,24871.7,24874.3,0
2025-07-25T13:58:00+05:30,24874.05,24876.5,24871.15,24872.55,0
2025-07-25T13:59:00+05:30,24872.35,24875.25,24871.35,24874.4,0
2025-07-25T14:00:00+05:30,24873.35,24879.85,24873.35,24877.95,0
2025-07-25T14:01:00+05:30,24878.2,24879.3,24869.9,24869.9,0
2025-07-25T14:02:00+05:30,24870.05,24871.45,24866.8,24867.6,0
2025-07-25T14:03:00+05:30,24867.25,24869.0,24862.5,24863.95,0
2025-07-25T14:04:00+05:30,24862.95,24864.0,24857.15,24859.4,0
2025-07-25T14:05:00+05:30,24858.45,24859.2,24852.2,24853.1,0
2025-07-25T14:06:00+05:30,24853.0,24853.35,24842.9,24844.1,0
2025-07-25T14:07:00+05:30,24843.4,24845.3,24840.3,24843.35,0
2025-07-25T14:08:00+05:30,24842.65,24848.0,24842.2,24848.0,0
2025-07-25T14:09:00+05:30,24847.55,24849.7,24846.55,24848.5,0
2025-07-25T14:10:00+05:30,24848.05,24849.9,24844.1,24844.8,0
2025-07-25T14:11:00+05:30,24844.1,24848.5,24844.1,24847.8,0
2025-07-25T14:12:00+05:30,24847.65,24848.8,24846.6,24847.8,0
2025-07-25T14:13:00+05:30,24847.35,24848.2,24845.0,24846.45,0
2025-07-25T14:14:00+05:30,24846.15,24847.1,24835.9,24839.35,0
2025-07-25T14:15:00+05:30,24839.15,24844.5,24838.35,24844.5,0
2025-07-25T14:16:00+05:30,24844.1,24848.9,24840.95,24841.95,0
2025-07-25T14:17:00+05:30,24841.55,24843.4,24839.15,24842.7,0
2025-07-25T14:18:00+05:30,24841.8,24844.95,24837.4,24839.6,0
2025-07-25T14:19:00+05:30,24839.2,24843.15,24837.1,24842.0,0
2025-07-25T14:20:00+05:30,24840.6,24845.35,24838.0,24845.05,0
2025-07-25T14:21:00+05:30,24844.5,24847.55,24844.45,24845.65,0
2025-07-25T14:22:00+05:30,24845.05,24847.7,24844.35,24845.85,0
2025-07-25T14:23:00+05:30,24844.8,24847.0,24841.3,24846.05,0
2025-07-25T14:24:00+05:30,24845.15,24854.35,24844.2,24852.7,0
2025-07-25T14:25:00+05:30,24850.15,24852.6,24847.4,24847.8,0
2025-07-25T14:26:00+05:30,24846.95,24847.65,24835.55,24838.6,0
2025-07-25T14:27:00+05:30,24837.8,24838.75,24813.85,24816.25,0
2025-07-25T14:28:00+05:30,24816.35,24839.25,24816.35,24838.75,0
2025-07-25T14:29:00+05:30,24838.05,24840.85,24833.7,24835.8,0
2025-07-25T14:30:00+05:30,24831.8,24837.8,24831.8,24836.95,0
2025-07-25T14:31:00+05:30,24836.4,24837.4,24833.25,24836.15,0
2025-07-25T14:32:00+05:30,24834.8,24836.25,24831.1,24833.0,0
2025-07-25T14:33:00+05:30,24833.9,24834.0,24830.1,24831.1,0
2025-07-25T14:34:00+05:30,24829.9,24833.2,24828.6,24829.0,0
2025-07-25T14:35:00+05:30,24828.3,24835.3,24825.25,24834.85,0
2025-07-25T14:36:00+05:30,24833.7,24840.0,24833.7,24836.8,0
2025-07-25T14:37:00+05:30,24835.65,24838.7,24833.35,24835.1,0
2025-07-25T14:38:00+05:30,24834.7,24840.15,24834.0,24839.55,0
2025-07-25T14:39:00+05:30,24838.7,24845.55,24838.7,24845.25,0
2025-07-25T14:40:00+05:30,24843.6,24848.3,24842.25,24847.4,0
2025-07-25T14:41:00+05:30,24846.8,24846.8,24836.65,24837.55,0
2025-07-25T14:42:00+05:30,24837.45,24837.45,24832.0,24833.25,0
2025-07-25T14:43:00+05:30,24833.0,24833.0,24829.5,24831.3,0
2025-07-25T14:44:00+05:30,24830.8,24832.55,24827.4,24832.15,0
2025-07-25T14:45:00+05:30,24832.3,24836.9,24832.3,24835.65,0
2025-07-25T14:46:00+05:30,24835.25,24835.9,24824.6,24826.4,0
2025-07-25T14:47:00+05:30,24825.7,24831.85,24825.7,24831.35,0
2025-07-25T14:48:00+05:30,24830.95,24834.9,24830.3,24833.35,0
2025-07-25T14:49:00+05:30,24832.35,24833.7,24822.4,24824.1,0
2025-07-25T14:50:00+05:30,24823.6,24829.5,24823.6,24827.2,0
2025-07-25T14:51:00+05:30,24826.05,24828.2,24821.45,24822.05,0
2025-07-25T14:52:00+05:30,24821.4,24824.35,24818.15,24819.7,0
2025-07-25T14:53:00+05:30,24818.55,24825.85,24818.55,24825.75,0
2025-07-25T14:54:00+05:30,24824.5,24830.4,24824.5,24825.35,0
2025-07-25T14:55:00+05:30,24825.2,24828.2,24824.25,24828.0,0
2025-07-25T14:56:00+05:30,24827.2,24830.2,24827.2,24828.35,0
2025-07-25T14:57:00+05:30,24827.05,24831.7,24827.05,24830.1,0
2025-07-25T14:58:00+05:30,24828.6,24833.4,24828.55,24831.8,0
2025-07-25T14:59:00+05:30,24831.6,24834.35,24830.35,24833.95,0
2025-07-25T15:00:00+05:30,24833.7,24839.75,24808.4,24830.55,0
2025-07-25T15:01:00+05:30,24831.25,24834.5,24826.7,24832.5,0
2025-07-25T15:02:00+05:30,24832.4,24834.5,24830.35,24832.65,0
2025-07-25T15:03:00+05:30,24831.8,24833.1,24827.45,24827.7,0
2025-07-25T15:04:00+05:30,24827.6,24830.15,24826.9,24829.55,0
2025-07-25T15:05:00+05:30,24829.1,24832.3,24829.1,24831.45,0
2025-07-25T15:06:00+05:30,24831.95,24836.5,24831.2,24836.5,0
2025-07-25T15:07:00+05:30,24835.75,24839.05,24835.55,24838.2,0
2025-07-25T15:08:00+05:30,24837.05,24840.4,24836.5,24840.25,0
2025-07-25T15:09:00+05:30,24840.65,24849.0,24839.1,24849.0,0
2025-07-25T15:10:00+05:30,24848.0,24848.9,24844.8,24846.1,0
2025-07-25T15:11:00+05:30,24845.4,24849.0,24842.2,24842.2,0
2025-07-25T15:12:00+05:30,24841.85,24843.25,24841.0,24841.8,0
2025-07-25T15:13:00+05:30,24841.95,24844.5,24841.9,24844.05,0
2025-07-25T15:14:00+05:30,24843.9,24845.55,24843.2,24844.4,0
2025-07-25T15:15:00+05:30,24844.95,24845.4,24840.75,24841.3,0
2025-07-25T15:16:00+05:30,24839.45,24841.0,24836.1,24837.15,0
2025-07-25T15:17:00+05:30,24836.65,24841.4,24836.65,24838.55,0
2025-07-25T15:18:00+05:30,24839.1,24839.5,24834.5,24834.95,0
2025-07-25T15:19:00+05:30,24834.6,24837.5,24832.5,24833.7,0
2025-07-25T15:20:00+05:30,24832.75,24844.3,24832.75,24840.4,0
2025-07-25T15:21:00+05:30,24840.7,24844.1,24839.25,24843.65,0
2025-07-25T15:22:00+05:30,24842.85,24843.7,24839.5,24840.7,0
2025-07-25T15:23:00+05:30,24840.65,24842.4,24838.55,24839.25,0
2025-07-25T15:24:00+05:30,24839.0,24841.15,24836.7,24838.8,0
2025-07-25T15:25:00+05:30,24838.6,24840.8,24836.25,24838.35,0
2025-07-25T15:26:00+05:30,24837.85,24841.05,24832.4,24835.4,0
2025-07-25T15:27:00+05:30,24833.1,24834.55,24827.7,24830.9,0
2025-07-25T15:28:00+05:30,24830.05,24832.95,24823.7,24829.5,0
2025-07-25T15:29:00+05:30,24826.05,24835.75,24823.05,24832.2,0
2025-07-28T09:15:00+05:30,24782.45,24799.8,24752.15,24755.05,0
2025-07-28T09:16:00+05:30,24755.2,24755.2,24735.2,24741.15,0
2025-07-28T09:17:00+05:30,24743.45,24747.75,24732.7,24737.4,0
2025-07-28T09:18:00+05:30,24737.05,24760.1,24736.3,24751.25,0
2025-07-28T09:19:00+05:30,24752.0,24789.7,24752.0,24789.35,0
2025-07-28T09:20:00+05:30,24787.8,24796.7,24775.95,24784.45,0
2025-07-28T09:21:00+05:30,24785.1,24789.25,24764.95,24768.7,0
2025-07-28T09:22:00+05:30,24767.35,24773.05,24761.35,24773.05,0
2025-07-28T09:23:00+05:30,24774.35,24786.4,24772.1,24781.45,0
2025-07-28T09:24:00+05:30,24781.3,24787.65,24774.8,24782.7,0
2025-07-28T09:25:00+05:30,24783.45,24790.35,24774.95,24785.35,0
2025-07-28T09:26:00+05:30,24785.55,24788.6,24776.15,24786.9,0
2025-07-28T09:27:00+05:30,24786.1,24790.55,24784.65,24786.2,0
2025-07-28T09:28:00+05:30,24786.5,24789.9,24776.95,24777.3,0
2025-07-28T09:29:00+05:30,24777.5,24789.1,24773.05,24785.3,0
2025-07-28T09:30:00+05:30,24784.05,24802.95,24784.05,24802.9,0
2025-07-28T09:31:00+05:30,24803.7,24819.25,24803.7,24818.65,0
2025-07-28T09:32:00+05:30,24818.15,24828.1,24818.15,24822.75,0
2025-07-28T09:33:00+05:30,24823.4,24829.4,24819.95,24826.0,0
2025-07-28T09:34:00+05:30,24824.15,24854.7,24824.15,24844.65,0
2025-07-28T09:35:00+05:30,24843.3,24851.5,24833.95,24838.1,0
2025-07-28T09:36:00+05:30,24839.3,24841.65,24832.4,24840.25,0
2025-07-28T09:37:00+05:30,24840.85,24841.55,24824.45,24832.9,0
2025-07-28T09:38:00+05:30,24833.75,24838.6,24827.45,24828.55,0
2025-07-28T09:39:00+05:30,24826.75,24829.4,24822.35,24826.0,0
2025-07-28T09:40:00+05:30,24825.7,24827.1,24820.05,24822.15,0
2025-07-28T09:41:00+05:30,24821.65,24821.65,24796.65,24802.0,0
2025-07-28T09:42:00+05:30,24802.2,24810.25,24801.45,24806.15,0
2025-07-28T09:43:00+05:30,24805.05,24805.95,24787.7,24789.2,0
2025-07-28T09:44:00+05:30,24789.95,24791.9,24785.05,24785.05,0
2025-07-28T09:45:00+05:30,24783.2,24798.5,24781.15,24793.75,0
2025-07-28T09:46:00+05:30,24794.1,24807.9,24789.5,24790.6,0
2025-07-28T09:47:00+05:30,24790.85,24803.8,24788.6,24803.8,0
2025-07-28T09:48:00+05:30,24802.55,24806.1,24800.45,24801.9,0
2025-07-28T09:49:00+05:30,24802.4,24815.65,24794.5,24812.75,0
2025-07-28T09:50:00+05:30,24813.75,24814.9,24805.65,24813.0,0
2025-07-28T09:51:00+05:30,24814.05,24827.0,24812.5,24821.6,0
2025-07-28T09:52:00+05:30,24821.45,24821.45,24810.3,24812.0,0
2025-07-28T09:53:00+05:30,24813.05,24822.65,24811.4,24814.65,0
2025-07-28T09:54:00+05:30,24813.65,24813.65,24806.6,24812.1,0
2025-07-28T09:55:00+05:30,24812.3,24824.7,24807.25,24807.4,0
2025-07-28T09:56:00+05:30,24807.15,24807.25,24798.25,24804.4,0
2025-07-28T09:57:00+05:30,24804.1,24805.1,24799.5,24802.25,0
2025-07-28T09:58:00+05:30,24800.5,24804.25,24798.4,24801.1,0
2025-07-28T09:59:00+05:30,24801.45,24803.8,24794.8,24802.85,0
2025-07-28T10:00:00+05:30,24802.25,24809.55,24802.25,24804.0,0
2025-07-28T10:01:00+05:30,24803.9,24811.8,24802.6,24810.5,0
2025-07-28T10:02:00+05:30,24810.1,24818.8,24809.05,24817.1,0
2025-07-28T10:03:00+05:30,24816.2,24816.2,24808.25,24811.1,0
2025-07-28T10:04:00+05:30,24811.35,24816.4,24810.05,24816.05,0
2025-07-28T10:05:00+05:30,24816.5,24817.6,24811.1,24811.1,0
2025-07-28T10:06:00+05:30,24811.4,24819.45,24809.55,24818.75,0
2025-07-28T10:07:00+05:30,24819.15,24823.2,24817.9,24820.2,0
2025-07-28T10:08:00+05:30,24819.7,24821.7,24815.8,24821.55,0
2025-07-28T10:09:00+05:30,24821.0,24828.6,24818.5,24827.05,0
2025-07-28T10:10:00+05:30,24828.0,24833.7,24827.05,24827.2,0
2025-07-28T10:11:00+05:30,24827.25,24832.3,24823.65,24832.3,0
2025-07-28T10:12:00+05:30,24831.75,24840.45,24830.6,24835.4,0
2025-07-28T10:13:00+05:30,24835.6,24838.8,24831.95,24836.85,0
2025-07-28T10:14:00+05:30,24836.8,24844.25,24833.2,24844.25,0
2025-07-28T10:15:00+05:30,24844.1,24876.7,24844.1,24871.45,0
2025-07-28T10:16:00+05:30,24870.8,24875.3,24868.35,24874.45,0
2025-07-28T10:17:00+05:30,24875.1,24877.45,24870.6,24873.0,0
2025-07-28T10:18:00+05:30,24873.8,24876.45,24869.95,24871.85,0
2025-07-28T10:19:00+05:30,24870.8,24874.55,24863.95,24866.3,0
2025-07-28T10:20:00+05:30,24865.55,24872.2,24864.4,24869.55,0
2025-07-28T10:21:00+05:30,24868.9,24878.35,24867.8,24876.5,0
2025-07-28T10:22:00+05:30,24876.65,24876.65,24865.55,24869.55,0
2025-07-28T10:23:00+05:30,24869.7,24874.8,24866.8,24873.75,0
2025-07-28T10:24:00+05:30,24874.8,24889.2,24872.6,24876.25,0
2025-07-28T10:25:00+05:30,24876.4,24876.4,24867.85,24873.8,0
2025-07-28T10:26:00+05:30,24874.05,24882.05,24873.5,24874.7,0
2025-07-28T10:27:00+05:30,24874.3,24880.8,24870.5,24880.0,0
2025-07-28T10:28:00+05:30,24879.5,24881.15,24874.9,24875.35,0
2025-07-28T10:29:00+05:30,24875.25,24877.1,24868.65,24870.9,0
2025-07-28T10:30:00+05:30,24871.9,24885.4,24871.45,24882.7,0
2025-07-28T10:31:00+05:30,24882.9,24883.95,24875.75,24875.75,0
2025-07-28T10:32:00+05:30,24876.3,24876.65,24868.3,24869.5,0
2025-07-28T10:33:00+05:30,24869.9,24869.9,24863.9,24866.7,0
2025-07-28T10:34:00+05:30,24866.9,24867.05,24861.6,24862.8,0
2025-07-28T10:35:00+05:30,24862.7,24864.45,24856.2,24856.75,0
2025-07-28T10:36:00+05:30,24857.55,24859.1,24846.05,24847.3,0
2025-07-28T10:37:00+05:30,24847.5,24851.7,24845.45,24849.85,0
2025-07-28T10:38:00+05:30,24848.6,24848.6,24831.8,24833.3,0
2025-07-28T10:39:00+05:30,24833.55,24841.5,24827.45,24828.3,0
2025-07-28T10:40:00+05:30,24826.95,24837.75,24826.95,24836.1,0
2025-07-28T10:41:00+05:30,24836.45,24838.6,24830.0,24830.5,0
2025-07-28T10:42:00+05:30,24831.1,24833.2,24815.55,24818.05,0
2025-07-28T10:43:00+05:30,24818.65,24824.65,24818.15,24820.75,0
2025-07-28T10:44:00+05:30,24822.15,24822.15,24814.75,24819.7,0
2025-07-28T10:45:00+05:30,24820.4,24820.4,24803.7,24808.6,0
2025-07-28T10:46:00+05:30,24810.55,24810.55,24775.4,24778.45,0
2025-07-28T10:47:00+05:30,24779.4,24788.15,24779.4,24784.45,0
2025-07-28T10:48:00+05:30,24783.65,24787.15,24775.8,24777.7,0
2025-07-28T10:49:00+05:30,24778.2,24787.1,24777.75,24782.95,0
2025-07-28T10:50:00+05:30,24782.35,24790.25,24781.55,24788.15,0
2025-07-28T10:51:00+05:30,24788.55,24801.4,24788.55,24800.9,0
2025-07-28T10:52:00+05:30,24800.4,24812.05,24800.4,24807.9,0
2025-07-28T10:53:00+05:30,24807.7,24810.1,24803.95,24805.9,0
2025-07-28T10:54:00+05:30,24804.55,24812.45,24803.25,24810.55,0
2025-07-28T10:55:00+05:30,24809.4,24813.9,24808.7,24811.05,0
2025-07-28T10:56:00+05:30,24811.0,24817.3,24809.55,24811.35,0
2025-07-28T10:57:00+05:30,24810.9,24828.15,24810.65,24823.35,0
2025-07-28T10:58:00+05:30,24823.75,24825.5,24821.45,24823.45,0
2025-07-28T10:59:00+05:30,24823.0,24827.9,24822.6,24827.2,0
2025-07-28T11:00:00+05:30,24826.85,24838.7,24824.9,24838.7,0
2025-07-28T11:01:00+05:30,24838.3,24844.65,24835.75,24837.55,0
2025-07-28T11:02:00+05:30,24837.8,24840.25,24833.8,24834.15,0
2025-07-28T11:03:00+05:30,24833.75,24834.45,24817.05,24822.15,0
2025-07-28T11:04:00+05:30,24821.6,24823.65,24811.75,24813.35,0
2025-07-28T11:05:00+05:30,24813.55,24815.25,24806.15,24808.0,0
2025-07-28T11:06:00+05:30,24807.65,24811.8,24799.5,24806.3,0
2025-07-28T11:07:00+05:30,24805.8,24807.9,24798.2,24798.2,0
2025-07-28T11:08:00+05:30,24797.95,24802.85,24797.55,24800.7,0
2025-07-28T11:09:00+05:30,24800.1,24801.3,24797.05,24798.35,0
2025-07-28T11:10:00+05:30,24798.7,24811.4,24798.7,24806.85,0
2025-07-28T11:11:00+05:30,24807.0,24814.25,24805.05,24812.85,0
2025-07-28T11:12:00+05:30,24814.65,24815.5,24802.5,24804.75,0
2025-07-28T11:13:00+05:30,24805.8,24807.0,24803.25,24804.65,0
2025-07-28T11:14:00+05:30,24804.25,24809.95,24803.95,24807.55,0
2025-07-28T11:15:00+05:30,24807.4,24810.9,24806.5,24807.3,0
2025-07-28T11:16:00+05:30,24807.8,24815.25,24807.35,24811.05,0
2025-07-28T11:17:00+05:30,24811.1,24814.9,24808.6,24812.1,0
2025-07-28T11:18:00+05:30,24811.25,24813.9,24807.4,24808.95,0
2025-07-28T11:19:00+05:30,24808.05,24814.25,24807.4,24811.45,0
2025-07-28T11:20:00+05:30,24811.05,24811.05,24803.95,24808.65,0
2025-07-28T11:21:00+05:30,24808.7,24809.3,24805.7,24807.5,0
2025-07-28T11:22:00+05:30,24807.85,24816.15,24807.75,24816.0,0
2025-07-28T11:23:00+05:30,24815.95,24816.45,24809.55,24811.5,0
2025-07-28T11:24:00+05:30,24812.55,24819.25,24811.2,24818.5,0
2025-07-28T11:25:00+05:30,24818.6,24818.9,24806.65,24807.05,0
2025-07-28T11:26:00+05:30,24807.95,24816.45,24806.1,24816.45,0
2025-07-28T11:27:00+05:30,24815.9,24822.8,24814.25,24816.1,0
2025-07-28T11:28:00+05:30,24816.45,24818.4,24810.75,24814.35,0
2025-07-28T11:29:00+05:30,24814.4,24815.85,24810.4,24814.45,0
2025-07-28T11:30:00+05:30,24815.3,24815.55,24808.4,24810.6,0
2025-07-28T11:31:00+05:30,24810.25,24821.35,24808.9,24820.5,0
2025-07-28T11:32:00+05:30,24820.65,24823.15,24815.15,24818.7,0
2025-07-28T11:33:00+05:30,24818.75,24821.9,24814.6,24814.8,0
2025-07-28T11:34:00+05:30,24814.65,24819.4,24813.9,24817.8,0
2025-07-28T11:35:00+05:30,24817.45,24823.8,24817.45,24819.8,0
2025-07-28T11:36:00+05:30,24819.55,24824.55,24819.55,24822.1,0
2025-07-28T11:37:00+05:30,24822.4,24824.6,24818.05,24818.05,0
2025-07-28T11:38:00+05:30,24818.3,24820.5,24810.2,24811.1,0
2025-07-28T11:39:00+05:30,24810.7,24813.8,24809.95,24812.8,0
2025-07-28T11:40:00+05:30,24812.5,24813.2,24801.45,24802.05,0
2025-07-28T11:41:00+05:30,24802.45,24802.45,24779.45,24787.45,0
2025-07-28T11:42:00+05:30,24789.65,24804.05,24789.65,24803.0,0
2025-07-28T11:43:00+05:30,24802.55,24804.95,24798.9,24798.9,0
2025-07-28T11:44:00+05:30,24799.4,24800.9,24793.6,24800.5,0
2025-07-28T11:45:00+05:30,24800.15,24800.95,24794.55,24796.85,0
2025-07-28T11:46:00+05:30,24796.55,24798.85,24794.7,24796.1,0
2025-07-28T11:47:00+05:30,24796.35,24800.2,24794.1,24798.35,0
2025-07-28T11:48:00+05:30,24797.95,24798.4,24791.75,24794.3,0
2025-07-28T11:49:00+05:30,24794.7,24801.05,24793.65,24800.7,0
2025-07-28T11:50:00+05:30,24800.25,24801.25,24795.9,24797.05,0
2025-07-28T11:51:00+05:30,24796.6,24800.75,24793.85,24800.45,0
2025-07-28T11:52:00+05:30,24800.85,24806.05,24799.4,24802.9,0
2025-07-28T11:53:00+05:30,24802.45,24805.25,24798.45,24804.4,0
2025-07-28T11:54:00+05:30,24804.5,24805.7,24803.1,24804.15,0
2025-07-28T11:55:00+05:30,24804.4,24809.15,24803.8,24808.4,0
2025-07-28T11:56:00+05:30,24808.9,24813.8,24808.75,24811.0,0
2025-07-28T11:57:00+05:30,24811.1,24813.85,24807.85,24813.2,0
2025-07-28T11:58:00+05:30,24813.35,24815.2,24810.15,24814.35,0
2025-07-28T11:59:00+05:30,24814.45,24818.4,24813.2,24818.4,0
2025-07-28T12:00:00+05:30,24818.3,24820.4,24813.1,24814.1,0
2025-07-28T12:01:00+05:30,24813.95,24814.6,24807.7,24808.85,0
2025-07-28T12:02:00+05:30,24808.95,24813.0,24807.55,24812.6,0
2025-07-28T12:03:00+05:30,24812.7,24814.9,24805.15,24805.5,0
2025-07-28T12:04:00+05:30,24805.05,24805.05,24797.45,24799.4,0
2025-07-28T12:05:00+05:30,24799.7,24802.5,24798.0,24798.15,0
2025-07-28T12:06:00+05:30,24798.6,24801.15,24796.6,24798.6,0
2025-07-28T12:07:00+05:30,24798.3,24800.35,24795.35,24796.75,0
2025-07-28T12:08:00+05:30,24796.65,24799.05,24791.3,24792.4,0
2025-07-28T12:09:00+05:30,24791.75,24797.6,24791.4,24795.8,0
2025-07-28T12:10:00+05:30,24795.4,24797.1,24793.55,24794.95,0
2025-07-28T12:11:00+05:30,24795.05,24798.45,24783.1,24786.25,0
2025-07-28T12:12:00+05:30,24786.15,24791.65,24785.45,24788.4,0
2025-07-28T12:13:00+05:30,24788.25,24788.25,24783.6,24783.9,0
2025-07-28T12:14:00+05:30,24783.85,24785.2,24778.95,24782.8,0
2025-07-28T12:15:00+05:30,24782.55,24786.1,24779.15,24784.8,0
2025-07-28T12:16:00+05:30,24784.6,24788.7,24783.5,24786.2,0
2025-07-28T12:17:00+05:30,24786.1,24787.1,24772.15,24774.2,0
2025-07-28T12:18:00+05:30,24774.1,24784.4,24773.2,24782.2,0
2025-07-28T12:19:00+05:30,24782.0,24785.95,24781.35,24785.75,0
2025-07-28T12:20:00+05:30,24785.05,24791.5,24782.45,24783.9,0
2025-07-28T12:21:00+05:30,24783.75,24785.8,24781.85,24784.2,0
2025-07-28T12:22:00+05:30,24784.15,24785.65,24781.05,24782.6,0
2025-07-28T12:23:00+05:30,24782.55,24784.45,24780.7,24782.25,0
2025-07-28T12:24:00+05:30,24782.6,24789.0,24782.4,24786.35,0
2025-07-28T12:25:00+05:30,24785.4,24787.25,24782.7,24786.35,0
2025-07-28T12:26:00+05:30,24786.15,24791.05,24780.45,24781.5,0
2025-07-28T12:27:00+05:30,24780.65,24788.2,24779.75,24787.65,0
2025-07-28T12:28:00+05:30,24787.3,24790.45,24786.55,24790.45,0
2025-07-28T12:29:00+05:30,24790.0,24795.25,24788.9,24794.0,0
2025-07-28T12:30:00+05:30,24793.75,24794.6,24790.4,24792.0,0
2025-07-28T12:31:00+05:30,24792.2,24794.65,24790.75,24790.85,0
2025-07-28T12:32:00+05:30,24790.4,24791.45,24787.75,24790.05,0
2025-07-28T12:33:00+05:30,24789.85,24791.25,24788.25,24790.3,0
2025-07-28T12:34:00+05:30,24790.25,24794.55,24790.05,24793.3,0
2025-07-28T12:35:00+05:30,24793.1,24798.35,24793.1,24796.65,0
2025-07-28T12:36:00+05:30,24796.75,24796.8,24789.2,24789.8,0
2025-07-28T12:37:00+05:30,24789.95,24792.0,24788.8,24790.9,0
2025-07-28T12:38:00+05:30,24790.0,24792.1,24783.15,24784.4,0
2025-07-28T12:39:00+05:30,24783.7,24787.5,24783.6,24786.4,0
2025-07-28T12:40:00+05:30,24786.45,24787.75,24785.05,24786.15,0
2025-07-28T12:41:00+05:30,24785.95,24786.5,24782.6,24784.0,0
2025-07-28T12:42:00+05:30,24784.3,24786.65,24782.15,24784.2,0
2025-07-28T12:43:00+05:30,24784.3,24784.4,24776.3,24782.65,0
2025-07-28T12:44:00+05:30,24782.8,24783.6,24771.25,24771.75,0
2025-07-28T12:45:00+05:30,24771.8,24774.45,24762.9,24768.65,0
2025-07-28T12:46:00+05:30,24768.85,24772.1,24768.4,24771.0,0
2025-07-28T12:47:00+05:30,24770.95,24771.6,24764.2,24764.7,0
2025-07-28T12:48:00+05:30,24764.35,24764.7,24755.35,24755.35,0
2025-07-28T12:49:00+05:30,24756.8,24757.55,24744.15,24744.75,0
2025-07-28T12:50:00+05:30,24743.8,24744.15,24734.65,24743.25,0
2025-07-28T12:51:00+05:30,24743.85,24744.5,24715.15,24717.65,0
2025-07-28T12:52:00+05:30,24718.35,24736.7,24718.35,24732.05,0
2025-07-28T12:53:00+05:30,24731.9,24741.85,24731.05,24740.65,0
2025-07-28T12:54:00+05:30,24740.9,24746.65,24739.9,24746.65,0
2025-07-28T12:55:00+05:30,24746.3,24746.3,24738.85,24741.05,0
2025-07-28T12:56:00+05:30,24741.65,24745.95,24737.85,24740.15,0
2025-07-28T12:57:00+05:30,24740.3,24743.8,24737.35,24743.55,0
2025-07-28T12:58:00+05:30,24743.05,24744.8,24736.2,24738.05,0
2025-07-28T12:59:00+05:30,24736.85,24738.55,24732.55,24733.45,0
2025-07-28T13:00:00+05:30,24734.6,24735.45,24725.15,24726.4,0
2025-07-28T13:01:00+05:30,24725.45,24727.1,24719.75,24722.75,0
2025-07-28T13:02:00+05:30,24721.95,24724.15,24710.7,24719.3,0
2025-07-28T13:03:00+05:30,24718.9,24720.6,24708.7,24711.65,0
2025-07-28T13:04:00+05:30,24712.35,24713.95,24707.3,24707.3,0
2025-07-28T13:05:00+05:30,24708.0,24719.35,24707.1,24717.95,0
2025-07-28T13:06:00+05:30,24718.25,24722.25,24714.85,24720.75,0
2025-07-28T13:07:00+05:30,24720.0,24729.0,24718.95,24727.05,0
2025-07-28T13:08:00+05:30,24727.1,24728.45,24721.25,24721.7,0
2025-07-28T13:09:00+05:30,24721.55,24723.6,24719.5,24720.35,0
2025-07-28T13:10:00+05:30,24720.4,24722.85,24715.75,24721.3,0
2025-07-28T13:11:00+05:30,24722.25,24725.85,24722.1,24723.0,0
2025-07-28T13:12:00+05:30,24723.65,24727.6,24717.45,24719.05,0
2025-07-28T13:13:00+05:30,24717.15,24718.55,24709.75,24710.4,0
2025-07-28T13:14:00+05:30,24711.15,24712.3,24701.0,24707.6,0
2025-07-28T13:15:00+05:30,24707.45,24712.5,24703.1,24703.85,0
2025-07-28T13:16:00+05:30,24704.9,24712.5,24703.6,24711.1,0
2025-07-28T13:17:00+05:30,24711.4,24714.1,24704.15,24706.6,0
2025-07-28T13:18:00+05:30,24706.8,24707.75,24695.2,24697.75,0
2025-07-28T13:19:00+05:30,24697.65,24703.35,24696.85,24697.3,0
2025-07-28T13:20:00+05:30,24697.05,24697.5,24689.45,24691.5,0
2025-07-28T13:21:00+05:30,24691.0,24706.85,24691.0,24705.05,0
2025-07-28T13:22:00+05:30,24704.7,24709.6,24704.05,24707.5,0
2025-07-28T13:23:00+05:30,24707.35,24709.25,24702.9,24703.3,0
2025-07-28T13:24:00+05:30,24703.15,24703.95,24693.95,24696.1,0
2025-07-28T13:25:00+05:30,24696.05,24698.7,24693.25,24697.5,0
2025-07-28T13:26:00+05:30,24698.5,24703.1,24697.3,24700.4,0
2025-07-28T13:27:00+05:30,24701.15,24702.6,24694.1,24696.45,0
2025-07-28T13:28:00+05:30,24696.55,24699.65,24690.45,24690.45,0
2025-07-28T13:29:00+05:30,24690.05,24691.55,24685.05,24686.75,0
2025-07-28T13:30:00+05:30,24687.4,24690.6,24686.35,24689.15,0
2025-07-28T13:31:00+05:30,24690.45,24696.6,24689.75,24692.15,0
2025-07-28T13:32:00+05:30,24691.9,24693.1,24680.05,24680.7,0
2025-07-28T13:33:00+05:30,24680.95,24681.5,24669.0,24669.15,0
2025-07-28T13:34:00+05:30,24669.6,24672.65,24666.3,24668.65,0
2025-07-28T13:35:00+05:30,24668.4,24671.35,24661.1,24663.5,0
2025-07-28T13:36:00+05:30,24663.75,24670.05,24662.2,24668.3,0
2025-07-28T13:37:00+05:30,24668.2,24679.4,24668.2,24677.6,0
2025-07-28T13:38:00+05:30,24678.15,24678.6,24673.45,24673.45,0
2025-07-28T13:39:00+05:30,24673.8,24674.85,24668.45,24672.9,0
2025-07-28T13:40:00+05:30,24673.4,24683.1,24671.75,24680.6,0
2025-07-28T13:41:00+05:30,24681.25,24684.0,24674.65,24675.5,0
2025-07-28T13:42:00+05:30,24675.55,24679.45,24674.3,24676.1,0
2025-07-28T13:43:00+05:30,24676.25,24676.95,24669.45,24669.55,0
2025-07-28T13:44:00+05:30,24669.35,24674.3,24668.4,24668.4,0
2025-07-28T13:45:00+05:30,24668.8,24670.85,24664.9,24669.2,0
2025-07-28T13:46:00+05:30,24669.8,24672.1,24663.85,24672.1,0
2025-07-28T13:47:00+05:30,24672.05,24677.25,24671.95,24673.6,0
2025-07-28T13:48:00+05:30,24674.35,24685.15,24674.3,24683.5,0
2025-07-28T13:49:00+05:30,24683.85,24684.7,24679.95,24682.8,0
2025-07-28T13:50:00+05:30,24682.7,24687.35,24679.6,24680.3,0
2025-07-28T13:51:00+05:30,24680.2,24689.95,24679.5,24688.65,0
2025-07-28T13:52:00+05:30,24689.05,24692.65,24687.95,24688.9,0
2025-07-28T13:53:00+05:30,24689.7,24693.8,24686.75,24692.55,0
2025-07-28T13:54:00+05:30,24692.3,24697.45,24689.9,24696.1,0
2025-07-28T13:55:00+05:30,24696.25,24698.95,24684.4,24686.3,0
2025-07-28T13:56:00+05:30,24685.75,24688.2,24683.05,24685.6,0
2025-07-28T13:57:00+05:30,24685.3,24688.55,24684.65,24687.35,0
2025-07-28T13:58:00+05:30,24687.45,24688.6,24685.55,24685.8,0
2025-07-28T13:59:00+05:30,24686.2,24686.2,24676.35,24676.65,0
2025-07-28T14:00:00+05:30,24675.95,24678.95,24674.3,24674.3,0
2025-07-28T14:01:00+05:30,24674.6,24678.6,24669.05,24676.3,0
2025-07-28T14:02:00+05:30,24677.45,24680.85,24677.0,24679.05,0
2025-07-28T14:03:00+05:30,24678.9,24680.7,24668.05,24670.2,0
2025-07-28T14:04:00+05:30,24669.3,24673.25,24669.3,24670.75,0
2025-07-28T14:05:00+05:30,24670.2,24673.0,24669.8,24671.05,0
2025-07-28T14:06:00+05:30,24671.5,24672.85,24664.15,24664.3,0
2025-07-28T14:07:00+05:30,24665.25,24668.6,24664.35,24665.95,0
2025-07-28T14:08:00+05:30,24666.65,24682.7,24665.25,24680.55,0
2025-07-28T14:09:00+05:30,24681.1,24686.45,24678.55,24680.2,0
2025-07-28T14:10:00+05:30,24680.3,24687.4,24679.1,24686.0,0
2025-07-28T14:11:00+05:30,24685.85,24685.85,24649.35,24651.65,0
2025-07-28T14:12:00+05:30,24654.6,24675.85,24646.6,24675.5,0
2025-07-28T14:13:00+05:30,24674.15,24683.0,24671.9,24680.8,0
2025-07-28T14:14:00+05:30,24681.25,24681.75,24673.6,24675.05,0
2025-07-28T14:15:00+05:30,24676.9,24683.95,24676.3,24679.75,0
2025-07-28T14:16:00+05:30,24679.9,24686.8,24677.85,24684.15,0
2025-07-28T14:17:00+05:30,24684.95,24686.8,24678.65,24678.9,0
2025-07-28T14:18:00+05:30,24678.95,24682.45,24674.1,24681.0,0
2025-07-28T14:19:00+05:30,24681.85,24682.9,24678.05,24679.15,0
2025-07-28T14:20:00+05:30,24679.0,24681.4,24675.1,24676.5,0
2025-07-28T14:21:00+05:30,24676.8,24688.2,24675.8,24684.15,0
2025-07-28T14:22:00+05:30,24684.4,24687.95,24683.15,24685.7,0
2025-07-28T14:23:00+05:30,24684.8,24687.8,24682.65,24683.5,0
2025-07-28T14:24:00+05:30,24683.15,24693.55,24682.65,24691.65,0
2025-07-28T14:25:00+05:30,24690.8,24693.0,24683.15,24685.3,0
2025-07-28T14:26:00+05:30,24683.65,24686.05,24678.75,24678.75,0
2025-07-28T14:27:00+05:30,24679.05,24685.0,24677.65,24678.25,0
2025-07-28T14:28:00+05:30,24678.6,24681.75,24677.4,24678.6,0
2025-07-28T14:29:00+05:30,24679.1,24681.6,24672.2,24672.7,0
2025-07-28T14:30:00+05:30,24671.9,24679.75,24671.65,24677.25,0
2025-07-28T14:31:00+05:30,24677.6,24684.3,24670.2,24681.85,0
2025-07-28T14:32:00+05:30,24681.9,24681.95,24674.2,24674.8,0
2025-07-28T14:33:00+05:30,24675.05,24679.2,24674.45,24674.8,0
2025-07-28T14:34:00+05:30,24675.2,24681.55,24675.2,24680.05,0
2025-07-28T14:35:00+05:30,24680.35,24687.25,24680.25,24686.45,0
2025-07-28T14:36:00+05:30,24685.3,24688.65,24683.95,24687.75,0
2025-07-28T14:37:00+05:30,24687.7,24691.6,24687.7,24689.95,0
2025-07-28T14:38:00+05:30,24689.6,24695.5,24689.6,24694.75,0
2025-07-28T14:39:00+05:30,24694.95,24697.0,24692.8,24695.95,0
2025-07-28T14:40:00+05:30,24696.25,24701.05,24696.25,24696.45,0
2025-07-28T14:41:00+05:30,24696.6,24698.85,24692.45,24693.85,0
2025-07-28T14:42:00+05:30,24693.9,24700.55,24693.85,24696.35,0
2025-07-28T14:43:00+05:30,24696.4,24705.55,24693.6,24705.25,0
2025-07-28T14:44:00+05:30,24705.1,24705.85,24698.95,24703.75,0
2025-07-28T14:45:00+05:30,24703.25,24704.2,24695.0,24697.95,0
2025-07-28T14:46:00+05:30,24698.6,24700.25,24694.3,24694.75,0
2025-07-28T14:47:00+05:30,24695.25,24698.8,24693.6,24694.3,0
2025-07-28T14:48:00+05:30,24694.2,24694.6,24688.05,24688.05,0
2025-07-28T14:49:00+05:30,24688.6,24688.6,24679.6,24680.7,0
2025-07-28T14:50:00+05:30,24680.35,24685.45,24679.3,24681.8,0
2025-07-28T14:51:00+05:30,24681.6,24683.55,24677.75,24681.95,0
2025-07-28T14:52:00+05:30,24682.7,24687.6,24682.2,24686.1,0
2025-07-28T14:53:00+05:30,24685.6,24694.85,24685.4,24693.8,0
2025-07-28T14:54:00+05:30,24694.2,24696.1,24687.45,24687.45,0
2025-07-28T14:55:00+05:30,24686.95,24690.4,24685.35,24687.75,0
2025-07-28T14:56:00+05:30,24686.6,24693.05,24685.15,24692.7,0
2025-07-28T14:57:00+05:30,24693.45,24697.8,24693.05,24693.05,0
2025-07-28T14:58:00+05:30,24692.65,24696.1,24690.05,24696.1,0
2025-07-28T14:59:00+05:30,24694.8,24702.15,24694.8,24700.7,0
2025-07-28T15:00:00+05:30,24701.95,24703.75,24672.2,24682.45,0
2025-07-28T15:01:00+05:30,24685.15,24689.05,24675.5,24689.05,0
2025-07-28T15:02:00+05:30,24690.1,24691.2,24684.6,24686.1,0
2025-07-28T15:03:00+05:30,24686.9,24689.1,24684.4,24688.4,0
2025-07-28T15:04:00+05:30,24688.75,24693.25,24688.75,24692.55,0
2025-07-28T15:05:00+05:30,24693.4,24693.4,24686.15,24688.1,0
2025-07-28T15:06:00+05:30,24689.85,24689.85,24685.15,24686.25,0
2025-07-28T15:07:00+05:30,24687.25,24687.7,24680.7,24683.4,0
2025-07-28T15:08:00+05:30,24684.25,24686.05,24679.75,24680.45,0
2025-07-28T15:09:00+05:30,24681.05,24688.7,24678.5,24686.2,0
2025-07-28T15:10:00+05:30,24687.0,24689.55,24685.45,24685.9,0
2025-07-28T15:11:00+05:30,24688.1,24688.85,24684.25,24684.95,0
2025-07-28T15:12:00+05:30,24685.65,24686.15,24682.15,24683.9,0
2025-07-28T15:13:00+05:30,24684.25,24686.25,24682.45,24682.45,0
2025-07-28T15:14:00+05:30,24684.1,24684.55,24679.15,24679.75,0
2025-07-28T15:15:00+05:30,24679.9,24679.9,24673.9,24674.05,0
2025-07-28T15:16:00+05:30,24676.15,24678.9,24672.15,24675.75,0
2025-07-28T15:17:00+05:30,24676.55,24676.55,24670.9,24671.05,0
2025-07-28T15:18:00+05:30,24672.0,24676.7,24669.6,24675.05,0
2025-07-28T15:19:00+05:30,24676.55,24682.7,24675.5,24681.35,0
2025-07-28T15:20:00+05:30,24682.75,24684.6,24673.85,24679.25,0
2025-07-28T15:21:00+05:30,24680.45,24682.1,24678.25,24680.8,0
2025-07-28T15:22:00+05:30,24681.85,24683.3,24679.45,24681.65,0
2025-07-28T15:23:00+05:30,24681.95,24682.5,24679.15,24680.45,0
2025-07-28T15:24:00+05:30,24680.95,24681.2,24675.15,24676.15,0
2025-07-28T15:25:00+05:30,24677.2,24679.65,24675.4,24678.4,0
2025-07-28T15:26:00+05:30,24679.6,24681.0,24677.75,24678.05,0
2025-07-28T15:27:00+05:30,24679.0,24681.9,24677.5,24681.9,0
2025-07-28T15:28:00+05:30,24681.55,24684.7,24678.1,24682.95,0
2025-07-28T15:29:00+05:30,24680.9,24687.85,24670.25,24673.95,0
2025-07-29T09:15:00+05:30,24609.65,24656.05,24598.6,24633.65,0
2025-07-29T09:16:00+05:30,24632.7,24636.4,24620.5,24630.3,0
2025-07-29T09:17:00+05:30,24630.75,24653.35,24630.1,24653.35,0
2025-07-29T09:18:00+05:30,24653.4,24684.25,24653.4,24683.75,0
2025-07-29T09:19:00+05:30,24681.75,24691.75,24678.75,24685.7,0
2025-07-29T09:20:00+05:30,24684.5,24689.25,24663.1,24664.45,0
2025-07-29T09:21:00+05:30,24662.75,24673.95,24653.7,24664.25,0
2025-07-29T09:22:00+05:30,24662.85,24671.7,24658.05,24669.0,0
2025-07-29T09:23:00+05:30,24668.45,24691.2,24666.45,24689.95,0
2025-07-29T09:24:00+05:30,24690.75,24692.15,24662.55,24663.65,0
2025-07-29T09:25:00+05:30,24663.05,24678.05,24662.8,24674.2,0
2025-07-29T09:26:00+05:30,24674.7,24689.7,24673.85,24676.15,0
2025-07-29T09:27:00+05:30,24676.3,24681.95,24672.95,24673.9,0
2025-07-29T09:28:00+05:30,24673.4,24686.55,24673.0,24681.45,0
2025-07-29T09:29:00+05:30,24682.85,24712.15,24679.8,24710.4,0
2025-07-29T09:30:00+05:30,24710.0,24712.6,24693.75,24703.25,0
2025-07-29T09:31:00+05:30,24702.35,24702.7,24683.15,24687.7,0
2025-07-29T09:32:00+05:30,24689.9,24710.55,24688.6,24703.05,0
2025-07-29T09:33:00+05:30,24702.9,24704.1,24693.1,24701.3,0
2025-07-29T09:34:00+05:30,24701.15,24704.35,24691.15,24696.4,0
2025-07-29T09:35:00+05:30,24695.9,24698.0,24675.2,24675.2,0
2025-07-29T09:36:00+05:30,24675.1,24685.6,24668.8,24685.05,0
2025-07-29T09:37:00+05:30,24684.7,24691.3,24682.1,24684.25,0
2025-07-29T09:38:00+05:30,24683.75,24692.95,24681.55,24690.6,0
2025-07-29T09:39:00+05:30,24690.8,24692.75,24682.05,24684.65,0
2025-07-29T09:40:00+05:30,24684.95,24694.85,24683.0,24689.1,0
2025-07-29T09:41:00+05:30,24687.9,24693.05,24686.0,24692.65,0
2025-07-29T09:42:00+05:30,24692.0,24692.0,24683.3,24689.45,0
2025-07-29T09:43:00+05:30,24689.8,24693.8,24680.35,24693.8,0
2025-07-29T09:44:00+05:30,24696.8,24702.9,24693.6,24694.2,0
2025-07-29T09:45:00+05:30,24694.85,24704.8,24693.6,24704.8,0
2025-07-29T09:46:00+05:30,24705.5,24711.9,24693.2,24693.2,0
2025-07-29T09:47:00+05:30,24692.85,24697.35,24684.85,24696.1,0
2025-07-29T09:48:00+05:30,24695.95,24701.05,24686.4,24686.45,0
2025-07-29T09:49:00+05:30,24685.7,24690.05,24682.9,24688.15,0
2025-07-29T09:50:00+05:30,24687.8,24693.9,24687.5,24689.25,0
2025-07-29T09:51:00+05:30,24689.4,24695.4,24688.05,24691.65,0
2025-07-29T09:52:00+05:30,24691.75,24702.45,24691.5,24702.4,0
2025-07-29T09:53:00+05:30,24702.95,24711.25,24702.95,24707.75,0
2025-07-29T09:54:00+05:30,24707.15,24723.1,24705.9,24722.85,0
2025-07-29T09:55:00+05:30,24722.9,24727.15,24720.65,24722.05,0
2025-07-29T09:56:00+05:30,24721.95,24722.7,24710.55,24711.45,0
2025-07-29T09:57:00+05:30,24711.7,24712.1,24701.35,24703.45,0
2025-07-29T09:58:00+05:30,24702.7,24707.25,24701.15,24706.25,0
2025-07-29T09:59:00+05:30,24706.3,24707.65,24697.25,24697.25,0
2025-07-29T10:00:00+05:30,24694.7,24704.6,24694.65,24700.2,0
2025-07-29T10:01:00+05:30,24700.05,24712.0,24699.45,24708.2,0
2025-07-29T10:02:00+05:30,24708.65,24713.55,24706.25,24711.4,0
2025-07-29T10:03:00+05:30,24711.15,24712.0,24703.7,24705.2,0
2025-07-29T10:04:00+05:30,24705.3,24712.0,24703.9,24709.25,0
2025-07-29T10:05:00+05:30,24709.6,24717.25,24708.5,24712.15,0
2025-07-29T10:06:00+05:30,24712.1,24713.7,24707.75,24710.35,0
2025-07-29T10:07:00+05:30,24711.1,24712.4,24704.55,24712.1,0
2025-07-29T10:08:00+05:30,24712.3,24712.55,24703.95,24708.25,0
2025-07-29T10:09:00+05:30,24708.75,24708.85,24699.9,24701.7,0
2025-07-29T10:10:00+05:30,24702.65,24702.65,24691.9,24692.45,0
2025-07-29T10:11:00+05:30,24692.8,24696.5,24677.1,24680.3,0
2025-07-29T10:12:00+05:30,24680.95,24683.3,24675.55,24678.35,0
2025-07-29T10:13:00+05:30,24678.65,24681.2,24670.95,24670.95,0
2025-07-29T10:14:00+05:30,24670.9,24673.75,24663.85,24664.55,0
2025-07-29T10:15:00+05:30,24665.15,24666.35,24660.2,24663.0,0
2025-07-29T10:16:00+05:30,24662.5,24670.9,24659.3,24660.4,0
2025-07-29T10:17:00+05:30,24660.35,24668.75,24659.95,24664.3,0
2025-07-29T10:18:00+05:30,24664.0,24669.75,24654.45,24658.35,0
2025-07-29T10:19:00+05:30,24658.9,24663.2,24656.7,24658.05,0
2025-07-29T10:20:00+05:30,24657.55,24659.95,24651.8,24653.75,0
2025-07-29T10:21:00+05:30,24653.45,24655.9,24649.8,24652.9,0
2025-07-29T10:22:00+05:30,24653.55,24656.95,24652.5,24654.1,0
2025-07-29T10:23:00+05:30,24654.6,24658.3,24652.5,24653.45,0
2025-07-29T10:24:00+05:30,24652.6,24657.75,24651.2,24653.8,0
2025-07-29T10:25:00+05:30,24653.5,24659.0,24648.55,24650.1,0
2025-07-29T10:26:00+05:30,24651.1,24653.6,24643.7,24645.2,0
2025-07-29T10:27:00+05:30,24644.7,24647.1,24633.5,24635.0,0
2025-07-29T10:28:00+05:30,24635.05,24636.25,24628.05,24630.9,0
2025-07-29T10:29:00+05:30,24631.25,24634.75,24630.95,24632.9,0
2025-07-29T10:30:00+05:30,24633.1,24638.9,24631.85,24634.2,0
2025-07-29T10:31:00+05:30,24634.3,24646.35,24634.15,24645.35,0
2025-07-29T10:32:00+05:30,24644.25,24647.65,24644.2,24644.6,0
2025-07-29T10:33:00+05:30,24644.75,24647.15,24641.95,24642.6,0
2025-07-29T10:34:00+05:30,24643.0,24643.0,24638.1,24639.2,0
2025-07-29T10:35:00+05:30,24639.8,24643.9,24639.35,24643.5,0
2025-07-29T10:36:00+05:30,24644.0,24649.8,24639.85,24641.2,0
2025-07-29T10:37:00+05:30,24640.4,24640.4,24634.35,24634.35,0
2025-07-29T10:38:00+05:30,24635.65,24640.1,24634.25,24638.5,0
2025-07-29T10:39:00+05:30,24637.85,24641.15,24636.5,24637.75,0
2025-07-29T10:40:00+05:30,24637.8,24639.05,24635.35,24638.15,0
2025-07-29T10:41:00+05:30,24638.45,24644.2,24638.05,24641.4,0
2025-07-29T10:42:00+05:30,24640.8,24642.6,24636.05,24638.6,0
2025-07-29T10:43:00+05:30,24638.3,24643.3,24636.5,24641.5,0
2025-07-29T10:44:00+05:30,24642.5,24644.05,24640.85,24642.6,0
2025-07-29T10:45:00+05:30,24642.2,24642.5,24632.25,24632.95,0
2025-07-29T10:46:00+05:30,24633.25,24634.3,24624.85,24626.65,0
2025-07-29T10:47:00+05:30,24627.65,24630.05,24622.5,24624.4,0
2025-07-29T10:48:00+05:30,24624.2,24624.35,24614.3,24616.3,0
2025-07-29T10:49:00+05:30,24616.35,24621.4,24614.8,24621.4,0
2025-07-29T10:50:00+05:30,24621.9,24631.75,24621.9,24629.3,0
2025-07-29T10:51:00+05:30,24629.25,24630.15,24625.5,24630.1,0
2025-07-29T10:52:00+05:30,24629.85,24632.15,24626.75,24628.35,0
2025-07-29T10:53:00+05:30,24628.8,24630.8,24625.55,24630.8,0
2025-07-29T10:54:00+05:30,24630.85,24639.7,24629.45,24637.45,0
2025-07-29T10:55:00+05:30,24637.6,24639.25,24633.7,24636.2,0
2025-07-29T10:56:00+05:30,24636.35,24636.35,24616.45,24627.95,0
2025-07-29T10:57:00+05:30,24626.35,24642.4,24626.35,24641.65,0
2025-07-29T10:58:00+05:30,24641.15,24642.9,24637.3,24640.55,0
2025-07-29T10:59:00+05:30,24640.6,24645.65,24639.8,24645.25,0
2025-07-29T11:00:00+05:30,24645.05,24650.5,24642.7,24646.05,0
2025-07-29T11:01:00+05:30,24646.0,24646.8,24639.65,24639.65,0
2025-07-29T11:02:00+05:30,24638.7,24650.8,24638.45,24649.6,0
2025-07-29T11:03:00+05:30,24649.9,24653.9,24648.8,24652.8,0
2025-07-29T11:04:00+05:30,24653.05,24653.05,24645.5,24647.15,0
2025-07-29T11:05:00+05:30,24647.05,24648.1,24636.1,24638.1,0
2025-07-29T11:06:00+05:30,24638.25,24640.3,24635.45,24636.55,0
2025-07-29T11:07:00+05:30,24636.4,24641.1,24636.4,24639.45,0
2025-07-29T11:08:00+05:30,24640.05,24648.05,24638.85,24648.05,0
2025-07-29T11:09:00+05:30,24648.25,24652.7,24648.25,24650.75,0
2025-07-29T11:10:00+05:30,24650.8,24652.0,24646.2,24646.35,0
2025-07-29T11:11:00+05:30,24646.2,24649.75,24646.2,24648.85,0
2025-07-29T11:12:00+05:30,24648.7,24650.75,24647.2,24649.05,0
2025-07-29T11:13:00+05:30,24648.8,24651.3,24647.6,24647.8,0
2025-07-29T11:14:00+05:30,24647.6,24660.25,24647.1,24658.6,0
2025-07-29T11:15:00+05:30,24658.65,24675.1,24658.65,24674.15,0
2025-07-29T11:16:00+05:30,24673.45,24681.35,24672.55,24677.55,0
2025-07-29T11:17:00+05:30,24677.65,24691.7,24676.65,24691.7,0
2025-07-29T11:18:00+05:30,24691.45,24693.7,24685.15,24687.05,0
2025-07-29T11:19:00+05:30,24686.7,24690.4,24686.15,24687.6,0
2025-07-29T11:20:00+05:30,24688.1,24692.4,24685.4,24687.15,0
2025-07-29T11:21:00+05:30,24687.6,24688.4,24675.45,24676.3,0
2025-07-29T11:22:00+05:30,24674.45,24684.6,24673.3,24683.5,0
2025-07-29T11:23:00+05:30,24683.9,24685.25,24680.5,24681.75,0
2025-07-29T11:24:00+05:30,24682.15,24697.55,24680.2,24697.5,0
2025-07-29T11:25:00+05:30,24697.85,24698.45,24689.45,24691.15,0
2025-07-29T11:26:00+05:30,24690.85,24692.7,24687.75,24688.1,0
2025-07-29T11:27:00+05:30,24688.45,24691.35,24687.0,24691.25,0
2025-07-29T11:28:00+05:30,24691.45,24695.15,24690.85,24693.4,0
2025-07-29T11:29:00+05:30,24693.45,24695.0,24683.65,24683.65,0
2025-07-29T11:30:00+05:30,24683.95,24687.6,24682.65,24686.75,0
2025-07-29T11:31:00+05:30,24686.9,24689.3,24686.4,24689.15,0
2025-07-29T11:32:00+05:30,24689.65,24692.4,24687.2,24692.4,0
2025-07-29T11:33:00+05:30,24692.0,24701.6,24691.55,24700.6,0
2025-07-29T11:34:00+05:30,24701.15,24703.35,24701.1,24701.75,0
2025-07-29T11:35:00+05:30,24700.8,24705.45,24697.15,24697.6,0
2025-07-29T11:36:00+05:30,24697.55,24700.3,24695.25,24698.65,0
2025-07-29T11:37:00+05:30,24698.95,24702.45,24698.6,24699.45,0
2025-07-29T11:38:00+05:30,24698.95,24699.2,24693.1,24693.1,0
2025-07-29T11:39:00+05:30,24692.95,24694.8,24691.6,24692.2,0
2025-07-29T11:40:00+05:30,24692.7,24693.05,24683.95,24684.1,0
2025-07-29T11:41:00+05:30,24684.3,24685.45,24675.6,24677.9,0
2025-07-29T11:42:00+05:30,24678.0,24679.3,24675.95,24677.4,0
2025-07-29T11:43:00+05:30,24677.55,24680.95,24676.85,24677.35,0
2025-07-29T11:44:00+05:30,24677.0,24677.8,24672.1,24675.3,0
2025-07-29T11:45:00+05:30,24676.95,24682.85,24676.6,24679.65,0
2025-07-29T11:46:00+05:30,24679.8,24679.9,24672.75,24674.0,0
2025-07-29T11:47:00+05:30,24673.75,24674.2,24666.15,24666.65,0
2025-07-29T11:48:00+05:30,24667.05,24668.7,24665.8,24668.25,0
2025-07-29T11:49:00+05:30,24668.5,24676.25,24667.55,24675.6,0
2025-07-29T11:50:00+05:30,24674.95,24675.75,24671.7,24671.85,0
2025-07-29T11:51:00+05:30,24672.2,24675.55,24669.55,24675.3,0
2025-07-29T11:52:00+05:30,24674.55,24686.85,24674.05,24685.25,0
2025-07-29T11:53:00+05:30,24685.05,24688.8,24683.5,24686.05,0
2025-07-29T11:54:00+05:30,24686.45,24687.1,24671.95,24674.35,0
2025-07-29T11:55:00+05:30,24674.65,24676.55,24671.7,24673.7,0
2025-07-29T11:56:00+05:30,24674.25,24675.4,24667.2,24667.6,0
2025-07-29T11:57:00+05:30,24667.65,24670.95,24667.25,24668.4,0
2025-07-29T11:58:00+05:30,24668.9,24675.8,24668.6,24672.15,0
2025-07-29T11:59:00+05:30,24672.25,24674.25,24670.8,24673.25,0
2025-07-29T12:00:00+05:30,24672.9,24676.8,24670.4,24670.4,0
2025-07-29T12:01:00+05:30,24671.15,24673.7,24668.65,24671.1,0
2025-07-29T12:02:00+05:30,24671.85,24675.35,24669.45,24669.55,0
2025-07-29T12:03:00+05:30,24670.2,24670.2,24664.7,24665.5,0
2025-07-29T12:04:00+05:30,24665.7,24668.8,24664.9,24664.9,0
2025-07-29T12:05:00+05:30,24665.25,24669.55,24662.95,24669.4,0
2025-07-29T12:06:00+05:30,24669.75,24673.3,24668.55,24670.85,0
2025-07-29T12:07:00+05:30,24670.35,24675.85,24668.55,24675.5,0
2025-07-29T12:08:00+05:30,24676.0,24686.0,24675.75,24684.8,0
2025-07-29T12:09:00+05:30,24685.25,24689.1,24683.8,24687.5,0
2025-07-29T12:10:00+05:30,24687.6,24690.85,24686.75,24688.2,0
2025-07-29T12:11:00+05:30,24688.15,24690.7,24687.3,24689.0,0
2025-07-29T12:12:00+05:30,24689.5,24702.15,24689.35,24698.35,0
2025-07-29T12:13:00+05:30,24697.95,24698.15,24687.8,24689.25,0
2025-07-29T12:14:00+05:30,24688.75,24696.85,24688.75,24695.05,0
2025-07-29T12:15:00+05:30,24696.1,24700.8,24694.8,24699.5,0
2025-07-29T12:16:00+05:30,24699.4,24701.95,24691.75,24694.1,0
2025-07-29T12:17:00+05:30,24693.8,24699.6,24690.1,24699.4,0
2025-07-29T12:18:00+05:30,24699.3,24703.45,24695.25,24702.8,0
2025-07-29T12:19:00+05:30,24702.65,24705.4,24700.2,24701.9,0
2025-07-29T12:20:00+05:30,24702.7,24704.8,24697.65,24702.45,0
2025-07-29T12:21:00+05:30,24702.95,24707.4,24702.4,24704.45,0
2025-07-29T12:22:00+05:30,24704.1,24705.75,24693.6,24694.45,0
2025-07-29T12:23:00+05:30,24694.25,24698.9,24694.2,24697.3,0
2025-07-29T12:24:00+05:30,24697.75,24700.3,24691.85,24692.05,0
2025-07-29T12:25:00+05:30,24691.85,24693.55,24688.85,24689.95,0
2025-07-29T12:26:00+05:30,24689.8,24691.5,24686.5,24687.85,0
2025-07-29T12:27:00+05:30,24688.35,24691.65,24685.65,24691.55,0
2025-07-29T12:28:00+05:30,24691.65,24699.6,24691.65,24699.3,0
2025-07-29T12:29:00+05:30,24699.45,24699.85,24692.9,24696.65,0
2025-07-29T12:30:00+05:30,24696.55,24701.45,24694.45,24697.15,0
2025-07-29T12:31:00+05:30,24697.45,24702.7,24696.9,24701.35,0
2025-07-29T12:32:00+05:30,24700.7,24703.25,24696.3,24698.9,0
2025-07-29T12:33:00+05:30,24699.55,24701.65,24694.45,24696.95,0
2025-07-29T12:34:00+05:30,24696.75,24701.45,24696.25,24697.2,0
2025-07-29T12:35:00+05:30,24697.75,24701.8,24695.45,24700.5,0
2025-07-29T12:36:00+05:30,24700.1,24703.9,24697.65,24698.35,0
2025-07-29T12:37:00+05:30,24698.45,24703.3,24696.95,24702.2,0
2025-07-29T12:38:00+05:30,24702.1,24707.0,24699.95,24706.35,0
2025-07-29T12:39:00+05:30,24706.85,24709.0,24702.3,24704.4,0
2025-07-29T12:40:00+05:30,24703.15,24707.45,24703.15,24706.75,0
2025-07-29T12:41:00+05:30,24706.85,24714.05,24705.55,24710.0,0
2025-07-29T12:42:00+05:30,24709.25,24715.9,24708.85,24713.15,0
2025-07-29T12:43:00+05:30,24713.65,24714.2,24683.7,24687.05,0
2025-07-29T12:44:00+05:30,24685.2,24698.75,24685.2,24697.95,0
2025-07-29T12:45:00+05:30,24698.15,24704.25,24697.65,24702.7,0
2025-07-29T12:46:00+05:30,24702.25,24703.75,24694.9,24699.15,0
2025-07-29T12:47:00+05:30,24698.95,24702.15,24698.05,24700.95,0
2025-07-29T12:48:00+05:30,24700.7,24705.7,24700.55,24702.4,0
2025-07-29T12:49:00+05:30,24702.7,24704.6,24698.95,24701.85,0
2025-07-29T12:50:00+05:30,24701.0,24702.85,24698.15,24700.4,0
2025-07-29T12:51:00+05:30,24700.75,24706.0,24700.75,24705.15,0
2025-07-29T12:52:00+05:30,24704.4,24709.95,24704.15,24708.25,0
2025-07-29T12:53:00+05:30,24708.2,24709.7,24704.9,24709.7,0
2025-07-29T12:54:00+05:30,24709.85,24710.9,24707.6,24710.6,0
2025-07-29T12:55:00+05:30,24711.6,24714.25,24709.85,24713.7,0
2025-07-29T12:56:00+05:30,24713.5,24714.45,24709.95,24711.3,0
2025-07-29T12:57:00+05:30,24710.9,24712.4,24706.45,24709.45,0
2025-07-29T12:58:00+05:30,24709.75,24711.55,24706.85,24707.45,0
2025-07-29T12:59:00+05:30,24706.7,24708.55,24705.05,24708.55,0
2025-07-29T13:00:00+05:30,24709.05,24711.85,24707.75,24710.1,0
2025-07-29T13:01:00+05:30,24709.95,24710.55,24705.75,24709.8,0
2025-07-29T13:02:00+05:30,24709.2,24709.7,24703.5,24703.8,0
2025-07-29T13:03:00+05:30,24703.9,24709.45,24702.95,24708.5,0
2025-07-29T13:04:00+05:30,24708.4,24710.55,24707.5,24708.25,0
2025-07-29T13:05:00+05:30,24708.2,24710.9,24707.5,24710.4,0
2025-07-29T13:06:00+05:30,24710.25,24713.5,24707.55,24712.6,0
2025-07-29T13:07:00+05:30,24712.05,24725.25,24711.55,24725.1,0
2025-07-29T13:08:00+05:30,24724.9,24729.8,24724.35,24726.9,0
2025-07-29T13:09:00+05:30,24727.7,24729.5,24723.95,24728.0,0
2025-07-29T13:10:00+05:30,24727.8,24731.6,24727.2,24727.4,0
2025-07-29T13:11:00+05:30,24726.8,24727.4,24721.5,24726.0,0
2025-07-29T13:12:00+05:30,24726.05,24730.15,24725.5,24727.95,0
2025-07-29T13:13:00+05:30,24727.55,24738.0,24727.5,24735.9,0
2025-07-29T13:14:00+05:30,24736.35,24736.95,24733.0,24734.7,0
2025-07-29T13:15:00+05:30,24734.75,24735.3,24729.8,24733.95,0
2025-07-29T13:16:00+05:30,24733.7,24737.55,24731.5,24736.75,0
2025-07-29T13:17:00+05:30,24735.7,24742.7,24735.6,24739.9,0
2025-07-29T13:18:00+05:30,24739.65,24742.0,24734.4,24734.4,0
2025-07-29T13:19:00+05:30,24734.6,24738.35,24733.25,24733.65,0
2025-07-29T13:20:00+05:30,24733.7,24738.95,24733.7,24737.55,0
2025-07-29T13:21:00+05:30,24737.2,24741.05,24737.2,24740.7,0
2025-07-29T13:22:00+05:30,24740.65,24742.15,24739.0,24740.1,0
2025-07-29T13:23:00+05:30,24739.95,24740.2,24732.05,24735.5,0
2025-07-29T13:24:00+05:30,24735.45,24736.05,24727.2,24728.8,0
2025-07-29T13:25:00+05:30,24728.3,24733.65,24728.25,24731.75,0
2025-07-29T13:26:00+05:30,24731.7,24736.85,24730.8,24734.75,0
2025-07-29T13:27:00+05:30,24734.55,24737.4,24732.85,24735.7,0
2025-07-29T13:28:00+05:30,24736.25,24739.1,24734.15,24735.2,0
2025-07-29T13:29:00+05:30,24735.6,24737.6,24732.1,24734.95,0
2025-07-29T13:30:00+05:30,24735.0,24739.9,24734.45,24738.45,0
2025-07-29T13:31:00+05:30,24738.15,24741.0,24735.95,24740.7,0
2025-07-29T13:32:00+05:30,24740.8,24745.7,24740.35,24744.3,0
2025-07-29T13:33:00+05:30,24745.0,24757.0,24744.7,24756.7,0
2025-07-29T13:34:00+05:30,24756.0,24765.45,24756.0,24760.05,0
2025-07-29T13:35:00+05:30,24760.0,24763.4,24755.5,24762.95,0
2025-07-29T13:36:00+05:30,24762.75,24763.45,24736.6,24742.6,0
2025-07-29T13:37:00+05:30,24740.4,24755.35,24740.4,24754.15,0
2025-07-29T13:38:00+05:30,24754.45,24762.8,24753.85,24760.35,0
2025-07-29T13:39:00+05:30,24761.1,24761.45,24756.7,24758.4,0
2025-07-29T13:40:00+05:30,24758.65,24760.75,24754.2,24755.05,0
2025-07-29T13:41:00+05:30,24755.15,24757.7,24754.05,24755.35,0
2025-07-29T13:42:00+05:30,24755.1,24759.2,24754.85,24757.8,0
2025-07-29T13:43:00+05:30,24757.5,24758.05,24750.65,24754.5,0
2025-07-29T13:44:00+05:30,24754.45,24759.85,24754.45,24758.85,0
2025-07-29T13:45:00+05:30,24758.5,24767.9,24757.75,24767.2,0
2025-07-29T13:46:00+05:30,24767.0,24770.4,24765.55,24767.65,0
2025-07-29T13:47:00+05:30,24767.8,24773.5,24765.8,24773.15,0
2025-07-29T13:48:00+05:30,24773.35,24774.45,24768.95,24773.0,0
2025-07-29T13:49:00+05:30,24772.95,24778.15,24772.95,24774.7,0
2025-07-29T13:50:00+05:30,24775.05,24778.9,24768.75,24771.1,0
2025-07-29T13:51:00+05:30,24770.75,24773.9,24768.6,24772.5,0
2025-07-29T13:52:00+05:30,24772.6,24779.75,24772.6,24778.25,0
2025-07-29T13:53:00+05:30,24778.0,24792.65,24776.85,24791.6,0
2025-07-29T13:54:00+05:30,24792.1,24796.1,24791.4,24794.95,0
2025-07-29T13:55:00+05:30,24795.65,24795.65,24791.1,24792.5,0
2025-07-29T13:56:00+05:30,24791.95,24794.35,24788.7,24791.0,0
2025-07-29T13:57:00+05:30,24791.05,24792.0,24784.5,24785.65,0
2025-07-29T13:58:00+05:30,24785.45,24786.4,24780.3,24782.35,0
2025-07-29T13:59:00+05:30,24782.2,24789.35,24781.25,24785.0,0
2025-07-29T14:00:00+05:30,24785.2,24791.2,24784.95,24791.2,0
2025-07-29T14:01:00+05:30,24790.85,24803.15,24790.85,24800.85,0
2025-07-29T14:02:00+05:30,24800.65,24804.95,24800.15,24802.1,0
2025-07-29T14:03:00+05:30,24801.9,24810.3,24801.75,24804.3,0
2025-07-29T14:04:00+05:30,24804.5,24806.7,24802.1,24802.75,0
2025-07-29T14:05:00+05:30,24802.95,24805.25,24800.75,24801.35,0
2025-07-29T14:06:00+05:30,24801.85,24802.6,24793.9,24795.05,0
2025-07-29T14:07:00+05:30,24794.65,24803.7,24794.1,24800.7,0
2025-07-29T14:08:00+05:30,24800.5,24803.55,24798.25,24799.7,0
2025-07-29T14:09:00+05:30,24799.3,24801.05,24794.0,24796.85,0
2025-07-29T14:10:00+05:30,24796.95,24798.6,24793.05,24794.1,0
2025-07-29T14:11:00+05:30,24793.85,24794.3,24790.35,24792.3,0
2025-07-29T14:12:00+05:30,24795.8,24803.15,24794.85,24801.4,0
2025-07-29T14:13:00+05:30,24801.75,24803.1,24797.95,24800.85,0
2025-07-29T14:14:00+05:30,24800.2,24801.55,24796.0,24798.35,0
2025-07-29T14:15:00+05:30,24799.15,24805.1,24798.25,24804.4,0
2025-07-29T14:16:00+05:30,24804.3,24814.2,24803.7,24811.75,0
2025-07-29T14:17:00+05:30,24811.55,24814.6,24808.85,24810.5,0
2025-07-29T14:18:00+05:30,24810.15,24812.9,24807.45,24808.2,0
2025-07-29T14:19:00+05:30,24808.15,24810.0,24802.15,24802.9,0
2025-07-29T14:20:00+05:30,24802.55,24805.75,24800.25,24800.25,0
2025-07-29T14:21:00+05:30,24800.4,24808.9,24794.25,24807.25,0
2025-07-29T14:22:00+05:30,24807.15,24813.1,24806.65,24811.3,0
2025-07-29T14:23:00+05:30,24810.75,24817.0,24809.9,24815.8,0
2025-07-29T14:24:00+05:30,24815.35,24817.6,24812.1,24814.8,0
2025-07-29T14:25:00+05:30,24814.95,24819.7,24814.9,24818.25,0
2025-07-29T14:26:00+05:30,24818.05,24818.85,24813.3,24814.45,0
2025-07-29T14:27:00+05:30,24814.25,24814.25,24808.05,24809.15,0
2025-07-29T14:28:00+05:30,24808.55,24812.65,24808.15,24810.95,0
2025-07-29T14:29:00+05:30,24811.3,24820.3,24810.8,24819.1,0
2025-07-29T14:30:00+05:30,24819.25,24826.3,24819.25,24821.25,0
2025-07-29T14:31:00+05:30,24820.8,24823.95,24816.5,24822.7,0
2025-07-29T14:32:00+05:30,24823.05,24828.15,24821.0,24822.55,0
2025-07-29T14:33:00+05:30,24821.9,24823.1,24817.25,24818.3,0
2025-07-29T14:34:00+05:30,24818.55,24820.2,24808.45,24808.45,0
2025-07-29T14:35:00+05:30,24808.75,24809.95,24799.9,24802.7,0
2025-07-29T14:36:00+05:30,24803.0,24803.75,24772.7,24773.0,0
2025-07-29T14:37:00+05:30,24772.7,24794.75,24772.7,24793.7,0
2025-07-29T14:38:00+05:30,24793.6,24797.6,24784.5,24786.0,0
2025-07-29T14:39:00+05:30,24786.15,24789.3,24782.75,24785.8,0
2025-07-29T14:40:00+05:30,24785.9,24788.9,24778.35,24780.65,0
2025-07-29T14:41:00+05:30,24780.5,24785.1,24780.4,24781.25,0
2025-07-29T14:42:00+05:30,24781.45,24790.75,24779.05,24785.25,0
2025-07-29T14:43:00+05:30,24784.55,24788.0,24781.1,24786.45,0
2025-07-29T14:44:00+05:30,24786.4,24794.05,24784.95,24791.8,0
2025-07-29T14:45:00+05:30,24792.35,24794.3,24784.45,24785.95,0
2025-07-29T14:46:00+05:30,24784.55,24786.8,24782.4,24784.4,0
2025-07-29T14:47:00+05:30,24784.45,24785.85,24781.15,24782.25,0
2025-07-29T14:48:00+05:30,24782.7,24788.0,24781.6,24782.6,0
2025-07-29T14:49:00+05:30,24782.15,24783.5,24771.8,24773.8,0
2025-07-29T14:50:00+05:30,24774.8,24778.05,24772.85,24776.95,0
2025-07-29T14:51:00+05:30,24776.9,24782.95,24776.25,24779.15,0
2025-07-29T14:52:00+05:30,24778.85,24785.9,24778.25,24785.6,0
2025-07-29T14:53:00+05:30,24784.1,24790.85,24784.1,24790.55,0
2025-07-29T14:54:00+05:30,24788.2,24792.95,24786.7,24792.0,0
2025-07-29T14:55:00+05:30,24791.0,24798.9,24791.0,24795.55,0
2025-07-29T14:56:00+05:30,24794.9,24803.55,24794.9,24799.7,0
2025-07-29T14:57:00+05:30,24800.2,24800.2,24787.1,24787.4,0
2025-07-29T14:58:00+05:30,24786.85,24787.85,24782.75,24783.7,0
2025-07-29T14:59:00+05:30,24783.6,24793.95,24782.85,24793.05,0
2025-07-29T15:00:00+05:30,24794.35,24797.3,24771.7,24792.45,0
2025-07-29T15:01:00+05:30,24793.8,24801.95,24793.8,24799.4,0
2025-07-29T15:02:00+05:30,24800.4,24802.75,24798.95,24801.1,0
2025-07-29T15:03:00+05:30,24801.95,24809.9,24801.35,24808.75,0
2025-07-29T15:04:00+05:30,24810.2,24818.7,24810.0,24817.8,0
2025-07-29T15:05:00+05:30,24818.4,24818.4,24809.85,24816.6,0
2025-07-29T15:06:00+05:30,24817.5,24822.9,24817.35,24818.65,0
2025-07-29T15:07:00+05:30,24819.3,24823.65,24817.1,24822.3,0
2025-07-29T15:08:00+05:30,24823.2,24823.3,24818.65,24818.8,0
2025-07-29T15:09:00+05:30,24819.85,24820.35,24812.45,24812.45,0
2025-07-29T15:10:00+05:30,24812.1,24817.35,24811.0,24814.3,0
2025-07-29T15:11:00+05:30,24815.75,24817.8,24813.9,24815.6,0
2025-07-29T15:12:00+05:30,24816.1,24817.1,24809.4,24811.3,0
2025-07-29T15:13:00+05:30,24811.8,24812.95,24810.4,24811.25,0
2025-07-29T15:14:00+05:30,24812.15,24815.35,24811.1,24813.45,0
2025-07-29T15:15:00+05:30,24814.15,24823.8,24813.5,24823.65,0
2025-07-29T15:16:00+05:30,24823.9,24830.05,24823.9,24829.1,0
2025-07-29T15:17:00+05:30,24829.7,24831.35,24821.3,24824.6,0
2025-07-29T15:18:00+05:30,24824.75,24825.2,24821.5,24823.6,0
2025-07-29T15:19:00+05:30,24824.05,24829.0,24823.55,24827.55,0
2025-07-29T15:20:00+05:30,24829.1,24835.65,24828.65,24834.35,0
2025-07-29T15:21:00+05:30,24835.45,24837.6,24833.65,24834.9,0
2025-07-29T15:22:00+05:30,24835.45,24837.35,24834.2,24836.05,0
2025-07-29T15:23:00+05:30,24836.45,24846.45,24835.9,24844.65,0
2025-07-29T15:24:00+05:30,24845.85,24847.15,24838.85,24840.25,0
2025-07-29T15:25:00+05:30,24841.95,24842.85,24836.3,24836.3,0
2025-07-29T15:26:00+05:30,24838.55,24840.4,24834.5,24835.2,0
2025-07-29T15:27:00+05:30,24836.05,24838.0,24832.8,24838.0,0
2025-07-29T15:28:00+05:30,24836.2,24837.6,24825.95,24826.4,0
2025-07-29T15:29:00+05:30,24826.9,24831.6,24820.9,24830.4,0
2025-07-30T09:15:00+05:30,24890.4,24892.05,24826.35,24833.05,0
2025-07-30T09:16:00+05:30,24831.1,24841.25,24813.9,24841.15,0
2025-07-30T09:17:00+05:30,24839.65,24858.55,24838.15,24852.65,0
2025-07-30T09:18:00+05:30,24852.75,24862.05,24842.75,24862.05,0
2025-07-30T09:19:00+05:30,24862.9,24869.25,24858.95,24862.45,0
2025-07-30T09:20:00+05:30,24862.0,24865.05,24853.0,24853.0,0
2025-07-30T09:21:00+05:30,24854.2,24854.2,24840.65,24848.35,0
2025-07-30T09:22:00+05:30,24848.25,24848.95,24841.85,24843.4,0
2025-07-30T09:23:00+05:30,24844.6,24847.05,24836.25,24845.55,0
2025-07-30T09:24:00+05:30,24845.0,24846.55,24838.6,24840.9,0
2025-07-30T09:25:00+05:30,24840.5,24840.5,24825.55,24827.5,0
2025-07-30T09:26:00+05:30,24827.35,24833.1,24825.75,24827.0,0
2025-07-30T09:27:00+05:30,24827.55,24833.85,24824.95,24830.45,0
2025-07-30T09:28:00+05:30,24831.0,24831.05,24824.0,24830.5,0
2025-07-30T09:29:00+05:30,24831.0,24834.2,24824.45,24833.2,0
2025-07-30T09:30:00+05:30,24832.65,24859.15,24831.95,24851.95,0
2025-07-30T09:31:00+05:30,24851.8,24852.2,24833.1,24837.65,0
2025-07-30T09:32:00+05:30,24837.15,24845.8,24834.7,24844.75,0
2025-07-30T09:33:00+05:30,24844.55,24863.35,24843.75,24861.85,0
2025-07-30T09:34:00+05:30,24862.25,24869.95,24861.35,24867.45,0
2025-07-30T09:35:00+05:30,24867.1,24867.1,24860.05,24860.05,0
2025-07-30T09:36:00+05:30,24860.3,24874.85,24857.8,24873.65,0
2025-07-30T09:37:00+05:30,24873.55,24879.95,24871.65,24879.95,0
2025-07-30T09:38:00+05:30,24879.0,24879.65,24865.9,24866.95,0
2025-07-30T09:39:00+05:30,24865.95,24873.75,24865.9,24868.4,0
2025-07-30T09:40:00+05:30,24868.8,24869.0,24860.15,24861.65,0
2025-07-30T09:41:00+05:30,24861.6,24863.95,24860.4,24861.75,0
2025-07-30T09:42:00+05:30,24862.5,24874.2,24861.55,24872.7,0
2025-07-30T09:43:00+05:30,24872.25,24874.45,24866.95,24866.95,0
2025-07-30T09:44:00+05:30,24867.0,24877.6,24867.0,24877.2,0
2025-07-30T09:45:00+05:30,24876.65,24877.05,24860.95,24861.05,0
2025-07-30T09:46:00+05:30,24861.45,24861.45,24854.5,24858.9,0
2025-07-30T09:47:00+05:30,24858.45,24859.1,24841.35,24842.2,0
2025-07-30T09:48:00+05:30,24843.45,24843.95,24833.7,24836.2,0
2025-07-30T09:49:00+05:30,24835.9,24837.8,24832.45,24832.45,0
2025-07-30T09:50:00+05:30,24832.9,24833.2,24826.2,24830.3,0
2025-07-30T09:51:00+05:30,24830.6,24833.15,24828.0,24830.9,0
2025-07-30T09:52:00+05:30,24831.05,24831.25,24822.7,24822.7,0
2025-07-30T09:53:00+05:30,24822.9,24822.9,24818.15,24820.55,0
2025-07-30T09:54:00+05:30,24820.5,24820.5,24814.95,24816.4,0
2025-07-30T09:55:00+05:30,24816.85,24837.4,24816.45,24836.7,0
2025-07-30T09:56:00+05:30,24837.0,24842.2,24837.0,24841.8,0
2025-07-30T09:57:00+05:30,24841.6,24856.4,24841.55,24853.15,0
2025-07-30T09:58:00+05:30,24853.0,24853.0,24839.1,24840.1,0
2025-07-30T09:59:00+05:30,24840.05,24842.7,24836.95,24839.35,0
2025-07-30T10:00:00+05:30,24839.8,24840.55,24830.65,24835.25,0
2025-07-30T10:01:00+05:30,24836.85,24841.35,24836.25,24837.95,0
2025-07-30T10:02:00+05:30,24837.85,24838.55,24832.65,24837.65,0
2025-07-30T10:03:00+05:30,24837.7,24844.1,24836.25,24843.75,0
2025-07-30T10:04:00+05:30,24843.65,24843.65,24836.7,24839.75,0
2025-07-30T10:05:00+05:30,24839.65,24845.4,24839.2,24843.55,0
2025-07-30T10:06:00+05:30,24843.5,24847.6,24842.25,24845.65,0
2025-07-30T10:07:00+05:30,24844.95,24846.6,24836.2,24839.25,0
2025-07-30T10:08:00+05:30,24838.9,24843.75,24837.2,24843.35,0
2025-07-30T10:09:00+05:30,24843.25,24843.25,24834.85,24839.1,0
2025-07-30T10:10:00+05:30,24838.7,24842.85,24836.05,24837.25,0
2025-07-30T10:11:00+05:30,24838.15,24838.9,24834.3,24835.6,0
2025-07-30T10:12:00+05:30,24835.65,24844.25,24835.65,24844.25,0
2025-07-30T10:13:00+05:30,24844.7,24848.55,24840.75,24840.75,0
2025-07-30T10:14:00+05:30,24842.05,24844.15,24837.35,24843.05,0
2025-07-30T10:15:00+05:30,24843.45,24846.2,24840.25,24840.45,0
2025-07-30T10:16:00+05:30,24840.0,24845.7,24837.05,24845.7,0
2025-07-30T10:17:00+05:30,24846.3,24851.85,24846.15,24850.0,0
2025-07-30T10:18:00+05:30,24849.95,24856.25,24849.7,24855.2,0
2025-07-30T10:19:00+05:30,24856.35,24858.75,24853.95,24854.7,0
2025-07-30T10:20:00+05:30,24854.85,24858.15,24851.65,24851.65,0
2025-07-30T10:21:00+05:30,24853.35,24857.2,24852.0,24853.4,0
2025-07-30T10:22:00+05:30,24853.45,24854.25,24841.7,24842.0,0
2025-07-30T10:23:00+05:30,24842.3,24842.3,24837.45,24837.9,0
2025-07-30T10:24:00+05:30,24838.35,24838.35,24833.6,24836.6,0
2025-07-30T10:25:00+05:30,24836.15,24837.25,24831.65,24832.4,0
2025-07-30T10:26:00+05:30,24832.6,24834.2,24823.35,24823.35,0
2025-07-30T10:27:00+05:30,24823.5,24825.85,24820.9,24821.65,0
2025-07-30T10:28:00+05:30,24822.0,24823.45,24810.4,24813.0,0
2025-07-30T10:29:00+05:30,24813.3,24817.7,24810.15,24810.95,0
2025-07-30T10:30:00+05:30,24810.6,24814.35,24807.55,24813.6,0
2025-07-30T10:31:00+05:30,24813.7,24821.1,24812.35,24818.95,0
2025-07-30T10:32:00+05:30,24819.9,24826.85,24818.35,24825.95,0
2025-07-30T10:33:00+05:30,24826.1,24826.5,24823.55,24824.25,0
2025-07-30T10:34:00+05:30,24824.35,24824.85,24815.05,24817.35,0
2025-07-30T10:35:00+05:30,24816.5,24817.25,24811.7,24816.3,0
2025-07-30T10:36:00+05:30,24816.4,24819.5,24814.45,24815.3,0
2025-07-30T10:37:00+05:30,24816.1,24816.4,24812.4,24812.4,0
2025-07-30T10:38:00+05:30,24812.25,24812.5,24807.6,24808.1,0
2025-07-30T10:39:00+05:30,24808.05,24808.6,24802.6,24804.1,0
2025-07-30T10:40:00+05:30,24805.6,24806.0,24798.85,24800.9,0
2025-07-30T10:41:00+05:30,24801.25,24802.3,24786.4,24790.25,0
2025-07-30T10:42:00+05:30,24789.9,24800.9,24789.9,24799.8,0
2025-07-30T10:43:00+05:30,24799.2,24808.1,24798.5,24807.3,0
2025-07-30T10:44:00+05:30,24808.0,24808.0,24798.9,24799.05,0
2025-07-30T10:45:00+05:30,24799.55,24799.8,24771.95,24774.8,0
2025-07-30T10:46:00+05:30,24774.3,24791.4,24773.95,24790.65,0
2025-07-30T10:47:00+05:30,24790.5,24797.1,24790.15,24796.65,0
2025-07-30T10:48:00+05:30,24797.3,24808.8,24796.4,24807.75,0
2025-07-30T10:49:00+05:30,24808.3,24809.55,24803.8,24804.35,0
2025-07-30T10:50:00+05:30,24805.4,24814.25,24804.2,24813.85,0
2025-07-30T10:51:00+05:30,24814.3,24816.8,24813.5,24816.35,0
2025-07-30T10:52:00+05:30,24816.2,24817.3,24811.95,24813.35,0
2025-07-30T10:53:00+05:30,24813.8,24816.55,24813.1,24815.2,0
2025-07-30T10:54:00+05:30,24815.1,24818.85,24813.5,24818.85,0
2025-07-30T10:55:00+05:30,24818.9,24822.6,24818.35,24821.75,0
2025-07-30T10:56:00+05:30,24821.3,24822.8,24814.2,24814.5,0
2025-07-30T10:57:00+05:30,24815.0,24820.3,24814.4,24819.4,0
2025-07-30T10:58:00+05:30,24819.5,24819.5,24816.4,24819.0,0
2025-07-30T10:59:00+05:30,24818.3,24819.2,24815.4,24817.2,0
2025-07-30T11:00:00+05:30,24817.25,24818.05,24811.35,24812.15,0
2025-07-30T11:01:00+05:30,24812.4,24817.25,24809.55,24815.5,0
2025-07-30T11:02:00+05:30,24814.95,24827.35,24814.95,24827.35,0
2025-07-30T11:03:00+05:30,24827.75,24830.35,24826.1,24826.1,0
2025-07-30T11:04:00+05:30,24826.35,24826.35,24814.85,24816.3,0
2025-07-30T11:05:00+05:30,24816.35,24817.65,24814.8,24815.4,0
2025-07-30T11:06:00+05:30,24815.65,24815.95,24809.3,24811.15,0
2025-07-30T11:07:00+05:30,24810.85,24812.6,24809.6,24811.0,0
2025-07-30T11:08:00+05:30,24810.65,24820.75,24810.0,24820.55,0
2025-07-30T11:09:00+05:30,24820.5,24821.35,24817.95,24818.9,0
2025-07-30T11:10:00+05:30,24819.05,24822.7,24818.55,24821.45,0
2025-07-30T11:11:00+05:30,24821.6,24829.5,24821.0,24828.25,0
2025-07-30T11:12:00+05:30,24828.0,24837.45,24825.5,24833.9,0
2025-07-30T11:13:00+05:30,24835.0,24838.45,24834.6,24837.0,0
2025-07-30T11:14:00+05:30,24839.1,24847.85,24839.1,24846.5,0
2025-07-30T11:15:00+05:30,24847.3,24853.9,24847.3,24852.0,0
2025-07-30T11:16:00+05:30,24851.75,24871.9,24851.5,24871.05,0
2025-07-30T11:17:00+05:30,24871.75,24871.95,24864.7,24865.65,0
2025-07-30T11:18:00+05:30,24864.55,24867.55,24863.95,24866.35,0
2025-07-30T11:19:00+05:30,24866.6,24878.55,24866.5,24878.55,0
2025-07-30T11:20:00+05:30,24877.95,24878.85,24871.0,24873.65,0
2025-07-30T11:21:00+05:30,24874.6,24878.8,24874.6,24875.4,0
2025-07-30T11:22:00+05:30,24875.5,24885.3,24874.85,24883.8,0
2025-07-30T11:23:00+05:30,24883.65,24884.85,24879.8,24879.8,0
2025-07-30T11:24:00+05:30,24880.4,24883.1,24878.95,24879.15,0
2025-07-30T11:25:00+05:30,24879.7,24881.8,24874.55,24875.3,0
2025-07-30T11:26:00+05:30,24875.5,24881.4,24874.95,24879.75,0
2025-07-30T11:27:00+05:30,24879.7,24882.1,24877.7,24881.45,0
2025-07-30T11:28:00+05:30,24881.55,24900.4,24880.35,24899.3,0
2025-07-30T11:29:00+05:30,24898.25,24902.3,24894.7,24898.7,0
2025-07-30T11:30:00+05:30,24898.5,24898.5,24892.2,24892.45,0
2025-07-30T11:31:00+05:30,24892.75,24895.8,24889.25,24889.85,0
2025-07-30T11:32:00+05:30,24889.9,24891.15,24885.85,24889.65,0
2025-07-30T11:33:00+05:30,24890.2,24891.5,24884.4,24885.0,0
2025-07-30T11:34:00+05:30,24884.7,24890.65,24884.4,24884.4,0
2025-07-30T11:35:00+05:30,24885.4,24886.4,24878.45,24880.75,0
2025-07-30T11:36:00+05:30,24879.3,24880.75,24875.45,24875.45,0
2025-07-30T11:37:00+05:30,24876.65,24887.8,24876.1,24883.8,0
2025-07-30T11:38:00+05:30,24882.55,24884.4,24879.4,24880.5,0
2025-07-30T11:39:00+05:30,24880.1,24880.8,24864.9,24866.9,0
2025-07-30T11:40:00+05:30,24866.85,24867.0,24840.9,24848.25,0
2025-07-30T11:41:00+05:30,24849.5,24868.65,24849.5,24868.35,0
2025-07-30T11:42:00+05:30,24868.3,24876.8,24867.45,24868.9,0
2025-07-30T11:43:00+05:30,24868.8,24873.35,24867.5,24871.65,0
2025-07-30T11:44:00+05:30,24871.8,24873.5,24867.1,24869.65,0
2025-07-30T11:45:00+05:30,24868.7,24871.25,24867.35,24868.95,0
2025-07-30T11:46:00+05:30,24868.6,24868.65,24860.1,24864.2,0
2025-07-30T11:47:00+05:30,24864.35,24864.6,24860.95,24863.7,0
2025-07-30T11:48:00+05:30,24863.05,24867.05,24861.55,24864.65,0
2025-07-30T11:49:00+05:30,24864.45,24865.7,24860.25,24860.85,0
2025-07-30T11:50:00+05:30,24859.55,24865.1,24859.55,24865.1,0
2025-07-30T11:51:00+05:30,24865.6,24866.75,24861.9,24865.1,0
2025-07-30T11:52:00+05:30,24865.3,24868.1,24864.05,24866.8,0
2025-07-30T11:53:00+05:30,24865.85,24876.05,24865.6,24874.95,0
2025-07-30T11:54:00+05:30,24874.45,24875.15,24871.55,24874.3,0
2025-07-30T11:55:00+05:30,24874.25,24878.55,24873.25,24878.1,0
2025-07-30T11:56:00+05:30,24877.4,24883.6,24876.95,24881.75,0
2025-07-30T11:57:00+05:30,24881.7,24884.2,24880.05,24880.4,0
2025-07-30T11:58:00+05:30,24880.15,24883.35,24878.25,24878.25,0
2025-07-30T11:59:00+05:30,24878.05,24878.45,24874.0,24876.3,0
2025-07-30T12:00:00+05:30,24876.95,24877.65,24872.65,24874.7,0
2025-07-30T12:01:00+05:30,24874.05,24875.95,24872.5,24872.5,0
2025-07-30T12:02:00+05:30,24872.25,24874.35,24868.45,24869.5,0
2025-07-30T12:03:00+05:30,24869.3,24873.8,24868.75,24868.75,0
2025-07-30T12:04:00+05:30,24869.1,24869.7,24864.85,24869.25,0
2025-07-30T12:05:00+05:30,24868.95,24871.35,24863.65,24863.65,0
2025-07-30T12:06:00+05:30,24863.9,24868.15,24863.3,24864.35,0
2025-07-30T12:07:00+05:30,24864.8,24867.4,24862.7,24866.35,0
2025-07-30T12:08:00+05:30,24866.45,24868.25,24864.15,24867.1,0
2025-07-30T12:09:00+05:30,24866.9,24868.05,24859.75,24861.75,0
2025-07-30T12:10:00+05:30,24862.9,24865.65,24857.7,24864.35,0
2025-07-30T12:11:00+05:30,24864.25,24864.7,24859.35,24860.75,0
2025-07-30T12:12:00+05:30,24860.7,24862.05,24856.05,24856.15,0
2025-07-30T12:13:00+05:30,24855.6,24859.7,24854.35,24855.7,0
2025-07-30T12:14:00+05:30,24855.1,24855.45,24850.1,24851.85,0
2025-07-30T12:15:00+05:30,24851.15,24857.1,24849.6,24855.1,0
2025-07-30T12:16:00+05:30,24856.0,24857.1,24853.05,24855.15,0
2025-07-30T12:17:00+05:30,24855.65,24871.35,24855.3,24870.65,0
2025-07-30T12:18:00+05:30,24870.6,24874.6,24869.2,24871.4,0
2025-07-30T12:19:00+05:30,24873.05,24873.05,24865.1,24870.4,0
2025-07-30T12:20:00+05:30,24870.45,24874.55,24868.6,24868.7,0
2025-07-30T12:21:00+05:30,24868.15,24872.75,24867.45,24870.3,0
2025-07-30T12:22:00+05:30,24869.9,24872.45,24868.45,24869.65,0
2025-07-30T12:23:00+05:30,24870.75,24873.1,24868.75,24871.45,0
2025-07-30T12:24:00+05:30,24871.95,24873.25,24870.45,24871.4,0
2025-07-30T12:25:00+05:30,24871.55,24872.0,24866.9,24870.65,0
2025-07-30T12:26:00+05:30,24870.85,24873.6,24869.35,24870.2,0
2025-07-30T12:27:00+05:30,24869.75,24870.35,24866.15,24868.0,0
2025-07-30T12:28:00+05:30,24867.75,24868.45,24859.85,24864.7,0
2025-07-30T12:29:00+05:30,24864.95,24867.75,24861.7,24867.25,0
2025-07-30T12:30:00+05:30,24867.4,24874.85,24866.15,24873.15,0
2025-07-30T12:31:00+05:30,24873.75,24873.85,24866.8,24867.4,0
2025-07-30T12:32:00+05:30,24867.25,24868.55,24861.2,24863.8,0
2025-07-30T12:33:00+05:30,24864.05,24864.55,24857.6,24860.7,0
2025-07-30T12:34:00+05:30,24861.6,24866.05,24860.4,24864.2,0
2025-07-30T12:35:00+05:30,24864.5,24866.4,24860.7,24863.3,0
2025-07-30T12:36:00+05:30,24864.15,24867.1,24860.9,24862.9,0
2025-07-30T12:37:00+05:30,24863.3,24864.2,24860.25,24861.6,0
2025-07-30T12:38:00+05:30,24862.4,24867.2,24862.05,24865.25,0
2025-07-30T12:39:00+05:30,24863.8,24866.05,24861.6,24863.2,0
2025-07-30T12:40:00+05:30,24863.95,24869.15,24863.4,24868.15,0
2025-07-30T12:41:00+05:30,24868.4,24871.5,24867.4,24870.9,0
2025-07-30T12:42:00+05:30,24870.35,24871.75,24859.0,24859.7,0
2025-07-30T12:43:00+05:30,24860.7,24863.3,24857.7,24858.8,0
2025-07-30T12:44:00+05:30,24859.05,24860.65,24855.8,24857.25,0
2025-07-30T12:45:00+05:30,24857.7,24860.25,24854.3,24857.0,0
2025-07-30T12:46:00+05:30,24856.5,24859.8,24853.7,24857.8,0
2025-07-30T12:47:00+05:30,24858.1,24865.8,24856.0,24864.95,0
2025-07-30T12:48:00+05:30,24865.7,24867.3,24856.75,24856.75,0
2025-07-30T12:49:00+05:30,24858.35,24859.15,24853.9,24858.35,0
2025-07-30T12:50:00+05:30,24858.25,24862.15,24855.9,24861.0,0
2025-07-30T12:51:00+05:30,24860.65,24866.7,24859.75,24865.1,0
2025-07-30T12:52:00+05:30,24865.4,24869.65,24863.8,24865.25,0
2025-07-30T12:53:00+05:30,24865.15,24868.2,24864.4,24866.95,0
2025-07-30T12:54:00+05:30,24866.4,24872.4,24865.75,24871.8,0
2025-07-30T12:55:00+05:30,24871.2,24874.45,24869.75,24872.45,0
2025-07-30T12:56:00+05:30,24872.2,24875.0,24869.5,24870.05,0
2025-07-30T12:57:00+05:30,24870.5,24871.95,24864.65,24867.55,0
2025-07-30T12:58:00+05:30,24867.6,24867.9,24862.95,24864.7,0
2025-07-30T12:59:00+05:30,24865.4,24868.35,24863.95,24865.55,0
2025-07-30T13:00:00+05:30,24866.35,24871.45,24864.2,24869.95,0
2025-07-30T13:01:00+05:30,24870.4,24870.4,24865.25,24865.25,0
2025-07-30T13:02:00+05:30,24866.8,24870.35,24865.1,24866.25,0
2025-07-30T13:03:00+05:30,24867.2,24870.05,24865.75,24868.2,0
2025-07-30T13:04:00+05:30,24868.85,24872.55,24868.5,24868.85,0
2025-07-30T13:05:00+05:30,24869.6,24872.3,24867.15,24870.2,0
2025-07-30T13:06:00+05:30,24869.85,24871.45,24867.75,24868.95,0
2025-07-30T13:07:00+05:30,24869.8,24869.8,24864.45,24865.6,0
2025-07-30T13:08:00+05:30,24866.75,24869.95,24863.65,24865.0,0
2025-07-30T13:09:00+05:30,24866.35,24867.7,24861.9,24863.75,0
2025-07-30T13:10:00+05:30,24863.85,24866.15,24860.6,24861.45,0
2025-07-30T13:11:00+05:30,24861.25,24862.15,24856.3,24860.5,0
2025-07-30T13:12:00+05:30,24860.8,24860.8,24832.65,24832.65,0
2025-07-30T13:13:00+05:30,24834.45,24851.5,24833.95,24850.15,0
2025-07-30T13:14:00+05:30,24849.6,24851.95,24848.1,24849.55,0
2025-07-30T13:15:00+05:30,24849.9,24855.15,24848.7,24855.15,0
2025-07-30T13:16:00+05:30,24855.5,24858.25,24852.7,24854.85,0
2025-07-30T13:17:00+05:30,24854.6,24854.95,24851.8,24853.95,0
2025-07-30T13:18:00+05:30,24854.35,24856.35,24850.65,24851.85,0
2025-07-30T13:19:00+05:30,24852.1,24852.4,24849.45,24849.75,0
2025-07-30T13:20:00+05:30,24849.9,24851.55,24836.9,24837.75,0
2025-07-30T13:21:00+05:30,24838.75,24840.6,24836.35,24837.6,0
2025-07-30T13:22:00+05:30,24838.0,24839.45,24833.85,24834.2,0
2025-07-30T13:23:00+05:30,24834.9,24840.15,24833.25,24835.05,0
2025-07-30T13:24:00+05:30,24836.9,24839.6,24834.95,24835.9,0
2025-07-30T13:25:00+05:30,24837.45,24840.05,24835.3,24835.95,0
2025-07-30T13:26:00+05:30,24836.1,24843.3,24836.1,24842.05,0
2025-07-30T13:27:00+05:30,24841.25,24845.95,24839.25,24839.95,0
2025-07-30T13:28:00+05:30,24839.9,24841.7,24835.4,24837.5,0
2025-07-30T13:29:00+05:30,24837.2,24839.8,24833.3,24835.85,0
2025-07-30T13:30:00+05:30,24835.95,24837.75,24833.3,24836.25,0
2025-07-30T13:31:00+05:30,24836.3,24837.3,24831.6,24835.35,0
2025-07-30T13:32:00+05:30,24835.9,24847.3,24835.45,24847.25,0
2025-07-30T13:33:00+05:30,24847.6,24857.0,24846.25,24856.7,0
2025-07-30T13:34:00+05:30,24856.8,24858.4,24854.35,24854.75,0
2025-07-30T13:35:00+05:30,24854.95,24857.0,24850.85,24852.9,0
2025-07-30T13:36:00+05:30,24851.85,24861.35,24850.9,24860.4,0
2025-07-30T13:37:00+05:30,24860.55,24861.95,24859.1,24861.3,0
2025-07-30T13:38:00+05:30,24861.45,24861.45,24856.45,24857.75,0
2025-07-30T13:39:00+05:30,24857.65,24860.95,24857.65,24859.65,0
2025-07-30T13:40:00+05:30,24859.35,24860.45,24857.2,24859.4,0
2025-07-30T13:41:00+05:30,24860.2,24863.45,24858.2,24862.0,0
2025-07-30T13:42:00+05:30,24861.45,24864.35,24859.8,24862.85,0
2025-07-30T13:43:00+05:30,24862.65,24864.75,24858.8,24862.25,0
2025-07-30T13:44:00+05:30,24862.15,24866.05,24862.15,24862.8,0
2025-07-30T13:45:00+05:30,24864.25,24867.9,24862.4,24866.15,0
2025-07-30T13:46:00+05:30,24865.75,24866.1,24858.35,24860.7,0
2025-07-30T13:47:00+05:30,24860.05,24862.25,24856.4,24856.4,0
2025-07-30T13:48:00+05:30,24856.6,24859.85,24856.0,24857.25,0
2025-07-30T13:49:00+05:30,24857.4,24860.55,24856.75,24857.7,0
2025-07-30T13:50:00+05:30,24857.95,24861.4,24853.6,24853.6,0
2025-07-30T13:51:00+05:30,24856.3,24856.3,24849.55,24853.65,0
2025-07-30T13:52:00+05:30,24852.35,24857.35,24851.0,24857.35,0
2025-07-30T13:53:00+05:30,24855.6,24860.95,24854.25,24858.55,0
2025-07-30T13:54:00+05:30,24858.7,24861.75,24856.95,24861.15,0
2025-07-30T13:55:00+05:30,24861.7,24862.6,24858.55,24860.3,0
2025-07-30T13:56:00+05:30,24860.65,24862.1,24855.6,24859.35,0
2025-07-30T13:57:00+05:30,24859.4,24862.45,24857.3,24860.5,0
2025-07-30T13:58:00+05:30,24860.6,24864.7,24860.3,24862.5,0
2025-07-30T13:59:00+05:30,24863.45,24869.55,24862.55,24866.7,0
2025-07-30T14:00:00+05:30,24867.3,24871.6,24867.15,24867.7,0
2025-07-30T14:01:00+05:30,24868.05,24870.8,24867.3,24868.45,0
2025-07-30T14:02:00+05:30,24868.05,24868.05,24862.05,24865.85,0
2025-07-30T14:03:00+05:30,24866.05,24867.3,24859.7,24859.7,0
2025-07-30T14:04:00+05:30,24860.05,24870.15,24859.55,24869.5,0
2025-07-30T14:05:00+05:30,24869.6,24873.05,24868.0,24870.4,0
2025-07-30T14:06:00+05:30,24871.25,24873.95,24870.0,24872.2,0
2025-07-30T14:07:00+05:30,24873.4,24874.9,24869.2,24870.55,0
2025-07-30T14:08:00+05:30,24872.3,24872.3,24845.9,24846.4,0
2025-07-30T14:09:00+05:30,24848.55,24865.3,24848.55,24862.1,0
2025-07-30T14:10:00+05:30,24862.2,24865.7,24861.55,24864.3,0
2025-07-30T14:11:00+05:30,24864.35,24866.25,24861.25,24863.9,0
2025-07-30T14:12:00+05:30,24863.75,24864.95,24860.3,24860.7,0
2025-07-30T14:13:00+05:30,24861.9,24862.7,24856.4,24860.1,0
2025-07-30T14:14:00+05:30,24859.15,24862.7,24858.5,24859.95,0
2025-07-30T14:15:00+05:30,24860.15,24863.05,24858.6,24861.0,0
2025-07-30T14:16:00+05:30,24861.45,24862.15,24856.7,24858.2,0
2025-07-30T14:17:00+05:30,24857.8,24859.5,24854.9,24857.4,0
2025-07-30T14:18:00+05:30,24857.65,24858.85,24853.2,24855.15,0
2025-07-30T14:19:00+05:30,24855.3,24857.2,24853.55,24856.25,0
2025-07-30T14:20:00+05:30,24857.05,24857.35,24852.85,24854.75,0
2025-07-30T14:21:00+05:30,24853.4,24858.05,24853.0,24857.25,0
2025-07-30T14:22:00+05:30,24857.4,24858.95,24853.5,24854.2,0
2025-07-30T14:23:00+05:30,24855.2,24858.65,24853.6,24855.45,0
2025-07-30T14:24:00+05:30,24855.65,24861.0,24854.35,24858.95,0
2025-07-30T14:25:00+05:30,24859.4,24864.75,24858.7,24864.25,0
2025-07-30T14:26:00+05:30,24864.55,24871.0,24864.15,24870.95,0
2025-07-30T14:27:00+05:30,24869.0,24872.1,24866.2,24870.9,0
2025-07-30T14:28:00+05:30,24871.9,24872.55,24868.1,24872.3,0
2025-07-30T14:29:00+05:30,24871.9,24879.2,24871.3,24877.0,0
2025-07-30T14:30:00+05:30,24876.25,24879.0,24875.3,24876.35,0
2025-07-30T14:31:00+05:30,24875.9,24877.05,24868.15,24872.35,0
2025-07-30T14:32:00+05:30,24872.2,24880.7,24871.7,24879.75,0
2025-07-30T14:33:00+05:30,24879.95,24887.75,24878.55,24885.3,0
2025-07-30T14:34:00+05:30,24886.45,24890.4,24885.05,24887.45,0
2025-07-30T14:35:00+05:30,24886.55,24890.7,24885.25,24886.05,0
2025-07-30T14:36:00+05:30,24885.9,24886.3,24880.05,24882.05,0
2025-07-30T14:37:00+05:30,24881.7,24883.1,24877.35,24878.05,0
2025-07-30T14:38:00+05:30,24879.65,24881.2,24874.75,24876.05,0
2025-07-30T14:39:00+05:30,24877.85,24884.35,24876.55,24881.5,0
2025-07-30T14:40:00+05:30,24882.45,24883.4,24879.85,24882.1,0
2025-07-30T14:41:00+05:30,24882.75,24883.3,24878.5,24880.1,0
2025-07-30T14:42:00+05:30,24881.1,24881.95,24876.1,24878.15,0
2025-07-30T14:43:00+05:30,24877.6,24880.85,24871.75,24872.9,0
2025-07-30T14:44:00+05:30,24873.2,24875.95,24870.7,24872.35,0
2025-07-30T14:45:00+05:30,24870.75,24874.6,24870.4,24872.9,0
2025-07-30T14:46:00+05:30,24873.5,24874.8,24870.7,24873.05,0
2025-07-30T14:47:00+05:30,24873.9,24877.7,24872.0,24875.55,0
2025-07-30T14:48:00+05:30,24875.85,24878.15,24872.65,24874.7,0
2025-07-30T14:49:00+05:30,24875.0,24875.4,24864.05,24865.85,0
2025-07-30T14:50:00+05:30,24867.25,24873.45,24866.4,24873.45,0
2025-07-30T14:51:00+05:30,24873.25,24873.25,24865.3,24868.2,0
2025-07-30T14:52:00+05:30,24869.05,24869.85,24866.8,24867.5,0
2025-07-30T14:53:00+05:30,24868.3,24869.9,24867.05,24867.55,0
2025-07-30T14:54:00+05:30,24868.5,24870.85,24866.15,24867.75,0
2025-07-30T14:55:00+05:30,24868.2,24868.2,24863.4,24866.9,0
2025-07-30T14:56:00+05:30,24865.8,24867.85,24859.8,24859.8,0
2025-07-30T14:57:00+05:30,24861.6,24862.0,24856.8,24858.85,0
2025-07-30T14:58:00+05:30,24859.35,24863.55,24857.9,24858.7,0
2025-07-30T14:59:00+05:30,24859.2,24861.1,24852.25,24853.5,0
2025-07-30T15:00:00+05:30,24853.75,24865.05,24853.75,24864.5,0
2025-07-30T15:01:00+05:30,24862.9,24866.05,24859.55,24863.7,0
2025-07-30T15:02:00+05:30,24863.65,24867.25,24861.65,24863.75,0
2025-07-30T15:03:00+05:30,24863.95,24866.15,24861.15,24861.7,0
2025-07-30T15:04:00+05:30,24861.8,24864.1,24859.7,24861.1,0
2025-07-30T15:05:00+05:30,24861.3,24863.5,24859.65,24862.0,0
2025-07-30T15:06:00+05:30,24862.05,24863.75,24858.95,24861.75,0
2025-07-30T15:07:00+05:30,24861.45,24863.3,24858.6,24860.3,0
2025-07-30T15:08:00+05:30,24860.75,24862.1,24856.95,24857.95,0
2025-07-30T15:09:00+05:30,24858.0,24859.65,24853.6,24854.1,0
2025-07-30T15:10:00+05:30,24852.95,24855.8,24850.45,24854.4,0
2025-07-30T15:11:00+05:30,24854.45,24858.8,24853.95,24858.4,0
2025-07-30T15:12:00+05:30,24857.5,24860.55,24856.85,24858.25,0
2025-07-30T15:13:00+05:30,24857.9,24860.4,24855.7,24858.2,0
2025-07-30T15:14:00+05:30,24857.8,24860.35,24857.4,24858.15,0
2025-07-30T15:15:00+05:30,24859.5,24860.45,24855.85,24856.65,0
2025-07-30T15:16:00+05:30,24857.1,24859.25,24854.35,24854.55,0
2025-07-30T15:17:00+05:30,24855.0,24858.0,24854.4,24854.6,0
2025-07-30T15:18:00+05:30,24854.8,24856.65,24851.7,24854.55,0
2025-07-30T15:19:00+05:30,24855.25,24858.0,24853.6,24854.55,0
2025-07-30T15:20:00+05:30,24854.15,24855.7,24850.6,24851.8,0
2025-07-30T15:21:00+05:30,24852.75,24854.8,24848.65,24848.85,0
2025-07-30T15:22:00+05:30,24850.2,24852.2,24847.05,24848.05,0
2025-07-30T15:23:00+05:30,24848.0,24850.5,24844.95,24847.95,0
2025-07-30T15:24:00+05:30,24848.1,24851.2,24845.15,24846.05,0
2025-07-30T15:25:00+05:30,24845.25,24853.5,24845.25,24852.75,0
2025-07-30T15:26:00+05:30,24850.95,24853.15,24846.65,24848.15,0
2025-07-30T15:27:00+05:30,24846.7,24849.6,24842.55,24846.7,0
2025-07-30T15:28:00+05:30,24844.6,24850.1,24843.15,24847.45,0
2025-07-30T15:29:00+05:30,24848.55,24851.95,24840.75,24844.55,0
2025-07-31T09:15:00+05:30,24642.25,24700.1,24635.0,24699.1,0
2025-07-31T09:16:00+05:30,24693.5,24695.55,24664.35,24665.25,0
2025-07-31T09:17:00+05:30,24665.35,24666.65,24639.55,24661.25,0
2025-07-31T09:18:00+05:30,24661.4,24676.8,24657.15,24666.7,0
2025-07-31T09:19:00+05:30,24667.55,24683.95,24667.55,24680.3,0
2025-07-31T09:20:00+05:30,24680.35,24714.95,24669.9,24702.7,0
2025-07-31T09:21:00+05:30,24703.05,24714.45,24696.8,24706.5,0
2025-07-31T09:22:00+05:30,24704.65,24706.6,24686.55,24705.05,0
2025-07-31T09:23:00+05:30,24707.2,24728.95,24705.5,24711.85,0
2025-07-31T09:24:00+05:30,24713.65,24719.2,24703.55,24718.65,0
2025-07-31T09:25:00+05:30,24718.55,24719.3,24695.45,24699.6,0
2025-07-31T09:26:00+05:30,24698.35,24715.7,24693.7,24714.6,0
2025-07-31T09:27:00+05:30,24713.55,24725.85,24713.55,24718.45,0
2025-07-31T09:28:00+05:30,24719.3,24720.65,24712.55,24715.55,0
2025-07-31T09:29:00+05:30,24716.3,24719.4,24707.2,24709.4,0
2025-07-31T09:30:00+05:30,24708.4,24708.55,24695.0,24703.05,0
2025-07-31T09:31:00+05:30,24703.1,24712.0,24694.75,24709.4,0
2025-07-31T09:32:00+05:30,24708.95,24719.25,24708.95,24712.65,0
2025-07-31T09:33:00+05:30,24712.35,24713.9,24696.5,24696.6,0
2025-07-31T09:34:00+05:30,24697.35,24711.55,24696.8,24711.55,0
2025-07-31T09:35:00+05:30,24711.9,24712.75,24696.25,24696.9,0
2025-07-31T09:36:00+05:30,24697.4,24700.45,24693.8,24695.8,0
2025-07-31T09:37:00+05:30,24696.85,24699.95,24693.05,24697.8,0
2025-07-31T09:38:00+05:30,24698.7,24698.7,24689.9,24691.9,0
2025-07-31T09:39:00+05:30,24690.7,24692.15,24686.35,24687.95,0
2025-07-31T09:40:00+05:30,24687.6,24691.55,24684.65,24690.3,0
2025-07-31T09:41:00+05:30,24690.5,24706.45,24690.35,24700.9,0
2025-07-31T09:42:00+05:30,24701.55,24704.6,24695.7,24702.2,0
2025-07-31T09:43:00+05:30,24703.75,24705.4,24701.15,24703.25,0
2025-07-31T09:44:00+05:30,24703.5,24710.7,24703.5,24707.95,0
2025-07-31T09:45:00+05:30,24707.55,24708.95,24701.0,24703.7,0
2025-07-31T09:46:00+05:30,24702.9,24705.85,24701.85,24704.6,0
2025-07-31T09:47:00+05:30,24704.95,24705.55,24694.95,24696.95,0
2025-07-31T09:48:00+05:30,24695.65,24702.75,24689.4,24700.75,0
2025-07-31T09:49:00+05:30,24700.25,24700.85,24687.8,24693.35,0
2025-07-31T09:50:00+05:30,24694.05,24695.65,24690.0,24691.4,0
2025-07-31T09:51:00+05:30,24692.0,24704.65,24688.65,24700.8,0
2025-07-31T09:52:00+05:30,24701.6,24707.35,24701.4,24706.4,0
2025-07-31T09:53:00+05:30,24706.7,24707.35,24702.65,24705.85,0
2025-07-31T09:54:00+05:30,24705.95,24706.7,24700.9,24702.15,0
2025-07-31T09:55:00+05:30,24701.95,24704.8,24701.6,24704.7,0
2025-07-31T09:56:00+05:30,24703.4,24708.55,24703.4,24708.2,0
2025-07-31T09:57:00+05:30,24708.55,24709.35,24693.35,24693.35,0
2025-07-31T09:58:00+05:30,24693.0,24696.25,24690.6,24694.55,0
2025-07-31T09:59:00+05:30,24694.05,24696.4,24691.15,24694.1,0
2025-07-31T10:00:00+05:30,24692.75,24693.75,24666.4,24668.1,0
2025-07-31T10:01:00+05:30,24667.75,24676.1,24661.55,24670.9,0
2025-07-31T10:02:00+05:30,24671.4,24671.95,24653.9,24654.85,0
2025-07-31T10:03:00+05:30,24654.7,24659.1,24653.6,24656.65,0
2025-07-31T10:04:00+05:30,24656.5,24663.75,24654.05,24661.9,0
2025-07-31T10:05:00+05:30,24660.95,24668.1,24659.5,24666.45,0
2025-07-31T10:06:00+05:30,24666.65,24668.3,24663.6,24666.7,0
2025-07-31T10:07:00+05:30,24667.45,24682.6,24667.45,24682.6,0
2025-07-31T10:08:00+05:30,24682.75,24687.0,24679.45,24679.45,0
2025-07-31T10:09:00+05:30,24679.1,24682.9,24677.7,24678.15,0
2025-07-31T10:10:00+05:30,24678.1,24678.75,24667.35,24672.5,0
2025-07-31T10:11:00+05:30,24673.15,24683.45,24673.15,24678.65,0
2025-07-31T10:12:00+05:30,24679.35,24679.35,24671.85,24672.4,0
2025-07-31T10:13:00+05:30,24672.45,24673.6,24665.3,24665.6,0
2025-07-31T10:14:00+05:30,24665.95,24674.0,24665.95,24673.6,0
2025-07-31T10:15:00+05:30,24673.2,24674.85,24667.15,24674.85,0
2025-07-31T10:16:00+05:30,24675.15,24682.95,24675.15,24679.1,0
2025-07-31T10:17:00+05:30,24678.55,24679.05,24671.45,24674.0,0
2025-07-31T10:18:00+05:30,24673.85,24680.0,24673.3,24674.5,0
2025-07-31T10:19:00+05:30,24674.1,24677.05,24672.8,24675.3,0
2025-07-31T10:20:00+05:30,24676.2,24676.2,24667.35,24671.15,0
2025-07-31T10:21:00+05:30,24670.6,24672.1,24666.7,24668.05,0
2025-07-31T10:22:00+05:30,24668.45,24683.9,24668.0,24683.1,0
2025-07-31T10:23:00+05:30,24683.3,24683.65,24678.1,24680.3,0
2025-07-31T10:24:00+05:30,24680.95,24686.9,24680.2,24686.25,0
2025-07-31T10:25:00+05:30,24686.4,24687.45,24683.2,24686.75,0
2025-07-31T10:26:00+05:30,24687.3,24689.75,24680.2,24684.15,0
2025-07-31T10:27:00+05:30,24683.65,24691.75,24683.3,24690.35,0
2025-07-31T10:28:00+05:30,24690.55,24692.8,24683.7,24687.3,0
2025-07-31T10:29:00+05:30,24687.0,24688.25,24671.8,24678.4,0
2025-07-31T10:30:00+05:30,24677.3,24685.7,24672.15,24685.2,0
2025-07-31T10:31:00+05:30,24685.3,24685.3,24673.3,24674.75,0
2025-07-31T10:32:00+05:30,24675.35,24675.5,24671.45,24674.75,0
2025-07-31T10:33:00+05:30,24674.2,24677.3,24671.8,24671.8,0
2025-07-31T10:34:00+05:30,24674.1,24674.8,24669.0,24671.15,0
2025-07-31T10:35:00+05:30,24671.1,24675.85,24668.5,24672.5,0
2025-07-31T10:36:00+05:30,24672.35,24675.7,24668.9,24671.1,0
2025-07-31T10:37:00+05:30,24671.5,24677.4,24662.6,24677.4,0
2025-07-31T10:38:00+05:30,24677.0,24680.95,24671.4,24672.6,0
2025-07-31T10:39:00+05:30,24672.45,24681.2,24671.1,24680.75,0
2025-07-31T10:40:00+05:30,24680.85,24684.55,24679.1,24679.75,0
2025-07-31T10:41:00+05:30,24679.65,24683.0,24677.85,24681.65,0
2025-07-31T10:42:00+05:30,24681.6,24683.55,24676.95,24679.9,0
2025-07-31T10:43:00+05:30,24680.45,24684.05,24677.6,24681.65,0
2025-07-31T10:44:00+05:30,24681.75,24693.1,24679.35,24693.1,0
2025-07-31T10:45:00+05:30,24693.5,24713.1,24693.05,24704.4,0
2025-07-31T10:46:00+05:30,24703.25,24707.25,24701.0,24705.65,0
2025-07-31T10:47:00+05:30,24705.6,24710.3,24703.65,24709.75,0
2025-07-31T10:48:00+05:30,24709.45,24722.95,24708.35,24720.25,0
2025-07-31T10:49:00+05:30,24720.6,24721.55,24714.35,24719.15,0
2025-07-31T10:50:00+05:30,24719.0,24728.45,24719.0,24723.5,0
2025-07-31T10:51:00+05:30,24723.25,24723.25,24711.35,24718.6,0
2025-07-31T10:52:00+05:30,24718.85,24724.25,24717.35,24721.8,0
2025-07-31T10:53:00+05:30,24721.95,24725.75,24720.4,24723.05,0
2025-07-31T10:54:00+05:30,24720.55,24727.45,24719.25,24725.35,0
2025-07-31T10:55:00+05:30,24724.95,24728.7,24722.45,24726.6,0
2025-07-31T10:56:00+05:30,24724.6,24725.75,24721.15,24723.65,0
2025-07-31T10:57:00+05:30,24724.05,24724.05,24711.3,24720.05,0
2025-07-31T10:58:00+05:30,24720.25,24720.25,24695.0,24699.5,0
2025-07-31T10:59:00+05:30,24698.35,24715.55,24698.1,24713.4,0
2025-07-31T11:00:00+05:30,24713.2,24725.8,24713.2,24724.45,0
2025-07-31T11:01:00+05:30,24724.5,24749.2,24723.7,24745.1,0
2025-07-31T11:02:00+05:30,24745.4,24756.7,24745.4,24754.2,0
2025-07-31T11:03:00+05:30,24754.7,24765.9,24754.7,24756.8,0
2025-07-31T11:04:00+05:30,24757.9,24762.4,24753.75,24758.85,0
2025-07-31T11:05:00+05:30,24760.35,24770.75,24758.0,24770.65,0
2025-07-31T11:06:00+05:30,24770.3,24776.55,24765.25,24773.35,0
2025-07-31T11:07:00+05:30,24771.5,24773.3,24763.8,24771.1,0
2025-07-31T11:08:00+05:30,24770.65,24773.5,24766.5,24769.05,0
2025-07-31T11:09:00+05:30,24768.55,24770.25,24757.4,24758.8,0
2025-07-31T11:10:00+05:30,24758.5,24758.5,24746.0,24748.8,0
2025-07-31T11:11:00+05:30,24750.1,24752.8,24748.8,24749.7,0
2025-07-31T11:12:00+05:30,24749.0,24750.6,24742.75,24744.5,0
2025-07-31T11:13:00+05:30,24744.35,24745.95,24740.7,24744.8,0
2025-07-31T11:14:00+05:30,24744.7,24749.4,24743.15,24747.15,0
2025-07-31T11:15:00+05:30,24746.95,24749.35,24742.05,24744.75,0
2025-07-31T11:16:00+05:30,24744.1,24749.8,24743.3,24747.55,0
2025-07-31T11:17:00+05:30,24747.5,24752.25,24746.9,24752.15,0
2025-07-31T11:18:00+05:30,24751.9,24752.15,24746.4,24748.15,0
2025-07-31T11:19:00+05:30,24748.25,24757.65,24747.1,24757.15,0
2025-07-31T11:20:00+05:30,24757.5,24769.4,24756.45,24768.7,0
2025-07-31T11:21:00+05:30,24769.4,24771.3,24766.35,24770.05,0
2025-07-31T11:22:00+05:30,24770.6,24784.6,24769.4,24782.25,0
2025-07-31T11:23:00+05:30,24782.7,24782.95,24774.7,24775.85,0
2025-07-31T11:24:00+05:30,24776.15,24787.95,24775.45,24787.7,0
2025-07-31T11:25:00+05:30,24787.85,24805.25,24786.45,24787.85,0
2025-07-31T11:26:00+05:30,24787.65,24787.65,24781.9,24783.7,0
2025-07-31T11:27:00+05:30,24783.15,24792.85,24780.25,24788.85,0
2025-07-31T11:28:00+05:30,24787.75,24789.95,24784.1,24786.25,0
2025-07-31T11:29:00+05:30,24785.7,24788.4,24779.5,24781.95,0
2025-07-31T11:30:00+05:30,24782.2,24788.35,24780.3,24787.65,0
2025-07-31T11:31:00+05:30,24787.45,24792.35,24782.55,24792.2,0
2025-07-31T11:32:00+05:30,24792.0,24800.15,24790.7,24795.5,0
2025-07-31T11:33:00+05:30,24794.8,24808.9,24794.5,24804.2,0
2025-07-31T11:34:00+05:30,24803.0,24812.7,24802.45,24807.4,0
2025-07-31T11:35:00+05:30,24807.55,24815.1,24797.65,24798.7,0
2025-07-31T11:36:00+05:30,24798.55,24798.55,24792.3,24797.1,0
2025-07-31T11:37:00+05:30,24797.6,24801.5,24795.65,24795.75,0
2025-07-31T11:38:00+05:30,24794.95,24798.35,24790.55,24790.55,0
2025-07-31T11:39:00+05:30,24791.5,24799.05,24788.65,24799.05,0
2025-07-31T11:40:00+05:30,24798.55,24800.95,24795.0,24799.75,0
2025-07-31T11:41:00+05:30,24799.6,24800.95,24796.85,24799.3,0
2025-07-31T11:42:00+05:30,24799.45,24811.15,24799.3,24810.55,0
2025-07-31T11:43:00+05:30,24810.3,24820.2,24809.35,24817.6,0
2025-07-31T11:44:00+05:30,24817.3,24818.8,24812.45,24813.9,0
2025-07-31T11:45:00+05:30,24814.9,24815.15,24793.25,24796.35,0
2025-07-31T11:46:00+05:30,24793.0,24822.4,24793.0,24813.05,0
2025-07-31T11:47:00+05:30,24813.3,24817.8,24810.6,24817.8,0
2025-07-31T11:48:00+05:30,24817.45,24820.25,24816.1,24818.95,0
2025-07-31T11:49:00+05:30,24819.95,24821.1,24806.75,24809.5,0
2025-07-31T11:50:00+05:30,24808.75,24811.45,24806.3,24810.25,0
2025-07-31T11:51:00+05:30,24810.1,24814.6,24809.05,24811.7,0
2025-07-31T11:52:00+05:30,24811.5,24811.5,24801.15,24801.95,0
2025-07-31T11:53:00+05:30,24802.7,24809.35,24797.65,24802.35,0
2025-07-31T11:54:00+05:30,24803.3,24804.9,24796.95,24804.35,0
2025-07-31T11:55:00+05:30,24804.75,24808.7,24802.05,24803.8,0
2025-07-31T11:56:00+05:30,24802.7,24806.8,24799.45,24804.6,0
2025-07-31T11:57:00+05:30,24804.9,24806.85,24802.8,24804.6,0
2025-07-31T11:58:00+05:30,24804.55,24805.7,24795.7,24797.85,0
2025-07-31T11:59:00+05:30,24797.5,24799.9,24795.8,24798.65,0
2025-07-31T12:00:00+05:30,24798.55,24799.95,24790.25,24791.3,0
2025-07-31T12:01:00+05:30,24791.1,24793.35,24785.35,24786.9,0
2025-07-31T12:02:00+05:30,24787.05,24788.75,24781.45,24781.5,0
2025-07-31T12:03:00+05:30,24781.65,24782.2,24771.25,24776.35,0
2025-07-31T12:04:00+05:30,24776.15,24780.9,24774.45,24777.85,0
2025-07-31T12:05:00+05:30,24777.8,24777.8,24772.5,24775.5,0
2025-07-31T12:06:00+05:30,24774.75,24776.9,24772.5,24773.35,0
2025-07-31T12:07:00+05:30,24772.65,24772.65,24762.55,24762.55,0
2025-07-31T12:08:00+05:30,24762.2,24764.95,24755.6,24761.25,0
2025-07-31T12:09:00+05:30,24761.35,24762.85,24758.6,24760.55,0
2025-07-31T12:10:00+05:30,24759.8,24776.1,24759.6,24775.1,0
2025-07-31T12:11:00+05:30,24774.3,24789.15,24773.35,24788.9,0
2025-07-31T12:12:00+05:30,24788.75,24804.8,24788.6,24800.75,0
2025-07-31T12:13:00+05:30,24801.6,24813.7,24800.65,24812.3,0
2025-07-31T12:14:00+05:30,24812.2,24819.35,24812.15,24819.35,0
2025-07-31T12:15:00+05:30,24819.7,24836.9,24819.25,24833.0,0
2025-07-31T12:16:00+05:30,24834.1,24837.2,24822.45,24823.15,0
2025-07-31T12:17:00+05:30,24823.2,24823.55,24819.9,24821.8,0
2025-07-31T12:18:00+05:30,24822.0,24837.65,24821.35,24836.8,0
2025-07-31T12:19:00+05:30,24838.8,24842.65,24832.0,24840.25,0
2025-07-31T12:20:00+05:30,24841.5,24843.3,24836.3,24841.85,0
2025-07-31T12:21:00+05:30,24842.4,24843.0,24835.75,24837.9,0
2025-07-31T12:22:00+05:30,24838.65,24847.5,24836.15,24844.25,0
2025-07-31T12:23:00+05:30,24845.65,24848.65,24841.6,24843.45,0
2025-07-31T12:24:00+05:30,24845.15,24850.0,24840.15,24846.55,0
2025-07-31T12:25:00+05:30,24847.8,24848.55,24841.55,24841.55,0
2025-07-31T12:26:00+05:30,24842.55,24842.55,24833.6,24834.7,0
2025-07-31T12:27:00+05:30,24835.2,24835.2,24829.0,24830.0,0
2025-07-31T12:28:00+05:30,24830.55,24834.15,24826.3,24827.55,0
2025-07-31T12:29:00+05:30,24828.05,24829.4,24825.5,24826.45,0
2025-07-31T12:30:00+05:30,24827.9,24836.65,24827.9,24832.3,0
2025-07-31T12:31:00+05:30,24832.75,24833.65,24828.5,24829.5,0
2025-07-31T12:32:00+05:30,24830.45,24832.9,24828.0,24830.9,0
2025-07-31T12:33:00+05:30,24831.85,24847.65,24827.65,24845.75,0
2025-07-31T12:34:00+05:30,24848.65,24861.35,24843.45,24857.0,0
2025-07-31T12:35:00+05:30,24857.85,24863.25,24856.3,24862.05,0
2025-07-31T12:36:00+05:30,24861.8,24866.2,24858.55,24865.6,0
2025-07-31T12:37:00+05:30,24865.3,24873.1,24864.4,24870.3,0
2025-07-31T12:38:00+05:30,24870.6,24874.45,24867.15,24872.3,0
2025-07-31T12:39:00+05:30,24873.2,24873.25,24865.85,24867.45,0
2025-07-31T12:40:00+05:30,24867.55,24867.55,24857.15,24863.3,0
2025-07-31T12:41:00+05:30,24864.85,24868.9,24862.35,24865.85,0
2025-07-31T12:42:00+05:30,24866.8,24867.85,24854.85,24857.55,0
2025-07-31T12:43:00+05:30,24857.25,24857.3,24846.05,24847.6,0
2025-07-31T12:44:00+05:30,24848.15,24859.5,24844.35,24856.35,0
2025-07-31T12:45:00+05:30,24856.75,24861.5,24846.25,24847.55,0
2025-07-31T12:46:00+05:30,24847.75,24855.15,24846.45,24853.55,0
2025-07-31T12:47:00+05:30,24854.25,24859.85,24853.0,24857.65,0
2025-07-31T12:48:00+05:30,24858.6,24861.75,24853.6,24860.35,0
2025-07-31T12:49:00+05:30,24862.25,24870.95,24860.85,24868.8,0
2025-07-31T12:50:00+05:30,24873.25,24879.85,24871.25,24879.1,0
2025-07-31T12:51:00+05:30,24879.4,24879.4,24872.1,24876.3,0
2025-07-31T12:52:00+05:30,24877.2,24879.55,24873.9,24878.3,0
2025-07-31T12:53:00+05:30,24878.9,24882.3,24875.4,24878.6,0
2025-07-31T12:54:00+05:30,24878.25,24880.15,24872.7,24876.15,0
2025-07-31T12:55:00+05:30,24877.05,24877.85,24872.3,24874.15,0
2025-07-31T12:56:00+05:30,24875.7,24879.7,24874.15,24879.35,0
2025-07-31T12:57:00+05:30,24879.4,24899.8,24876.75,24897.65,0
2025-07-31T12:58:00+05:30,24899.7,24906.05,24897.55,24904.35,0
2025-07-31T12:59:00+05:30,24905.4,24905.4,24896.3,24897.15,0
2025-07-31T13:00:00+05:30,24897.65,24899.15,24892.35,24898.8,0
2025-07-31T13:01:00+05:30,24899.55,24901.3,24888.2,24899.2,0
2025-07-31T13:02:00+05:30,24900.4,24902.3,24896.35,24901.45,0
2025-07-31T13:03:00+05:30,24901.95,24902.9,24896.25,24897.65,0
2025-07-31T13:04:00+05:30,24898.3,24898.3,24886.75,24890.15,0
2025-07-31T13:05:00+05:30,24889.3,24898.25,24886.2,24896.7,0
2025-07-31T13:06:00+05:30,24897.1,24897.4,24888.6,24890.55,0
2025-07-31T13:07:00+05:30,24891.25,24900.6,24889.9,24900.5,0
2025-07-31T13:08:00+05:30,24901.05,24902.5,24892.2,24895.5,0
2025-07-31T13:09:00+05:30,24895.8,24895.8,24892.0,24893.8,0
2025-07-31T13:10:00+05:30,24894.65,24898.8,24893.2,24898.25,0
2025-07-31T13:11:00+05:30,24898.15,24910.5,24897.35,24910.15,0
2025-07-31T13:12:00+05:30,24910.45,24928.45,24910.25,24927.25,0
2025-07-31T13:13:00+05:30,24927.95,24927.95,24900.85,24901.8,0
2025-07-31T13:14:00+05:30,24902.5,24905.55,24898.55,24900.15,0
2025-07-31T13:15:00+05:30,24900.45,24909.0,24896.25,24899.65,0
2025-07-31T13:16:00+05:30,24900.05,24901.85,24896.35,24901.4,0
2025-07-31T13:17:00+05:30,24901.5,24906.95,24899.75,24906.7,0
2025-07-31T13:18:00+05:30,24906.35,24911.45,24903.8,24909.7,0
2025-07-31T13:19:00+05:30,24909.25,24913.5,24909.0,24910.5,0
2025-07-31T13:20:00+05:30,24910.75,24910.9,24897.1,24902.0,0
2025-07-31T13:21:00+05:30,24902.35,24909.2,24901.65,24904.4,0
2025-07-31T13:22:00+05:30,24905.1,24906.7,24902.85,24903.05,0
2025-07-31T13:23:00+05:30,24902.8,24906.1,24900.45,24902.8,0
2025-07-31T13:24:00+05:30,24902.2,24904.3,24894.1,24897.0,0
2025-07-31T13:25:00+05:30,24897.35,24901.15,24893.15,24894.05,0
2025-07-31T13:26:00+05:30,24894.1,24909.95,24890.1,24909.85,0
2025-07-31T13:27:00+05:30,24909.8,24915.95,24909.05,24912.55,0
2025-07-31T13:28:00+05:30,24912.9,24922.45,24912.4,24922.45,0
2025-07-31T13:29:00+05:30,24922.75,24927.45,24920.7,24926.95,0
2025-07-31T13:30:00+05:30,24926.3,24926.75,24915.15,24925.25,0
2025-07-31T13:31:00+05:30,24926.15,24932.1,24926.05,24930.45,0
2025-07-31T13:32:00+05:30,24929.9,24935.0,24928.2,24930.35,0
2025-07-31T13:33:00+05:30,24929.5,24932.4,24929.05,24931.3,0
2025-07-31T13:34:00+05:30,24930.75,24935.1,24930.35,24933.0,0
2025-07-31T13:35:00+05:30,24932.9,24934.5,24930.55,24932.6,0
2025-07-31T13:36:00+05:30,24932.75,24944.55,24931.2,24934.8,0
2025-07-31T13:37:00+05:30,24934.4,24946.95,24933.25,24945.95,0
2025-07-31T13:38:00+05:30,24946.75,24956.5,24946.25,24952.9,0
2025-07-31T13:39:00+05:30,24952.85,24953.65,24940.75,24944.9,0
2025-07-31T13:40:00+05:30,24946.35,24948.35,24936.05,24937.45,0
2025-07-31T13:41:00+05:30,24937.7,24938.6,24929.7,24930.45,0
2025-07-31T13:42:00+05:30,24930.2,24930.2,24919.95,24921.25,0
2025-07-31T13:43:00+05:30,24920.75,24923.5,24917.9,24920.75,0
2025-07-31T13:44:00+05:30,24920.85,24923.6,24916.7,24921.65,0
2025-07-31T13:45:00+05:30,24921.5,24926.5,24916.2,24918.65,0
2025-07-31T13:46:00+05:30,24922.65,24935.05,24922.4,24925.3,0
2025-07-31T13:47:00+05:30,24925.45,24927.5,24919.7,24924.25,0
2025-07-31T13:48:00+05:30,24923.8,24925.0,24917.5,24922.15,0
2025-07-31T13:49:00+05:30,24921.55,24922.05,24917.55,24919.7,0
2025-07-31T13:50:00+05:30,24920.35,24920.95,24911.55,24912.45,0
2025-07-31T13:51:00+05:30,24912.25,24920.25,24909.55,24917.5,0
2025-07-31T13:52:00+05:30,24917.15,24917.75,24908.85,24912.75,0
2025-07-31T13:53:00+05:30,24912.35,24915.3,24907.85,24908.05,0
2025-07-31T13:54:00+05:30,24908.75,24910.75,24905.1,24907.35,0
2025-07-31T13:55:00+05:30,24907.3,24917.7,24907.15,24914.25,0
2025-07-31T13:56:00+05:30,24913.7,24913.95,24908.7,24912.35,0
2025-07-31T13:57:00+05:30,24913.15,24924.8,24911.9,24923.55,0
2025-07-31T13:58:00+05:30,24923.6,24924.15,24901.3,24907.95,0
2025-07-31T13:59:00+05:30,24908.1,24910.05,24903.0,24907.7,0
2025-07-31T14:00:00+05:30,24907.35,24913.15,24905.9,24908.7,0
2025-07-31T14:01:00+05:30,24907.85,24915.25,24907.85,24913.75,0
2025-07-31T14:02:00+05:30,24914.2,24922.3,24912.6,24921.05,0
2025-07-31T14:03:00+05:30,24922.8,24928.05,24916.55,24918.5,0
2025-07-31T14:04:00+05:30,24917.4,24918.85,24913.75,24918.4,0
2025-07-31T14:05:00+05:30,24917.15,24927.0,24916.15,24927.0,0
2025-07-31T14:06:00+05:30,24926.8,24932.45,24925.7,24931.95,0
2025-07-31T14:07:00+05:30,24932.7,24939.95,24931.45,24936.35,0
2025-07-31T14:08:00+05:30,24937.4,24952.7,24937.4,24951.75,0
2025-07-31T14:09:00+05:30,24951.6,24952.05,24935.4,24941.15,0
2025-07-31T14:10:00+05:30,24941.1,24947.65,24935.7,24941.2,0
2025-07-31T14:11:00+05:30,24942.75,24951.7,24940.55,24949.65,0
2025-07-31T14:12:00+05:30,24949.55,24951.2,24932.35,24935.1,0
2025-07-31T14:13:00+05:30,24934.75,24935.85,24929.75,24931.35,0
2025-07-31T14:14:00+05:30,24930.55,24932.0,24921.65,24924.7,0
2025-07-31T14:15:00+05:30,24924.45,24926.1,24917.05,24917.95,0
2025-07-31T14:16:00+05:30,24917.8,24922.75,24915.0,24916.15,0
2025-07-31T14:17:00+05:30,24915.45,24917.9,24907.6,24909.7,0
2025-07-31T14:18:00+05:30,24909.2,24918.7,24907.5,24913.6,0
2025-07-31T14:19:00+05:30,24911.15,24913.7,24905.9,24907.05,0
2025-07-31T14:20:00+05:30,24906.4,24911.6,24903.75,24905.8,0
2025-07-31T14:21:00+05:30,24905.25,24914.05,24904.65,24905.75,0
2025-07-31T14:22:00+05:30,24907.15,24908.3,24898.7,24904.4,0
2025-07-31T14:23:00+05:30,24905.1,24905.15,24899.75,24904.2,0
2025-07-31T14:24:00+05:30,24904.55,24907.9,24900.35,24903.3,0
2025-07-31T14:25:00+05:30,24903.2,24903.2,24883.55,24886.3,0
2025-07-31T14:26:00+05:30,24886.6,24889.25,24882.0,24884.5,0
2025-07-31T14:27:00+05:30,24885.5,24891.95,24883.85,24891.6,0
2025-07-31T14:28:00+05:30,24889.75,24890.4,24879.85,24881.8,0
2025-07-31T14:29:00+05:30,24880.95,24881.9,24863.4,24867.15,0
2025-07-31T14:30:00+05:30,24862.75,24862.75,24843.05,24847.0,0
2025-07-31T14:31:00+05:30,24846.95,24867.5,24844.7,24866.95,0
2025-07-31T14:32:00+05:30,24867.1,24867.1,24857.5,24865.85,0
2025-07-31T14:33:00+05:30,24866.2,24880.6,24866.15,24879.5,0
2025-07-31T14:34:00+05:30,24879.75,24882.5,24868.75,24872.4,0
2025-07-31T14:35:00+05:30,24871.65,24876.65,24867.2,24870.0,0
2025-07-31T14:36:00+05:30,24868.8,24870.45,24861.65,24865.95,0
2025-07-31T14:37:00+05:30,24866.1,24883.15,24864.55,24882.8,0
2025-07-31T14:38:00+05:30,24881.8,24889.7,24880.25,24887.6,0
2025-07-31T14:39:00+05:30,24888.2,24890.8,24881.8,24886.95,0
2025-07-31T14:40:00+05:30,24887.0,24893.35,24883.45,24893.15,0
2025-07-31T14:41:00+05:30,24892.8,24892.9,24853.1,24855.1,0
2025-07-31T14:42:00+05:30,24853.65,24867.65,24853.65,24864.1,0
2025-07-31T14:43:00+05:30,24863.55,24873.8,24860.55,24872.8,0
2025-07-31T14:44:00+05:30,24872.45,24882.45,24871.15,24879.0,0
2025-07-31T14:45:00+05:30,24878.85,24881.2,24868.75,24871.7,0
2025-07-31T14:46:00+05:30,24869.7,24871.6,24861.4,24862.1,0
2025-07-31T14:47:00+05:30,24861.9,24864.5,24852.45,24855.5,0
2025-07-31T14:48:00+05:30,24856.45,24864.4,24850.05,24863.3,0
2025-07-31T14:49:00+05:30,24862.15,24865.9,24856.4,24858.3,0
2025-07-31T14:50:00+05:30,24856.8,24859.85,24851.05,24856.45,0
2025-07-31T14:51:00+05:30,24857.1,24861.65,24849.8,24855.15,0
2025-07-31T14:52:00+05:30,24854.1,24858.05,24851.55,24855.4,0
2025-07-31T14:53:00+05:30,24855.45,24857.1,24851.55,24857.0,0
2025-07-31T14:54:00+05:30,24856.75,24856.75,24836.75,24836.75,0
2025-07-31T14:55:00+05:30,24837.25,24849.15,24835.1,24848.85,0
2025-07-31T14:56:00+05:30,24849.5,24852.0,24843.15,24852.0,0
2025-07-31T14:57:00+05:30,24851.65,24852.5,24845.15,24847.2,0
2025-07-31T14:58:00+05:30,24847.05,24861.9,24845.1,24861.15,0
2025-07-31T14:59:00+05:30,24861.55,24863.55,24848.05,24851.45,0
2025-07-31T15:00:00+05:30,24851.9,24851.9,24807.65,24809.8,0
2025-07-31T15:01:00+05:30,24807.95,24811.95,24799.5,24800.35,0
2025-07-31T15:02:00+05:30,24800.5,24802.15,24794.75,24795.85,0
2025-07-31T15:03:00+05:30,24795.5,24798.35,24791.6,24793.4,0
2025-07-31T15:04:00+05:30,24793.95,24794.25,24786.85,24790.65,0
2025-07-31T15:05:00+05:30,24788.75,24790.3,24776.1,24777.5,0
2025-07-31T15:06:00+05:30,24777.0,24780.1,24772.55,24776.4,0
2025-07-31T15:07:00+05:30,24776.85,24776.9,24769.6,24770.2,0
2025-07-31T15:08:00+05:30,24770.95,24774.6,24770.15,24772.85,0
2025-07-31T15:09:00+05:30,24773.1,24773.8,24757.25,24760.55,0
2025-07-31T15:10:00+05:30,24758.55,24775.85,24752.5,24775.55,0
2025-07-31T15:11:00+05:30,24775.5,24780.95,24767.05,24768.9,0
2025-07-31T15:12:00+05:30,24770.1,24774.15,24764.85,24766.35,0
2025-07-31T15:13:00+05:30,24766.15,24766.95,24757.75,24759.95,0
2025-07-31T15:14:00+05:30,24760.25,24762.85,24757.8,24762.45,0
2025-07-31T15:15:00+05:30,24762.3,24764.55,24758.4,24758.85,0
2025-07-31T15:16:00+05:30,24759.2,24759.2,24749.4,24755.0,0
2025-07-31T15:17:00+05:30,24755.45,24756.05,24748.85,24753.7,0
2025-07-31T15:18:00+05:30,24753.85,24758.3,24751.15,24756.05,0
2025-07-31T15:19:00+05:30,24755.4,24755.95,24750.9,24754.2,0
2025-07-31T15:20:00+05:30,24754.25,24756.25,24750.75,24752.15,0
2025-07-31T15:21:00+05:30,24751.55,24757.7,24750.25,24757.7,0
2025-07-31T15:22:00+05:30,24757.45,24758.95,24749.3,24753.4,0
2025-07-31T15:23:00+05:30,24753.75,24758.1,24752.8,24754.8,0
2025-07-31T15:24:00+05:30,24754.1,24755.8,24751.5,24755.3,0
2025-07-31T15:25:00+05:30,24754.4,24758.1,24753.1,24757.0,0
2025-07-31T15:26:00+05:30,24756.95,24759.4,24753.6,24755.0,0
2025-07-31T15:27:00+05:30,24755.05,24756.25,24750.25,24756.05,0
2025-07-31T15:28:00+05:30,24756.7,24763.5,24749.25,24754.55,0
2025-07-31T15:29:00+05:30,24754.4,24766.6,24747.55,24765.6,0
2025-08-01T09:15:00+05:30,24734.9,24759.75,24695.95,24723.55,0
2025-08-01T09:16:00+05:30,24723.05,24727.45,24712.25,24712.8,0
2025-08-01T09:17:00+05:30,24712.6,24724.7,24709.05,24718.15,0
2025-08-01T09:18:00+05:30,24716.6,24724.75,24710.9,24722.5,0
2025-08-01T09:19:00+05:30,24722.3,24730.1,24720.1,24726.0,0
2025-08-01T09:20:00+05:30,24725.9,24732.2,24713.45,24731.2,0
2025-08-01T09:21:00+05:30,24731.5,24732.6,24725.35,24726.95,0
2025-08-01T09:22:00+05:30,24726.15,24729.05,24717.95,24725.25,0
2025-08-01T09:23:00+05:30,24725.3,24730.65,24718.8,24719.0,0
2025-08-01T09:24:00+05:30,24719.9,24722.3,24712.2,24712.7,0
2025-08-01T09:25:00+05:30,24712.6,24714.15,24698.05,24698.05,0
2025-08-01T09:26:00+05:30,24698.25,24698.25,24685.9,24695.05,0
2025-08-01T09:27:00+05:30,24695.5,24696.75,24684.35,24685.3,0
2025-08-01T09:28:00+05:30,24687.0,24687.0,24679.3,24682.7,0
2025-08-01T09:29:00+05:30,24682.75,24688.3,24681.8,24686.9,0
2025-08-01T09:30:00+05:30,24685.5,24685.5,24672.45,24680.2,0
2025-08-01T09:31:00+05:30,24681.6,24692.55,24672.2,24692.55,0
2025-08-01T09:32:00+05:30,24693.2,24699.6,24690.3,24698.8,0
2025-08-01T09:33:00+05:30,24699.25,24738.7,24695.95,24734.7,0
2025-08-01T09:34:00+05:30,24736.3,24736.3,24712.85,24713.95,0
2025-08-01T09:35:00+05:30,24713.35,24721.15,24711.95,24716.25,0
2025-08-01T09:36:00+05:30,24715.95,24724.95,24715.95,24721.9,0
2025-08-01T09:37:00+05:30,24721.95,24721.95,24697.5,24709.5,0
2025-08-01T09:38:00+05:30,24708.9,24712.3,24703.5,24712.3,0
2025-08-01T09:39:00+05:30,24711.7,24711.7,24697.2,24697.8,0
2025-08-01T09:40:00+05:30,24699.25,24714.25,24695.6,24714.25,0
2025-08-01T09:41:00+05:30,24713.9,24719.3,24712.45,24717.75,0
2025-08-01T09:42:00+05:30,24718.3,24718.8,24706.6,24717.25,0
2025-08-01T09:43:00+05:30,24717.15,24725.3,24717.15,24722.3,0
2025-08-01T09:44:00+05:30,24722.4,24722.4,24707.8,24709.0,0
2025-08-01T09:45:00+05:30,24708.35,24713.4,24701.3,24713.35,0
2025-08-01T09:46:00+05:30,24712.55,24712.65,24701.05,24704.55,0
2025-08-01T09:47:00+05:30,24706.0,24707.0,24694.6,24706.0,0
2025-08-01T09:48:00+05:30,24706.1,24719.7,24703.9,24718.5,0
2025-08-01T09:49:00+05:30,24717.05,24722.7,24711.05,24711.55,0
2025-08-01T09:50:00+05:30,24710.8,24713.1,24709.2,24713.1,0
2025-08-01T09:51:00+05:30,24713.45,24724.65,24711.9,24713.25,0
2025-08-01T09:52:00+05:30,24712.7,24714.95,24710.75,24713.6,0
2025-08-01T09:53:00+05:30,24714.35,24716.0,24703.15,24705.35,0
2025-08-01T09:54:00+05:30,24704.55,24705.25,24696.05,24697.25,0
2025-08-01T09:55:00+05:30,24697.45,24701.45,24695.65,24697.75,0
2025-08-01T09:56:00+05:30,24697.5,24703.65,24692.35,24693.1,0
2025-08-01T09:57:00+05:30,24693.0,24696.45,24691.35,24692.1,0
2025-08-01T09:58:00+05:30,24690.95,24692.0,24685.15,24689.4,0
2025-08-01T09:59:00+05:30,24689.05,24699.45,24686.55,24696.9,0
2025-08-01T10:00:00+05:30,24696.55,24696.55,24684.65,24691.6,0
2025-08-01T10:01:00+05:30,24692.4,24705.45,24691.2,24705.45,0
2025-08-01T10:02:00+05:30,24704.6,24711.25,24703.2,24708.6,0
2025-08-01T10:03:00+05:30,24708.05,24728.45,24704.95,24725.7,0
2025-08-01T10:04:00+05:30,24725.6,24729.35,24721.15,24727.0,0
2025-08-01T10:05:00+05:30,24726.9,24728.95,24714.4,24720.75,0
2025-08-01T10:06:00+05:30,24721.35,24722.25,24715.45,24719.0,0
2025-08-01T10:07:00+05:30,24719.75,24724.6,24713.75,24714.25,0
2025-08-01T10:08:00+05:30,24714.15,24718.6,24712.45,24715.65,0
2025-08-01T10:09:00+05:30,24714.95,24727.05,24714.95,24727.05,0
2025-08-01T10:10:00+05:30,24727.35,24737.8,24721.65,24737.8,0
2025-08-01T10:11:00+05:30,24738.7,24741.55,24736.15,24738.0,0
2025-08-01T10:12:00+05:30,24738.6,24746.6,24736.1,24746.0,0
2025-08-01T10:13:00+05:30,24745.0,24747.35,24739.05,24746.95,0
2025-08-01T10:14:00+05:30,24746.6,24747.3,24740.25,24745.65,0
2025-08-01T10:15:00+05:30,24745.6,24749.45,24743.8,24748.85,0
2025-08-01T10:16:00+05:30,24749.8,24752.05,24743.65,24745.65,0
2025-08-01T10:17:00+05:30,24744.7,24746.4,24737.2,24737.95,0
2025-08-01T10:18:00+05:30,24737.4,24741.6,24735.1,24741.6,0
2025-08-01T10:19:00+05:30,24742.15,24751.7,24742.1,24751.35,0
2025-08-01T10:20:00+05:30,24752.65,24766.95,24748.5,24766.1,0
2025-08-01T10:21:00+05:30,24765.85,24775.3,24765.05,24774.55,0
2025-08-01T10:22:00+05:30,24774.5,24777.8,24767.35,24768.75,0
2025-08-01T10:23:00+05:30,24768.15,24768.15,24752.05,24756.8,0
2025-08-01T10:24:00+05:30,24757.15,24761.95,24755.5,24756.1,0
2025-08-01T10:25:00+05:30,24756.45,24767.0,24755.4,24766.1,0
2025-08-01T10:26:00+05:30,24768.05,24768.05,24761.3,24763.6,0
2025-08-01T10:27:00+05:30,24763.55,24766.4,24762.05,24766.4,0
2025-08-01T10:28:00+05:30,24766.5,24766.5,24755.6,24757.35,0
2025-08-01T10:29:00+05:30,24757.05,24764.8,24754.7,24764.45,0
2025-08-01T10:30:00+05:30,24764.7,24770.2,24756.25,24758.25,0
2025-08-01T10:31:00+05:30,24758.0,24773.05,24756.65,24773.0,0
2025-08-01T10:32:00+05:30,24773.15,24780.8,24771.55,24779.25,0
2025-08-01T10:33:00+05:30,24779.0,24780.2,24775.7,24780.2,0
2025-08-01T10:34:00+05:30,24779.7,24782.5,24777.4,24778.1,0
2025-08-01T10:35:00+05:30,24778.95,24779.25,24772.4,24776.8,0
2025-08-01T10:36:00+05:30,24777.4,24781.85,24776.75,24779.05,0
2025-08-01T10:37:00+05:30,24779.25,24783.75,24778.55,24781.65,0
2025-08-01T10:38:00+05:30,24782.1,24784.15,24775.8,24775.8,0
2025-08-01T10:39:00+05:30,24775.0,24775.6,24769.3,24771.3,0
2025-08-01T10:40:00+05:30,24771.1,24776.6,24771.1,24774.2,0
2025-08-01T10:41:00+05:30,24774.45,24774.45,24767.55,24768.35,0
2025-08-01T10:42:00+05:30,24766.9,24769.2,24756.0,24758.25,0
2025-08-01T10:43:00+05:30,24758.55,24762.15,24757.3,24761.8,0
2025-08-01T10:44:00+05:30,24761.5,24770.55,24761.05,24769.45,0
2025-08-01T10:45:00+05:30,24769.35,24772.6,24768.2,24768.85,0
2025-08-01T10:46:00+05:30,24768.55,24768.55,24756.05,24757.8,0
2025-08-01T10:47:00+05:30,24757.75,24769.75,24756.65,24769.75,0
2025-08-01T10:48:00+05:30,24769.5,24772.15,24757.7,24758.35,0
2025-08-01T10:49:00+05:30,24758.9,24759.8,24756.5,24757.65,0
2025-08-01T10:50:00+05:30,24757.8,24758.7,24742.25,24742.25,0
2025-08-01T10:51:00+05:30,24741.6,24747.8,24735.3,24747.05,0
2025-08-01T10:52:00+05:30,24747.5,24750.9,24746.55,24749.2,0
2025-08-01T10:53:00+05:30,24748.25,24753.5,24748.25,24750.2,0
2025-08-01T10:54:00+05:30,24749.1,24750.05,24739.85,24739.85,0
2025-08-01T10:55:00+05:30,24740.4,24744.2,24735.95,24740.6,0
2025-08-01T10:56:00+05:30,24740.2,24741.7,24738.2,24740.8,0
2025-08-01T10:57:00+05:30,24740.75,24744.95,24740.05,24744.95,0
2025-08-01T10:58:00+05:30,24745.0,24745.4,24738.3,24741.4,0
2025-08-01T10:59:00+05:30,24741.5,24744.75,24739.45,24743.4,0
2025-08-01T11:00:00+05:30,24743.45,24753.25,24743.45,24751.8,0
2025-08-01T11:01:00+05:30,24752.35,24759.85,24750.55,24759.85,0
2025-08-01T11:02:00+05:30,24760.05,24771.15,24759.85,24767.0,0
2025-08-01T11:03:00+05:30,24766.85,24768.65,24765.25,24767.2,0
2025-08-01T11:04:00+05:30,24766.85,24771.35,24765.9,24767.25,0
2025-08-01T11:05:00+05:30,24766.35,24767.6,24760.2,24761.2,0
2025-08-01T11:06:00+05:30,24761.1,24761.85,24753.6,24756.85,0
2025-08-01T11:07:00+05:30,24756.9,24756.9,24746.75,24748.2,0
2025-08-01T11:08:00+05:30,24748.1,24748.1,24722.65,24722.65,0
2025-08-01T11:09:00+05:30,24722.0,24724.3,24718.1,24721.35,0
2025-08-01T11:10:00+05:30,24721.05,24722.25,24714.55,24719.75,0
2025-08-01T11:11:00+05:30,24719.05,24725.85,24718.7,24723.0,0
2025-08-01T11:12:00+05:30,24723.15,24724.6,24720.3,24723.2,0
2025-08-01T11:13:00+05:30,24722.5,24722.5,24708.95,24710.4,0
2025-08-01T11:14:00+05:30,24710.75,24712.7,24707.1,24710.25,0
2025-08-01T11:15:00+05:30,24710.85,24711.25,24705.55,24706.35,0
2025-08-01T11:16:00+05:30,24706.75,24717.95,24706.3,24717.95,0
2025-08-01T11:17:00+05:30,24717.45,24718.0,24710.5,24713.1,0
2025-08-01T11:18:00+05:30,24712.95,24713.4,24670.15,24672.15,0
2025-08-01T11:19:00+05:30,24670.25,24689.85,24668.95,24689.25,0
2025-08-01T11:20:00+05:30,24690.35,24691.8,24686.05,24691.8,0
2025-08-01T11:21:00+05:30,24692.05,24695.75,24690.65,24695.75,0
2025-08-01T11:22:00+05:30,24695.25,24705.55,24694.65,24701.9,0
2025-08-01T11:23:00+05:30,24702.3,24702.95,24699.3,24700.7,0
2025-08-01T11:24:00+05:30,24700.1,24704.7,24698.65,24701.1,0
2025-08-01T11:25:00+05:30,24701.05,24706.65,24701.05,24704.5,0
2025-08-01T11:26:00+05:30,24705.1,24705.1,24696.3,24698.25,0
2025-08-01T11:27:00+05:30,24698.9,24700.35,24694.7,24696.25,0
2025-08-01T11:28:00+05:30,24696.3,24697.0,24688.75,24690.45,0
2025-08-01T11:29:00+05:30,24691.1,24694.75,24689.2,24692.7,0
2025-08-01T11:30:00+05:30,24692.65,24694.5,24681.15,24681.6,0
2025-08-01T11:31:00+05:30,24681.7,24689.0,24681.7,24689.0,0
2025-08-01T11:32:00+05:30,24689.4,24689.4,24678.3,24679.3,0
2025-08-01T11:33:00+05:30,24679.2,24683.75,24677.55,24680.95,0
2025-08-01T11:34:00+05:30,24681.5,24685.05,24679.75,24682.15,0
2025-08-01T11:35:00+05:30,24682.35,24682.4,24674.0,24678.9,0
2025-08-01T11:36:00+05:30,24679.2,24684.3,24676.6,24677.05,0
2025-08-01T11:37:00+05:30,24676.9,24683.45,24675.6,24683.1,0
2025-08-01T11:38:00+05:30,24683.2,24685.3,24676.95,24678.15,0
2025-08-01T11:39:00+05:30,24677.8,24679.45,24666.95,24669.45,0
2025-08-01T11:40:00+05:30,24669.55,24673.65,24666.75,24672.95,0
2025-08-01T11:41:00+05:30,24672.6,24674.35,24666.15,24667.7,0
2025-08-01T11:42:00+05:30,24667.85,24669.0,24659.7,24666.7,0
2025-08-01T11:43:00+05:30,24666.85,24669.2,24664.05,24664.05,0
2025-08-01T11:44:00+05:30,24664.4,24664.6,24644.05,24646.85,0
2025-08-01T11:45:00+05:30,24647.2,24660.85,24646.9,24654.35,0
2025-08-01T11:46:00+05:30,24653.85,24659.25,24652.65,24658.75,0
2025-08-01T11:47:00+05:30,24658.95,24661.5,24657.1,24658.2,0
2025-08-01T11:48:00+05:30,24658.45,24660.6,24656.55,24659.9,0
2025-08-01T11:49:00+05:30,24660.1,24668.9,24658.5,24666.95,0
2025-08-01T11:50:00+05:30,24667.3,24667.3,24662.05,24662.6,0
2025-08-01T11:51:00+05:30,24663.2,24669.25,24660.85,24669.0,0
2025-08-01T11:52:00+05:30,24668.9,24674.0,24668.15,24672.4,0
2025-08-01T11:53:00+05:30,24673.15,24675.2,24669.65,24674.9,0
2025-08-01T11:54:00+05:30,24675.75,24675.75,24665.2,24665.55,0
2025-08-01T11:55:00+05:30,24666.0,24666.85,24661.75,24662.65,0
2025-08-01T11:56:00+05:30,24662.7,24664.5,24657.85,24657.85,0
2025-08-01T11:57:00+05:30,24657.1,24658.65,24656.2,24656.65,0
2025-08-01T11:58:00+05:30,24656.95,24669.0,24656.3,24667.2,0
2025-08-01T11:59:00+05:30,24666.55,24668.9,24658.45,24659.4,0
2025-08-01T12:00:00+05:30,24659.1,24661.35,24656.35,24657.05,0
2025-08-01T12:01:00+05:30,24656.7,24657.05,24652.35,24654.45,0
2025-08-01T12:02:00+05:30,24654.35,24654.75,24646.15,24648.6,0
2025-08-01T12:03:00+05:30,24648.4,24652.0,24646.4,24650.6,0
2025-08-01T12:04:00+05:30,24650.7,24659.2,24649.3,24650.7,0
2025-08-01T12:05:00+05:30,24652.85,24655.1,24649.9,24652.5,0
2025-08-01T12:06:00+05:30,24653.3,24660.05,24652.05,24660.05,0
2025-08-01T12:07:00+05:30,24660.6,24666.3,24660.05,24663.6,0
2025-08-01T12:08:00+05:30,24663.75,24666.2,24661.8,24663.45,0
2025-08-01T12:09:00+05:30,24664.65,24671.05,24663.15,24670.6,0
2025-08-01T12:10:00+05:30,24671.2,24671.2,24662.55,24666.55,0
2025-08-01T12:11:00+05:30,24666.8,24667.7,24663.9,24665.15,0
2025-08-01T12:12:00+05:30,24665.85,24665.85,24656.15,24659.2,0
2025-08-01T12:13:00+05:30,24660.15,24661.7,24658.95,24660.45,0
2025-08-01T12:14:00+05:30,24661.1,24661.65,24653.7,24654.05,0
2025-08-01T12:15:00+05:30,24654.95,24659.3,24649.9,24658.55,0
2025-08-01T12:16:00+05:30,24658.95,24660.05,24653.15,24653.15,0
2025-08-01T12:17:00+05:30,24653.35,24655.5,24651.85,24654.55,0
2025-08-01T12:18:00+05:30,24655.2,24655.4,24648.8,24652.9,0
2025-08-01T12:19:00+05:30,24652.65,24653.95,24647.1,24653.6,0
2025-08-01T12:20:00+05:30,24654.4,24659.2,24653.75,24658.95,0
2025-08-01T12:21:00+05:30,24658.6,24662.85,24655.5,24662.85,0
2025-08-01T12:22:00+05:30,24663.25,24671.05,24662.4,24669.65,0
2025-08-01T12:23:00+05:30,24670.8,24671.95,24662.65,24671.95,0
2025-08-01T12:24:00+05:30,24672.95,24675.95,24672.8,24674.35,0
2025-08-01T12:25:00+05:30,24675.25,24675.25,24666.8,24672.7,0
2025-08-01T12:26:00+05:30,24673.2,24673.55,24667.4,24668.45,0
2025-08-01T12:27:00+05:30,24669.0,24669.0,24663.55,24665.25,0
2025-08-01T12:28:00+05:30,24666.45,24666.95,24661.4,24662.5,0
2025-08-01T12:29:00+05:30,24663.5,24665.95,24660.2,24664.75,0
2025-08-01T12:30:00+05:30,24665.3,24670.5,24662.5,24670.25,0
2025-08-01T12:31:00+05:30,24670.85,24697.7,24669.2,24692.2,0
2025-08-01T12:32:00+05:30,24693.2,24693.25,24684.4,24685.65,0
2025-08-01T12:33:00+05:30,24686.1,24686.1,24672.75,24673.65,0
2025-08-01T12:34:00+05:30,24674.3,24674.35,24657.7,24660.4,0
2025-08-01T12:35:00+05:30,24660.85,24660.85,24640.45,24645.35,0
2025-08-01T12:36:00+05:30,24646.45,24652.4,24646.0,24648.85,0
2025-08-01T12:37:00+05:30,24648.7,24660.15,24648.45,24657.25,0
2025-08-01T12:38:00+05:30,24658.35,24658.35,24653.3,24654.3,0
2025-08-01T12:39:00+05:30,24655.0,24655.15,24645.55,24646.25,0
2025-08-01T12:40:00+05:30,24646.7,24646.7,24636.3,24638.4,0
2025-08-01T12:41:00+05:30,24638.75,24647.45,24635.75,24647.45,0
2025-08-01T12:42:00+05:30,24647.05,24647.05,24640.05,24642.4,0
2025-08-01T12:43:00+05:30,24643.35,24643.35,24611.05,24613.25,0
2025-08-01T12:44:00+05:30,24614.3,24637.35,24614.3,24635.45,0
2025-08-01T12:45:00+05:30,24636.15,24636.65,24632.9,24634.3,0
2025-08-01T12:46:00+05:30,24635.35,24636.5,24633.0,24635.95,0
2025-08-01T12:47:00+05:30,24636.75,24648.3,24636.65,24648.3,0
2025-08-01T12:48:00+05:30,24648.65,24648.65,24642.95,24645.1,0
2025-08-01T12:49:00+05:30,24645.55,24647.15,24641.6,24642.0,0
2025-08-01T12:50:00+05:30,24641.8,24643.55,24635.15,24640.45,0
2025-08-01T12:51:00+05:30,24640.6,24643.9,24636.65,24643.75,0
2025-08-01T12:52:00+05:30,24644.55,24649.05,24643.7,24644.2,0
2025-08-01T12:53:00+05:30,24645.4,24645.85,24640.75,24645.55,0
2025-08-01T12:54:00+05:30,24645.65,24650.0,24644.35,24649.9,0
2025-08-01T12:55:00+05:30,24650.65,24653.35,24647.5,24652.7,0
2025-08-01T12:56:00+05:30,24653.3,24655.85,24648.4,24648.85,0
2025-08-01T12:57:00+05:30,24649.9,24653.2,24647.15,24652.3,0
2025-08-01T12:58:00+05:30,24652.9,24652.9,24643.8,24647.15,0
2025-08-01T12:59:00+05:30,24647.35,24649.7,24644.4,24644.8,0
2025-08-01T13:00:00+05:30,24645.7,24646.55,24640.0,24643.0,0
2025-08-01T13:01:00+05:30,24643.3,24644.15,24637.25,24644.15,0
2025-08-01T13:02:00+05:30,24644.85,24647.2,24640.85,24641.4,0
2025-08-01T13:03:00+05:30,24642.2,24642.2,24635.85,24640.8,0
2025-08-01T13:04:00+05:30,24640.95,24640.95,24634.5,24639.4,0
2025-08-01T13:05:00+05:30,24640.2,24652.45,24639.25,24652.45,0
2025-08-01T13:06:00+05:30,24653.0,24661.1,24649.2,24659.4,0
2025-08-01T13:07:00+05:30,24660.5,24666.95,24660.5,24661.75,0
2025-08-01T13:08:00+05:30,24663.05,24665.5,24659.8,24661.25,0
2025-08-01T13:09:00+05:30,24661.05,24661.2,24651.45,24652.7,0
2025-08-01T13:10:00+05:30,24654.2,24654.2,24645.25,24646.25,0
2025-08-01T13:11:00+05:30,24647.25,24651.1,24646.8,24647.2,0
2025-08-01T13:12:00+05:30,24647.8,24658.35,24646.2,24657.75,0
2025-08-01T13:13:00+05:30,24657.9,24662.85,24656.2,24661.95,0
2025-08-01T13:14:00+05:30,24663.05,24663.05,24655.4,24655.4,0
2025-08-01T13:15:00+05:30,24656.1,24657.6,24653.65,24655.15,0
2025-08-01T13:16:00+05:30,24655.35,24658.1,24653.4,24655.85,0
2025-08-01T13:17:00+05:30,24656.5,24660.2,24653.9,24659.5,0
2025-08-01T13:18:00+05:30,24659.95,24659.95,24649.95,24649.95,0
2025-08-01T13:19:00+05:30,24651.0,24653.05,24648.9,24651.35,0
2025-08-01T13:20:00+05:30,24651.6,24652.1,24648.5,24649.9,0
2025-08-01T13:21:00+05:30,24650.25,24654.15,24648.45,24654.15,0
2025-08-01T13:22:00+05:30,24655.25,24658.95,24653.35,24658.95,0
2025-08-01T13:23:00+05:30,24659.45,24664.1,24657.65,24664.1,0
2025-08-01T13:24:00+05:30,24664.2,24665.2,24661.55,24661.6,0
2025-08-01T13:25:00+05:30,24663.05,24676.45,24657.95,24676.0,0
2025-08-01T13:26:00+05:30,24674.95,24683.7,24674.95,24682.75,0
2025-08-01T13:27:00+05:30,24683.8,24684.75,24679.75,24681.55,0
2025-08-01T13:28:00+05:30,24682.2,24684.5,24681.4,24683.25,0
2025-08-01T13:29:00+05:30,24683.0,24683.75,24678.05,24683.75,0
2025-08-01T13:30:00+05:30,24684.2,24684.35,24677.55,24677.6,0
2025-08-01T13:31:00+05:30,24678.4,24691.4,24677.85,24689.2,0
2025-08-01T13:32:00+05:30,24690.3,24692.65,24686.5,24689.55,0
2025-08-01T13:33:00+05:30,24688.95,24690.8,24680.7,24681.55,0
2025-08-01T13:34:00+05:30,24682.4,24683.6,24671.2,24671.5,0
2025-08-01T13:35:00+05:30,24672.6,24674.85,24666.0,24666.85,0
2025-08-01T13:36:00+05:30,24668.55,24670.4,24663.45,24663.45,0
2025-08-01T13:37:00+05:30,24664.55,24664.55,24658.1,24659.4,0
2025-08-01T13:38:00+05:30,24660.5,24660.85,24615.6,24618.2,0
2025-08-01T13:39:00+05:30,24617.0,24639.55,24617.0,24636.25,0
2025-08-01T13:40:00+05:30,24638.9,24645.15,24638.6,24643.3,0
2025-08-01T13:41:00+05:30,24643.45,24646.35,24639.95,24646.35,0
2025-08-01T13:42:00+05:30,24647.35,24655.95,24647.2,24654.95,0
2025-08-01T13:43:00+05:30,24655.9,24659.2,24653.25,24656.65,0
2025-08-01T13:44:00+05:30,24657.3,24671.75,24656.5,24668.6,0
2025-08-01T13:45:00+05:30,24669.5,24671.75,24667.7,24668.1,0
2025-08-01T13:46:00+05:30,24669.2,24669.85,24664.5,24668.45,0
2025-08-01T13:47:00+05:30,24668.85,24669.9,24663.7,24664.7,0
2025-08-01T13:48:00+05:30,24665.55,24672.45,24662.7,24667.95,0
2025-08-01T13:49:00+05:30,24668.75,24668.75,24664.6,24665.5,0
2025-08-01T13:50:00+05:30,24664.95,24665.85,24659.15,24659.9,0
2025-08-01T13:51:00+05:30,24659.95,24660.85,24657.25,24658.45,0
2025-08-01T13:52:00+05:30,24659.0,24664.55,24656.8,24664.25,0
2025-08-01T13:53:00+05:30,24664.15,24664.15,24659.65,24659.65,0
2025-08-01T13:54:00+05:30,24660.65,24661.4,24657.05,24658.65,0
2025-08-01T13:55:00+05:30,24661.35,24666.65,24656.75,24656.9,0
2025-08-01T13:56:00+05:30,24656.75,24658.55,24652.85,24653.05,0
2025-08-01T13:57:00+05:30,24652.35,24656.75,24651.3,24653.15,0
2025-08-01T13:58:00+05:30,24653.7,24654.95,24650.2,24653.25,0
2025-08-01T13:59:00+05:30,24654.0,24654.0,24637.5,24643.85,0
2025-08-01T14:00:00+05:30,24644.55,24651.95,24644.55,24650.75,0
2025-08-01T14:01:00+05:30,24650.35,24651.3,24646.85,24649.4,0
2025-08-01T14:02:00+05:30,24648.85,24648.85,24640.4,24640.65,0
2025-08-01T14:03:00+05:30,24641.1,24642.55,24639.25,24640.45,0
2025-08-01T14:04:00+05:30,24640.3,24645.5,24636.9,24644.6,0
2025-08-01T14:05:00+05:30,24645.45,24649.1,24645.2,24646.25,0
2025-08-01T14:06:00+05:30,24646.3,24650.5,24643.3,24649.5,0
2025-08-01T14:07:00+05:30,24649.85,24650.6,24639.55,24643.0,0
2025-08-01T14:08:00+05:30,24643.55,24645.6,24638.45,24642.8,0
2025-08-01T14:09:00+05:30,24643.25,24646.0,24641.6,24644.75,0
2025-08-01T14:10:00+05:30,24646.0,24648.1,24641.15,24646.9,0
2025-08-01T14:11:00+05:30,24647.45,24661.35,24646.85,24661.0,0
2025-08-01T14:12:00+05:30,24661.4,24663.95,24657.15,24658.5,0
2025-08-01T14:13:00+05:30,24658.7,24658.7,24647.1,24647.1,0
2025-08-01T14:14:00+05:30,24646.35,24657.05,24645.6,24651.75,0
2025-08-01T14:15:00+05:30,24651.45,24652.0,24645.7,24650.45,0
2025-08-01T14:16:00+05:30,24650.8,24655.15,24648.6,24653.25,0
2025-08-01T14:17:00+05:30,24653.9,24655.3,24648.9,24655.3,0
2025-08-01T14:18:00+05:30,24655.6,24659.7,24652.1,24653.85,0
2025-08-01T14:19:00+05:30,24653.5,24654.4,24640.7,24642.15,0
2025-08-01T14:20:00+05:30,24641.9,24644.85,24640.8,24644.4,0
2025-08-01T14:21:00+05:30,24644.75,24646.4,24636.35,24638.45,0
2025-08-01T14:22:00+05:30,24639.15,24639.85,24631.4,24637.15,0
2025-08-01T14:23:00+05:30,24637.0,24637.5,24632.7,24634.65,0
2025-08-01T14:24:00+05:30,24634.75,24634.85,24629.75,24631.05,0
2025-08-01T14:25:00+05:30,24631.8,24633.75,24629.7,24631.85,0
2025-08-01T14:26:00+05:30,24632.15,24634.35,24627.65,24629.4,0
2025-08-01T14:27:00+05:30,24629.45,24629.95,24623.75,24625.15,0
2025-08-01T14:28:00+05:30,24625.9,24626.25,24618.45,24622.9,0
2025-08-01T14:29:00+05:30,24622.8,24628.9,24621.45,24628.45,0
2025-08-01T14:30:00+05:30,24628.3,24628.7,24622.45,24627.7,0
2025-08-01T14:31:00+05:30,24628.45,24640.15,24625.25,24639.75,0
2025-08-01T14:32:00+05:30,24638.85,24639.45,24634.0,24637.15,0
2025-08-01T14:33:00+05:30,24637.3,24651.0,24635.2,24650.2,0
2025-08-01T14:34:00+05:30,24649.8,24650.7,24640.25,24642.7,0
2025-08-01T14:35:00+05:30,24642.25,24652.1,24642.15,24648.3,0
2025-08-01T14:36:00+05:30,24647.85,24649.15,24641.65,24649.1,0
2025-08-01T14:37:00+05:30,24647.8,24650.15,24641.9,24643.85,0
2025-08-01T14:38:00+05:30,24643.95,24644.45,24603.6,24606.75,0
2025-08-01T14:39:00+05:30,24606.55,24632.65,24606.55,24628.7,0
2025-08-01T14:40:00+05:30,24627.35,24630.95,24621.25,24623.65,0
2025-08-01T14:41:00+05:30,24624.45,24624.45,24619.55,24621.85,0
2025-08-01T14:42:00+05:30,24620.95,24623.7,24617.9,24619.65,0
2025-08-01T14:43:00+05:30,24619.4,24620.3,24614.25,24616.55,0
2025-08-01T14:44:00+05:30,24616.25,24622.35,24614.35,24619.6,0
2025-08-01T14:45:00+05:30,24620.2,24622.5,24616.25,24618.1,0
2025-08-01T14:46:00+05:30,24618.85,24624.3,24617.75,24621.75,0
2025-08-01T14:47:00+05:30,24622.35,24632.9,24620.85,24631.25,0
2025-08-01T14:48:00+05:30,24631.95,24636.45,24631.05,24636.4,0
2025-08-01T14:49:00+05:30,24635.9,24641.3,24635.9,24638.9,0
2025-08-01T14:50:00+05:30,24639.15,24640.05,24634.7,24638.9,0
2025-08-01T14:51:00+05:30,24638.25,24639.9,24632.75,24634.85,0
2025-08-01T14:52:00+05:30,24633.95,24634.55,24629.15,24630.55,0
2025-08-01T14:53:00+05:30,24630.8,24632.0,24623.9,24629.25,0
2025-08-01T14:54:00+05:30,24629.85,24629.85,24623.8,24625.1,0
2025-08-01T14:55:00+05:30,24625.6,24625.65,24617.9,24618.3,0
2025-08-01T14:56:00+05:30,24619.5,24621.95,24617.1,24617.35,0
2025-08-01T14:57:00+05:30,24616.8,24617.8,24612.25,24612.9,0
2025-08-01T14:58:00+05:30,24612.5,24622.85,24611.8,24614.1,0
2025-08-01T14:59:00+05:30,24613.2,24616.8,24610.4,24613.8,0
2025-08-01T15:00:00+05:30,24610.75,24611.2,24600.35,24606.5,0
2025-08-01T15:01:00+05:30,24606.65,24617.7,24606.65,24614.25,0
2025-08-01T15:02:00+05:30,24614.7,24617.7,24610.65,24611.2,0
2025-08-01T15:03:00+05:30,24609.7,24613.85,24602.35,24604.05,0
2025-08-01T15:04:00+05:30,24601.7,24603.65,24593.7,24595.85,0
2025-08-01T15:05:00+05:30,24595.4,24600.3,24589.55,24590.05,0
2025-08-01T15:06:00+05:30,24590.5,24590.5,24579.1,24581.85,0
2025-08-01T15:07:00+05:30,24580.45,24585.5,24578.2,24583.1,0
2025-08-01T15:08:00+05:30,24582.05,24582.95,24565.35,24565.4,0
2025-08-01T15:09:00+05:30,24564.65,24565.9,24553.3,24553.85,0
2025-08-01T15:10:00+05:30,24556.65,24561.15,24542.55,24544.55,0
2025-08-01T15:11:00+05:30,24543.8,24551.85,24540.05,24540.75,0
2025-08-01T15:12:00+05:30,24538.9,24541.25,24535.05,24540.9,0
2025-08-01T15:13:00+05:30,24540.35,24549.0,24540.35,24545.2,0
2025-08-01T15:14:00+05:30,24545.0,24547.6,24542.95,24545.65,0
2025-08-01T15:15:00+05:30,24544.3,24547.75,24543.4,24545.15,0
2025-08-01T15:16:00+05:30,24543.85,24547.35,24541.7,24541.7,0
2025-08-01T15:17:00+05:30,24541.5,24547.25,24541.5,24545.7,0
2025-08-01T15:18:00+05:30,24543.95,24547.75,24539.9,24547.0,0
2025-08-01T15:19:00+05:30,24547.45,24559.1,24547.0,24551.9,0
2025-08-01T15:20:00+05:30,24551.1,24560.6,24551.1,24553.15,0
2025-08-01T15:21:00+05:30,24550.7,24558.0,24550.7,24557.9,0
2025-08-01T15:22:00+05:30,24557.4,24559.1,24556.1,24558.65,0
2025-08-01T15:23:00+05:30,24557.5,24563.25,24557.5,24561.0,0
2025-08-01T15:24:00+05:30,24560.0,24561.7,24556.0,24560.5,0
2025-08-01T15:25:00+05:30,24559.95,24570.65,24559.95,24562.3,0
2025-08-01T15:26:00+05:30,24561.3,24562.05,24547.2,24548.1,0
2025-08-01T15:27:00+05:30,24546.8,24554.45,24546.8,24554.45,0
2025-08-01T15:28:00+05:30,24553.0,24564.5,24553.0,24563.45,0
2025-08-01T15:29:00+05:30,24563.6,24575.2,24557.45,24572.15,0
2025-08-04T09:15:00+05:30,24596.05,24627.85,24562.85,24613.85,0
2025-08-04T09:16:00+05:30,24611.35,24628.45,24600.6,24625.4,0
2025-08-04T09:17:00+05:30,24625.2,24633.5,24617.2,24619.75,0
2025-08-04T09:18:00+05:30,24617.7,24634.75,24617.7,24633.4,0
2025-08-04T09:19:00+05:30,24633.5,24642.9,24633.5,24639.75,0
2025-08-04T09:20:00+05:30,24642.75,24648.55,24624.35,24624.35,0
2025-08-04T09:21:00+05:30,24625.2,24638.85,24624.95,24626.75,0
2025-08-04T09:22:00+05:30,24628.15,24638.35,24627.05,24638.15,0
2025-08-04T09:23:00+05:30,24639.65,24652.45,24639.65,24650.85,0
2025-08-04T09:24:00+05:30,24649.8,24652.95,24645.2,24646.25,0
2025-08-04T09:25:00+05:30,24647.35,24653.75,24641.3,24642.85,0
2025-08-04T09:26:00+05:30,24641.95,24657.25,24640.65,24651.95,0
2025-08-04T09:27:00+05:30,24653.1,24657.35,24650.25,24653.4,0
2025-08-04T09:28:00+05:30,24653.5,24664.95,24649.1,24664.05,0
2025-08-04T09:29:00+05:30,24663.55,24666.4,24658.25,24660.5,0
2025-08-04T09:30:00+05:30,24659.65,24669.95,24659.55,24664.7,0
2025-08-04T09:31:00+05:30,24667.0,24668.6,24659.1,24659.45,0
2025-08-04T09:32:00+05:30,24658.35,24659.85,24641.75,24649.25,0
2025-08-04T09:33:00+05:30,24648.4,24653.85,24644.5,24645.6,0
2025-08-04T09:34:00+05:30,24645.75,24658.2,24644.8,24656.55,0
2025-08-04T09:35:00+05:30,24657.8,24661.35,24649.85,24650.6,0
2025-08-04T09:36:00+05:30,24651.8,24654.4,24649.05,24651.9,0
2025-08-04T09:37:00+05:30,24651.15,24652.55,24644.05,24651.3,0
2025-08-04T09:38:00+05:30,24653.05,24658.05,24651.25,24651.35,0
2025-08-04T09:39:00+05:30,24653.65,24653.95,24645.95,24649.65,0
2025-08-04T09:40:00+05:30,24651.2,24651.3,24642.5,24649.3,0
2025-08-04T09:41:00+05:30,24650.6,24650.75,24642.7,24644.5,0
2025-08-04T09:42:00+05:30,24645.05,24645.05,24635.75,24638.85,0
2025-08-04T09:43:00+05:30,24639.15,24639.15,24618.05,24618.45,0
2025-08-04T09:44:00+05:30,24619.25,24619.7,24597.5,24598.0,0
2025-08-04T09:45:00+05:30,24598.15,24598.15,24582.4,24585.75,0
2025-08-04T09:46:00+05:30,24588.65,24588.65,24577.75,24578.95,0
2025-08-04T09:47:00+05:30,24578.1,24578.1,24567.55,24572.85,0
2025-08-04T09:48:00+05:30,24572.75,24572.8,24554.0,24561.2,0
2025-08-04T09:49:00+05:30,24563.95,24605.8,24563.85,24604.4,0
2025-08-04T09:50:00+05:30,24605.55,24646.35,24605.55,24623.75,0
2025-08-04T09:51:00+05:30,24623.95,24631.55,24622.65,24625.85,0
2025-08-04T09:52:00+05:30,24624.25,24624.25,24612.1,24613.45,0
2025-08-04T09:53:00+05:30,24612.1,24612.1,24597.15,24608.5,0
2025-08-04T09:54:00+05:30,24607.3,24608.05,24601.75,24607.0,0
2025-08-04T09:55:00+05:30,24607.3,24612.4,24605.45,24609.85,0
2025-08-04T09:56:00+05:30,24609.4,24609.4,24600.2,24605.0,0
2025-08-04T09:57:00+05:30,24604.85,24613.9,24604.5,24606.0,0
2025-08-04T09:58:00+05:30,24606.35,24609.05,24602.75,24608.4,0
2025-08-04T09:59:00+05:30,24608.75,24612.8,24607.5,24608.1,0
2025-08-04T10:00:00+05:30,24607.75,24617.15,24605.3,24608.75,0
2025-08-04T10:01:00+05:30,24608.5,24608.5,24597.0,24600.25,0
2025-08-04T10:02:00+05:30,24600.35,24606.65,24598.0,24606.55,0
2025-08-04T10:03:00+05:30,24606.4,24615.6,24601.05,24615.6,0
2025-08-04T10:04:00+05:30,24615.95,24626.9,24615.05,24626.9,0
2025-08-04T10:05:00+05:30,24626.35,24638.35,24625.6,24636.25,0
2025-08-04T10:06:00+05:30,24634.15,24634.2,24618.6,24623.6,0
2025-08-04T10:07:00+05:30,24624.1,24626.05,24622.7,24624.55,0
2025-08-04T10:08:00+05:30,24625.0,24632.1,24624.95,24627.9,0
2025-08-04T10:09:00+05:30,24627.3,24629.0,24625.2,24625.45,0
2025-08-04T10:10:00+05:30,24626.4,24627.15,24618.25,24620.1,0
2025-08-04T10:11:00+05:30,24620.25,24630.7,24617.9,24626.35,0
2025-08-04T10:12:00+05:30,24626.05,24626.6,24616.75,24625.6,0
2025-08-04T10:13:00+05:30,24625.2,24628.95,24623.9,24627.8,0
2025-08-04T10:14:00+05:30,24626.9,24630.1,24623.2,24624.3,0
2025-08-04T10:15:00+05:30,24623.7,24630.45,24623.65,24628.4,0
2025-08-04T10:16:00+05:30,24628.0,24634.25,24625.8,24630.55,0
2025-08-04T10:17:00+05:30,24630.7,24640.15,24629.45,24638.5,0
2025-08-04T10:18:00+05:30,24639.25,24645.3,24638.0,24643.8,0
2025-08-04T10:19:00+05:30,24643.65,24644.0,24631.2,24632.75,0
2025-08-04T10:20:00+05:30,24633.65,24635.2,24627.85,24631.6,0
2025-08-04T10:21:00+05:30,24632.0,24637.65,24630.05,24636.7,0
2025-08-04T10:22:00+05:30,24636.95,24642.1,24636.3,24640.15,0
2025-08-04T10:23:00+05:30,24640.3,24648.4,24639.8,24646.55,0
2025-08-04T10:24:00+05:30,24646.4,24652.3,24645.35,24646.15,0
2025-08-04T10:25:00+05:30,24644.95,24646.75,24636.7,24638.65,0
2025-08-04T10:26:00+05:30,24638.8,24640.0,24630.55,24630.55,0
2025-08-04T10:27:00+05:30,24630.15,24630.15,24610.3,24610.3,0
2025-08-04T10:28:00+05:30,24609.8,24623.1,24609.2,24621.3,0
2025-08-04T10:29:00+05:30,24621.4,24623.75,24617.95,24618.5,0
2025-08-04T10:30:00+05:30,24618.45,24631.15,24618.45,24629.8,0
2025-08-04T10:31:00+05:30,24629.45,24637.45,24626.4,24634.25,0
2025-08-04T10:32:00+05:30,24632.95,24637.25,24631.6,24636.95,0
2025-08-04T10:33:00+05:30,24636.6,24640.05,24635.8,24637.5,0
2025-08-04T10:34:00+05:30,24638.05,24638.9,24635.95,24636.45,0
2025-08-04T10:35:00+05:30,24637.75,24637.75,24633.5,24636.35,0
2025-08-04T10:36:00+05:30,24636.95,24642.65,24636.2,24641.05,0
2025-08-04T10:37:00+05:30,24640.55,24640.55,24633.5,24636.6,0
2025-08-04T10:38:00+05:30,24635.65,24641.3,24635.6,24640.65,0
2025-08-04T10:39:00+05:30,24639.0,24652.8,24638.65,24650.7,0
2025-08-04T10:40:00+05:30,24651.1,24651.4,24645.3,24645.65,0
2025-08-04T10:41:00+05:30,24645.2,24650.4,24642.45,24650.4,0
2025-08-04T10:42:00+05:30,24650.3,24656.0,24648.2,24654.95,0
2025-08-04T10:43:00+05:30,24654.8,24655.15,24645.4,24647.15,0
2025-08-04T10:44:00+05:30,24646.85,24647.7,24641.65,24641.65,0
2025-08-04T10:45:00+05:30,24641.75,24642.15,24637.1,24639.25,0
2025-08-04T10:46:00+05:30,24639.4,24640.8,24634.85,24637.95,0
2025-08-04T10:47:00+05:30,24638.15,24638.85,24630.85,24631.05,0
2025-08-04T10:48:00+05:30,24630.75,24631.0,24616.75,24619.95,0
2025-08-04T10:49:00+05:30,24620.05,24620.65,24612.75,24612.75,0
2025-08-04T10:50:00+05:30,24612.6,24615.5,24609.55,24613.15,0
2025-08-04T10:51:00+05:30,24612.65,24612.65,24603.55,24608.85,0
2025-08-04T10:52:00+05:30,24609.65,24621.5,24609.65,24621.05,0
2025-08-04T10:53:00+05:30,24621.8,24630.85,24620.4,24623.4,0
2025-08-04T10:54:00+05:30,24623.1,24625.85,24620.65,24625.85,0
2025-08-04T10:55:00+05:30,24625.95,24626.5,24622.0,24624.4,0
2025-08-04T10:56:00+05:30,24625.3,24630.6,24620.0,24630.2,0
2025-08-04T10:57:00+05:30,24630.5,24632.1,24617.5,24620.75,0
2025-08-04T10:58:00+05:30,24620.95,24626.0,24620.35,24624.3,0
2025-08-04T10:59:00+05:30,24624.05,24626.95,24623.8,24625.25,0
2025-08-04T11:00:00+05:30,24625.55,24632.9,24622.15,24632.05,0
2025-08-04T11:01:00+05:30,24631.35,24644.5,24630.8,24644.1,0
2025-08-04T11:02:00+05:30,24644.55,24646.15,24641.55,24645.7,0
2025-08-04T11:03:00+05:30,24645.65,24649.35,24644.45,24648.9,0
2025-08-04T11:04:00+05:30,24649.25,24663.15,24648.8,24661.4,0
2025-08-04T11:05:00+05:30,24660.05,24664.9,24660.05,24662.45,0
2025-08-04T11:06:00+05:30,24662.75,24669.5,24662.6,24666.2,0
2025-08-04T11:07:00+05:30,24666.05,24666.35,24647.5,24649.25,0
2025-08-04T11:08:00+05:30,24649.35,24653.55,24645.15,24646.05,0
2025-08-04T11:09:00+05:30,24644.9,24649.4,24642.4,24648.45,0
2025-08-04T11:10:00+05:30,24648.1,24654.6,24647.9,24653.5,0
2025-08-04T11:11:00+05:30,24653.1,24656.75,24650.25,24656.25,0
2025-08-04T11:12:00+05:30,24656.4,24658.05,24653.9,24654.95,0
2025-08-04T11:13:00+05:30,24655.15,24664.55,24655.1,24664.4,0
2025-08-04T11:14:00+05:30,24664.5,24666.1,24660.0,24664.35,0
2025-08-04T11:15:00+05:30,24664.5,24673.85,24664.1,24673.0,0
2025-08-04T11:16:00+05:30,24673.25,24677.35,24666.3,24666.3,0
2025-08-04T11:17:00+05:30,24666.35,24668.2,24662.35,24666.65,0
2025-08-04T11:18:00+05:30,24665.65,24673.9,24665.65,24672.15,0
2025-08-04T11:19:00+05:30,24671.9,24672.5,24665.75,24667.95,0
2025-08-04T11:20:00+05:30,24668.1,24674.25,24668.1,24671.4,0
2025-08-04T11:21:00+05:30,24671.9,24675.15,24668.6,24669.0,0
2025-08-04T11:22:00+05:30,24668.8,24681.4,24668.8,24681.25,0
2025-08-04T11:23:00+05:30,24681.5,24682.75,24673.85,24673.85,0
2025-08-04T11:24:00+05:30,24674.85,24677.4,24673.2,24676.25,0
2025-08-04T11:25:00+05:30,24676.0,24677.15,24673.85,24674.5,0
2025-08-04T11:26:00+05:30,24674.25,24679.55,24673.65,24673.65,0
2025-08-04T11:27:00+05:30,24674.45,24674.7,24668.15,24669.45,0
2025-08-04T11:28:00+05:30,24669.7,24670.9,24668.0,24668.95,0
2025-08-04T11:29:00+05:30,24668.9,24669.3,24665.1,24666.45,0
2025-08-04T11:30:00+05:30,24666.75,24680.85,24666.75,24680.8,0
2025-08-04T11:31:00+05:30,24680.2,24683.95,24678.25,24678.25,0
2025-08-04T11:32:00+05:30,24678.05,24682.6,24676.8,24681.4,0
2025-08-04T11:33:00+05:30,24682.15,24682.45,24673.4,24673.7,0
2025-08-04T11:34:00+05:30,24673.1,24673.45,24669.6,24671.35,0
2025-08-04T11:35:00+05:30,24671.7,24673.5,24664.75,24664.75,0
2025-08-04T11:36:00+05:30,24665.55,24665.55,24655.95,24661.25,0
2025-08-04T11:37:00+05:30,24661.9,24664.95,24661.0,24661.3,0
2025-08-04T11:38:00+05:30,24660.1,24660.1,24632.55,24636.95,0
2025-08-04T11:39:00+05:30,24636.9,24654.7,24636.9,24652.95,0
2025-08-04T11:40:00+05:30,24653.35,24656.6,24652.25,24652.45,0
2025-08-04T11:41:00+05:30,24652.55,24658.55,24652.35,24656.65,0
2025-08-04T11:42:00+05:30,24656.0,24665.55,24655.1,24664.7,0
2025-08-04T11:43:00+05:30,24664.45,24669.1,24663.9,24667.2,0
2025-08-04T11:44:00+05:30,24667.5,24670.45,24666.95,24669.35,0
2025-08-04T11:45:00+05:30,24669.25,24671.2,24667.85,24670.55,0
2025-08-04T11:46:00+05:30,24670.8,24674.1,24670.2,24672.85,0
2025-08-04T11:47:00+05:30,24672.9,24674.45,24670.7,24674.3,0
2025-08-04T11:48:00+05:30,24673.95,24674.25,24669.05,24670.55,0
2025-08-04T11:49:00+05:30,24670.75,24674.45,24670.75,24672.6,0
2025-08-04T11:50:00+05:30,24672.3,24677.5,24670.8,24676.05,0
2025-08-04T11:51:00+05:30,24676.6,24677.9,24672.4,24672.85,0
2025-08-04T11:52:00+05:30,24671.75,24674.35,24670.4,24672.5,0
2025-08-04T11:53:00+05:30,24673.35,24676.85,24672.6,24676.65,0
2025-08-04T11:54:00+05:30,24676.5,24677.7,24675.75,24675.75,0
2025-08-04T11:55:00+05:30,24676.35,24676.35,24670.1,24671.85,0
2025-08-04T11:56:00+05:30,24672.0,24680.8,24671.75,24677.75,0
2025-08-04T11:57:00+05:30,24677.95,24682.2,24677.25,24677.25,0
2025-08-04T11:58:00+05:30,24677.05,24684.65,24675.45,24683.05,0
2025-08-04T11:59:00+05:30,24683.95,24684.05,24678.3,24679.45,0
2025-08-04T12:00:00+05:30,24679.0,24683.85,24674.95,24675.55,0
2025-08-04T12:01:00+05:30,24675.0,24675.7,24670.9,24670.9,0
2025-08-04T12:02:00+05:30,24671.0,24671.9,24660.75,24663.05,0
2025-08-04T12:03:00+05:30,24662.85,24664.2,24659.55,24661.8,0
2025-08-04T12:04:00+05:30,24662.8,24671.8,24662.45,24670.7,0
2025-08-04T12:05:00+05:30,24670.6,24679.1,24670.5,24676.15,0
2025-08-04T12:06:00+05:30,24676.1,24677.6,24668.7,24668.7,0
2025-08-04T12:07:00+05:30,24668.85,24671.35,24667.65,24668.2,0
2025-08-04T12:08:00+05:30,24668.5,24672.25,24668.0,24669.2,0
2025-08-04T12:09:00+05:30,24669.3,24670.7,24667.35,24668.95,0
2025-08-04T12:10:00+05:30,24669.85,24679.2,24668.6,24677.15,0
2025-08-04T12:11:00+05:30,24677.45,24681.45,24675.85,24675.85,0
2025-08-04T12:12:00+05:30,24675.45,24677.4,24671.65,24672.05,0
2025-08-04T12:13:00+05:30,24672.1,24677.45,24670.1,24673.4,0
2025-08-04T12:14:00+05:30,24673.65,24678.7,24672.95,24676.8,0
2025-08-04T12:15:00+05:30,24676.75,24680.15,24675.3,24676.05,0
2025-08-04T12:16:00+05:30,24676.45,24678.85,24670.0,24671.45,0
2025-08-04T12:17:00+05:30,24671.75,24679.7,24669.85,24677.45,0
2025-08-04T12:18:00+05:30,24677.7,24679.05,24674.75,24675.05,0
2025-08-04T12:19:00+05:30,24675.8,24680.6,24675.75,24678.15,0
2025-08-04T12:20:00+05:30,24677.75,24678.25,24671.25,24675.25,0
2025-08-04T12:21:00+05:30,24675.0,24676.35,24668.85,24670.2,0
2025-08-04T12:22:00+05:30,24670.55,24672.25,24667.35,24668.25,0
2025-08-04T12:23:00+05:30,24668.35,24677.4,24667.3,24676.2,0
2025-08-04T12:24:00+05:30,24676.7,24681.25,24669.6,24670.0,0
2025-08-04T12:25:00+05:30,24669.4,24680.75,24669.4,24678.65,0
2025-08-04T12:26:00+05:30,24678.6,24682.9,24676.85,24681.45,0
2025-08-04T12:27:00+05:30,24681.5,24690.6,24680.35,24687.3,0
2025-08-04T12:28:00+05:30,24687.45,24692.05,24686.75,24690.25,0
2025-08-04T12:29:00+05:30,24690.6,24696.8,24690.6,24694.6,0
2025-08-04T12:30:00+05:30,24694.95,24699.0,24692.15,24695.5,0
2025-08-04T12:31:00+05:30,24695.3,24699.4,24693.45,24695.65,0
2025-08-04T12:32:00+05:30,24695.95,24697.25,24693.1,24693.1,0
2025-08-04T12:33:00+05:30,24693.4,24698.5,24692.75,24697.45,0
2025-08-04T12:34:00+05:30,24697.05,24697.95,24691.05,24694.1,0
2025-08-04T12:35:00+05:30,24694.85,24700.4,24693.4,24699.35,0
2025-08-04T12:36:00+05:30,24699.25,24707.85,24699.0,24705.2,0
2025-08-04T12:37:00+05:30,24705.75,24708.75,24701.55,24707.2,0
2025-08-04T12:38:00+05:30,24707.55,24715.25,24707.05,24710.5,0
2025-08-04T12:39:00+05:30,24709.75,24719.85,24709.75,24717.3,0
2025-08-04T12:40:00+05:30,24716.75,24720.95,24714.4,24714.55,0
2025-08-04T12:41:00+05:30,24714.65,24714.65,24704.05,24704.5,0
2025-08-04T12:42:00+05:30,24704.8,24705.8,24697.85,24697.95,0
2025-08-04T12:43:00+05:30,24696.65,24698.45,24693.3,24696.7,0
2025-08-04T12:44:00+05:30,24696.4,24697.6,24689.65,24692.4,0
2025-08-04T12:45:00+05:30,24692.8,24700.0,24692.35,24699.4,0
2025-08-04T12:46:00+05:30,24699.5,24701.25,24687.2,24687.6,0
2025-08-04T12:47:00+05:30,24687.3,24696.3,24686.75,24693.5,0
2025-08-04T12:48:00+05:30,24694.4,24698.35,24688.95,24688.95,0
2025-08-04T12:49:00+05:30,24689.8,24696.15,24689.05,24694.05,0
2025-08-04T12:50:00+05:30,24695.05,24699.05,24692.95,24693.65,0
2025-08-04T12:51:00+05:30,24692.45,24703.95,24692.45,24702.0,0
2025-08-04T12:52:00+05:30,24702.05,24702.75,24697.35,24699.9,0
2025-08-04T12:53:00+05:30,24700.0,24700.3,24695.95,24698.4,0
2025-08-04T12:54:00+05:30,24698.7,24699.65,24691.75,24692.2,0
2025-08-04T12:55:00+05:30,24693.25,24697.25,24691.9,24694.95,0
2025-08-04T12:56:00+05:30,24694.8,24702.3,24694.4,24702.0,0
2025-08-04T12:57:00+05:30,24702.4,24703.6,24700.15,24702.9,0
2025-08-04T12:58:00+05:30,24703.25,24709.5,24703.25,24705.7,0
2025-08-04T12:59:00+05:30,24705.45,24706.4,24701.0,24705.7,0
2025-08-04T13:00:00+05:30,24705.65,24711.9,24705.0,24710.85,0
2025-08-04T13:01:00+05:30,24711.35,24719.75,24711.35,24715.5,0
2025-08-04T13:02:00+05:30,24715.7,24722.05,24714.9,24721.25,0
2025-08-04T13:03:00+05:30,24720.95,24722.25,24716.0,24716.5,0
2025-08-04T13:04:00+05:30,24716.45,24719.95,24715.95,24716.2,0
2025-08-04T13:05:00+05:30,24716.0,24721.0,24713.8,24713.8,0
2025-08-04T13:06:00+05:30,24713.75,24713.75,24703.95,24710.5,0
2025-08-04T13:07:00+05:30,24710.75,24710.75,24706.55,24708.1,0
2025-08-04T13:08:00+05:30,24708.05,24714.65,24706.8,24707.75,0
2025-08-04T13:09:00+05:30,24707.6,24711.75,24706.7,24709.15,0
2025-08-04T13:10:00+05:30,24708.95,24709.3,24700.65,24702.3,0
2025-08-04T13:11:00+05:30,24702.2,24705.2,24700.55,24703.55,0
2025-08-04T13:12:00+05:30,24704.15,24708.65,24703.3,24708.3,0
2025-08-04T13:13:00+05:30,24708.5,24712.05,24703.6,24703.6,0
2025-08-04T13:14:00+05:30,24703.15,24704.05,24693.05,24698.75,0
2025-08-04T13:15:00+05:30,24698.65,24699.35,24695.7,24698.9,0
2025-08-04T13:16:00+05:30,24699.05,24704.5,24698.55,24703.75,0
2025-08-04T13:17:00+05:30,24703.65,24703.9,24695.65,24697.4,0
2025-08-04T13:18:00+05:30,24696.9,24697.45,24693.3,24695.35,0
2025-08-04T13:19:00+05:30,24695.6,24697.75,24692.5,24693.6,0
2025-08-04T13:20:00+05:30,24693.65,24701.1,24690.55,24690.8,0
2025-08-04T13:21:00+05:30,24691.45,24692.0,24686.5,24687.95,0
2025-08-04T13:22:00+05:30,24688.15,24690.65,24686.85,24689.75,0
2025-08-04T13:23:00+05:30,24688.9,24690.8,24686.1,24689.6,0
2025-08-04T13:24:00+05:30,24689.4,24693.65,24688.25,24688.25,0
2025-08-04T13:25:00+05:30,24688.8,24689.5,24682.5,24684.15,0
2025-08-04T13:26:00+05:30,24683.35,24687.55,24683.35,24685.55,0
2025-08-04T13:27:00+05:30,24686.05,24686.2,24671.65,24671.65,0
2025-08-04T13:28:00+05:30,24670.8,24670.85,24644.1,24649.15,0
2025-08-04T13:29:00+05:30,24651.0,24669.4,24651.0,24668.8,0
2025-08-04T13:30:00+05:30,24671.05,24681.6,24667.3,24679.8,0
2025-08-04T13:31:00+05:30,24678.7,24681.0,24677.2,24678.5,0
2025-08-04T13:32:00+05:30,24677.8,24684.3,24677.8,24681.9,0
2025-08-04T13:33:00+05:30,24681.75,24691.25,24681.6,24688.5,0
2025-08-04T13:34:00+05:30,24688.35,24690.0,24687.15,24687.15,0
2025-08-04T13:35:00+05:30,24687.55,24688.6,24683.2,24688.15,0
2025-08-04T13:36:00+05:30,24688.5,24688.5,24677.5,24679.8,0
2025-08-04T13:37:00+05:30,24679.55,24686.0,24679.5,24683.95,0
2025-08-04T13:38:00+05:30,24683.9,24687.55,24680.75,24684.95,0
2025-08-04T13:39:00+05:30,24684.75,24689.85,24683.0,24689.35,0
2025-08-04T13:40:00+05:30,24689.05,24690.15,24687.1,24689.3,0
2025-08-04T13:41:00+05:30,24689.45,24692.55,24686.15,24690.95,0
2025-08-04T13:42:00+05:30,24691.2,24698.55,24690.5,24697.4,0
2025-08-04T13:43:00+05:30,24697.65,24698.35,24694.9,24694.9,0
2025-08-04T13:44:00+05:30,24695.05,24702.7,24695.05,24701.7,0
2025-08-04T13:45:00+05:30,24701.35,24709.8,24700.7,24708.0,0
2025-08-04T13:46:00+05:30,24707.85,24727.0,24707.3,24726.5,0
2025-08-04T13:47:00+05:30,24728.75,24734.15,24728.35,24730.25,0
2025-08-04T13:48:00+05:30,24730.35,24734.65,24724.75,24725.25,0
2025-08-04T13:49:00+05:30,24725.15,24726.55,24718.55,24719.5,0
2025-08-04T13:50:00+05:30,24718.75,24720.7,24718.05,24720.2,0
2025-08-04T13:51:00+05:30,24720.35,24723.45,24716.05,24717.6,0
2025-08-04T13:52:00+05:30,24717.7,24721.15,24715.8,24715.8,0
2025-08-04T13:53:00+05:30,24715.75,24716.2,24712.65,24714.0,0
2025-08-04T13:54:00+05:30,24714.3,24720.7,24713.0,24719.2,0
2025-08-04T13:55:00+05:30,24719.3,24721.0,24717.3,24718.7,0
2025-08-04T13:56:00+05:30,24718.5,24720.0,24712.45,24717.1,0
2025-08-04T13:57:00+05:30,24717.15,24720.55,24716.35,24718.3,0
2025-08-04T13:58:00+05:30,24718.2,24720.8,24716.6,24720.55,0
2025-08-04T13:59:00+05:30,24720.5,24720.85,24715.85,24718.65,0
2025-08-04T14:00:00+05:30,24718.3,24725.25,24716.9,24720.95,0
2025-08-04T14:01:00+05:30,24720.2,24724.45,24719.95,24722.95,0
2025-08-04T14:02:00+05:30,24723.4,24724.1,24700.3,24700.6,0
2025-08-04T14:03:00+05:30,24699.7,24699.7,24682.2,24686.05,0
2025-08-04T14:04:00+05:30,24685.6,24706.85,24685.6,24699.0,0
2025-08-04T14:05:00+05:30,24698.75,24705.3,24698.1,24705.05,0
2025-08-04T14:06:00+05:30,24704.85,24709.65,24703.65,24709.35,0
2025-08-04T14:07:00+05:30,24709.2,24710.95,24706.8,24710.35,0
2025-08-04T14:08:00+05:30,24710.45,24714.85,24710.35,24714.35,0
2025-08-04T14:09:00+05:30,24714.5,24723.2,24714.05,24722.4,0
2025-08-04T14:10:00+05:30,24722.85,24722.85,24714.3,24718.0,0
2025-08-04T14:11:00+05:30,24717.45,24718.45,24714.15,24717.15,0
2025-08-04T14:12:00+05:30,24716.95,24722.1,24716.95,24719.95,0
2025-08-04T14:13:00+05:30,24719.5,24721.25,24715.5,24720.1,0
2025-08-04T14:14:00+05:30,24720.05,24721.4,24718.7,24719.45,0
2025-08-04T14:15:00+05:30,24721.1,24724.15,24719.75,24721.4,0
2025-08-04T14:16:00+05:30,24721.3,24722.15,24715.95,24716.1,0
2025-08-04T14:17:00+05:30,24716.75,24723.35,24716.45,24721.65,0
2025-08-04T14:18:00+05:30,24721.75,24721.75,24714.85,24718.35,0
2025-08-04T14:19:00+05:30,24718.4,24720.9,24717.0,24720.0,0
2025-08-04T14:20:00+05:30,24719.95,24720.75,24717.15,24719.2,0
2025-08-04T14:21:00+05:30,24718.95,24726.5,24716.35,24726.05,0
2025-08-04T14:22:00+05:30,24726.15,24726.15,24716.8,24717.45,0
2025-08-04T14:23:00+05:30,24718.15,24721.65,24718.1,24718.45,0
2025-08-04T14:24:00+05:30,24718.15,24720.5,24716.9,24717.45,0
2025-08-04T14:25:00+05:30,24717.7,24719.5,24713.95,24718.2,0
2025-08-04T14:26:00+05:30,24717.8,24719.55,24713.8,24717.15,0
2025-08-04T14:27:00+05:30,24717.25,24720.45,24715.25,24718.4,0
2025-08-04T14:28:00+05:30,24717.8,24723.4,24717.3,24721.55,0
2025-08-04T14:29:00+05:30,24721.45,24724.6,24720.8,24721.8,0
2025-08-04T14:30:00+05:30,24721.65,24725.3,24718.65,24719.2,0
2025-08-04T14:31:00+05:30,24719.8,24728.9,24717.4,24728.45,0
2025-08-04T14:32:00+05:30,24728.3,24731.5,24723.35,24725.65,0
2025-08-04T14:33:00+05:30,24725.5,24734.35,24724.9,24728.8,0
2025-08-04T14:34:00+05:30,24728.25,24731.1,24726.1,24730.05,0
2025-08-04T14:35:00+05:30,24729.55,24730.6,24718.5,24718.5,0
2025-08-04T14:36:00+05:30,24718.3,24718.95,24708.25,24718.0,0
2025-08-04T14:37:00+05:30,24718.05,24718.05,24709.6,24714.25,0
2025-08-04T14:38:00+05:30,24714.15,24719.7,24713.5,24714.6,0
2025-08-04T14:39:00+05:30,24714.2,24719.75,24712.75,24718.9,0
2025-08-04T14:40:00+05:30,24718.15,24725.2,24712.1,24714.9,0
2025-08-04T14:41:00+05:30,24714.85,24715.5,24709.75,24711.7,0
2025-08-04T14:42:00+05:30,24711.4,24714.25,24709.1,24712.25,0
2025-08-04T14:43:00+05:30,24712.2,24715.85,24710.65,24713.05,0
2025-08-04T14:44:00+05:30,24713.5,24714.65,24699.3,24699.3,0
2025-08-04T14:45:00+05:30,24698.5,24698.5,24689.1,24691.35,0
2025-08-04T14:46:00+05:30,24692.05,24712.1,24692.05,24710.3,0
2025-08-04T14:47:00+05:30,24710.95,24715.1,24709.55,24713.1,0
2025-08-04T14:48:00+05:30,24713.25,24717.3,24712.2,24716.6,0
2025-08-04T14:49:00+05:30,24716.45,24719.35,24713.15,24716.15,0
2025-08-04T14:50:00+05:30,24716.3,24720.45,24715.75,24719.8,0
2025-08-04T14:51:00+05:30,24720.35,24728.6,24719.5,24727.45,0
2025-08-04T14:52:00+05:30,24727.4,24729.45,24723.25,24723.95,0
2025-08-04T14:53:00+05:30,24724.2,24728.6,24722.9,24726.35,0
2025-08-04T14:54:00+05:30,24726.2,24728.55,24723.3,24727.4,0
2025-08-04T14:55:00+05:30,24727.95,24727.95,24718.55,24725.85,0
2025-08-04T14:56:00+05:30,24725.55,24728.25,24722.7,24726.75,0
2025-08-04T14:57:00+05:30,24725.6,24729.65,24725.15,24726.75,0
2025-08-04T14:58:00+05:30,24726.55,24727.3,24723.35,24723.6,0
2025-08-04T14:59:00+05:30,24723.45,24727.1,24722.1,24725.75,0
2025-08-04T15:00:00+05:30,24726.35,24727.2,24701.7,24716.05,0
2025-08-04T15:01:00+05:30,24716.7,24722.95,24716.25,24719.05,0
2025-08-04T15:02:00+05:30,24719.3,24720.75,24717.9,24718.45,0
2025-08-04T15:03:00+05:30,24717.9,24718.25,24712.8,24714.0,0
2025-08-04T15:04:00+05:30,24714.7,24720.35,24714.35,24719.4,0
2025-08-04T15:05:00+05:30,24719.85,24720.6,24716.35,24716.75,0
2025-08-04T15:06:00+05:30,24717.4,24718.95,24716.9,24718.05,0
2025-08-04T15:07:00+05:30,24718.4,24721.15,24717.75,24720.8,0
2025-08-04T15:08:00+05:30,24721.3,24723.05,24721.0,24722.8,0
2025-08-04T15:09:00+05:30,24723.1,24725.75,24722.7,24725.25,0
2025-08-04T15:10:00+05:30,24725.15,24726.0,24722.95,24724.95,0
2025-08-04T15:11:00+05:30,24725.2,24725.5,24719.0,24720.5,0
2025-08-04T15:12:00+05:30,24721.25,24721.95,24718.75,24718.95,0
2025-08-04T15:13:00+05:30,24719.35,24719.45,24713.75,24714.65,0
2025-08-04T15:14:00+05:30,24715.15,24720.95,24714.1,24719.25,0
2025-08-04T15:15:00+05:30,24719.5,24723.5,24718.55,24723.5,0
2025-08-04T15:16:00+05:30,24723.6,24723.8,24721.55,24723.3,0
2025-08-04T15:17:00+05:30,24724.05,24724.95,24721.15,24721.5,0
2025-08-04T15:18:00+05:30,24721.55,24722.25,24719.0,24721.3,0
2025-08-04T15:19:00+05:30,24721.7,24724.25,24721.35,24723.15,0
2025-08-04T15:20:00+05:30,24723.35,24726.9,24722.65,24725.25,0
2025-08-04T15:21:00+05:30,24725.4,24726.8,24724.35,24726.15,0
2025-08-04T15:22:00+05:30,24726.75,24727.25,24725.15,24726.3,0
2025-08-04T15:23:00+05:30,24726.9,24731.9,24725.9,24731.6,0
2025-08-04T15:24:00+05:30,24732.15,24734.15,24728.85,24730.25,0
2025-08-04T15:25:00+05:30,24730.2,24730.95,24722.35,24724.4,0
2025-08-04T15:26:00+05:30,24724.8,24728.05,24724.5,24726.95,0
2025-08-04T15:27:00+05:30,24727.4,24732.7,24725.8,24730.75,0
2025-08-04T15:28:00+05:30,24731.85,24733.15,24728.2,24729.9,0
2025-08-04T15:29:00+05:30,24730.15,24736.25,24725.9,24726.9,0
2025-08-05T09:15:00+05:30,24720.25,24733.1,24678.9,24714.6,0
2025-08-05T09:16:00+05:30,24712.1,24712.5,24689.1,24696.2,0
2025-08-05T09:17:00+05:30,24695.1,24710.2,24689.65,24706.3,0
2025-08-05T09:18:00+05:30,24705.5,24706.95,24695.7,24700.95,0
2025-08-05T09:19:00+05:30,24700.55,24706.9,24674.25,24690.6,0
2025-08-05T09:20:00+05:30,24684.75,24702.9,24681.85,24693.55,0
2025-08-05T09:21:00+05:30,24690.7,24692.35,24680.2,24686.75,0
2025-08-05T09:22:00+05:30,24686.5,24690.4,24677.15,24688.35,0
2025-08-05T09:23:00+05:30,24689.15,24697.95,24687.95,24696.9,0
2025-08-05T09:24:00+05:30,24696.15,24696.15,24679.95,24680.05,0
2025-08-05T09:25:00+05:30,24679.95,24685.0,24671.95,24677.9,0
2025-08-05T09:26:00+05:30,24678.15,24682.65,24672.3,24675.95,0
2025-08-05T09:27:00+05:30,24675.3,24676.85,24669.55,24675.35,0
2025-08-05T09:28:00+05:30,24674.85,24675.9,24664.2,24675.05,0
2025-08-05T09:29:00+05:30,24675.15,24675.55,24670.15,24673.0,0
2025-08-05T09:30:00+05:30,24672.75,24684.05,24670.35,24675.6,0
2025-08-05T09:31:00+05:30,24675.45,24676.15,24660.95,24667.45,0
2025-08-05T09:32:00+05:30,24667.05,24668.3,24661.65,24664.9,0
2025-08-05T09:33:00+05:30,24665.25,24667.4,24658.7,24666.85,0
2025-08-05T09:34:00+05:30,24667.2,24676.2,24664.5,24675.25,0
2025-08-05T09:35:00+05:30,24674.8,24675.6,24669.75,24674.15,0
2025-08-05T09:36:00+05:30,24675.3,24675.65,24654.75,24656.65,0
2025-08-05T09:37:00+05:30,24655.55,24655.55,24641.25,24647.65,0
2025-08-05T09:38:00+05:30,24647.3,24647.3,24635.6,24638.85,0
2025-08-05T09:39:00+05:30,24638.65,24638.65,24631.45,24633.45,0
2025-08-05T09:40:00+05:30,24631.95,24633.5,24628.25,24631.1,0
2025-08-05T09:41:00+05:30,24631.7,24640.2,24629.3,24632.75,0
2025-08-05T09:42:00+05:30,24632.6,24639.7,24631.8,24638.6,0
2025-08-05T09:43:00+05:30,24638.95,24647.5,24635.1,24639.1,0
2025-08-05T09:44:00+05:30,24637.85,24638.0,24629.75,24631.9,0
2025-08-05T09:45:00+05:30,24631.8,24632.75,24621.6,24622.7,0
2025-08-05T09:46:00+05:30,24623.0,24628.25,24620.25,24626.55,0
2025-08-05T09:47:00+05:30,24627.35,24628.15,24619.5,24619.7,0
2025-08-05T09:48:00+05:30,24618.7,24618.7,24610.35,24616.0,0
2025-08-05T09:49:00+05:30,24616.2,24618.5,24613.95,24615.4,0
2025-08-05T09:50:00+05:30,24615.7,24615.7,24608.8,24614.25,0
2025-08-05T09:51:00+05:30,24612.8,24621.2,24612.45,24620.7,0
2025-08-05T09:52:00+05:30,24620.3,24621.15,24612.35,24615.1,0
2025-08-05T09:53:00+05:30,24616.3,24617.75,24611.45,24617.75,0
2025-08-05T09:54:00+05:30,24616.4,24623.15,24610.15,24614.55,0
2025-08-05T09:55:00+05:30,24614.6,24617.8,24612.25,24613.25,0
2025-08-05T09:56:00+05:30,24613.15,24623.1,24613.15,24620.9,0
2025-08-05T09:57:00+05:30,24620.05,24622.6,24618.25,24622.3,0
2025-08-05T09:58:00+05:30,24622.15,24622.15,24603.4,24604.25,0
2025-08-05T09:59:00+05:30,24603.95,24608.15,24599.35,24605.1,0
2025-08-05T10:00:00+05:30,24606.05,24607.45,24596.85,24597.4,0
2025-08-05T10:01:00+05:30,24596.35,24603.3,24593.15,24599.35,0
2025-08-05T10:02:00+05:30,24598.4,24611.55,24595.1,24611.5,0
2025-08-05T10:03:00+05:30,24611.75,24616.2,24611.45,24615.1,0
2025-08-05T10:04:00+05:30,24616.55,24617.1,24611.2,24614.5,0
2025-08-05T10:05:00+05:30,24613.8,24614.55,24610.6,24612.7,0
2025-08-05T10:06:00+05:30,24613.05,24618.9,24609.5,24618.5,0
2025-08-05T10:07:00+05:30,24618.4,24622.55,24613.95,24619.75,0
2025-08-05T10:08:00+05:30,24619.85,24623.05,24619.2,24621.9,0
2025-08-05T10:09:00+05:30,24621.65,24634.55,24619.5,24633.65,0
2025-08-05T10:10:00+05:30,24633.85,24634.3,24620.95,24622.65,0
2025-08-05T10:11:00+05:30,24623.55,24623.55,24616.15,24621.9,0
2025-08-05T10:12:00+05:30,24622.1,24628.05,24622.0,24624.5,0
2025-08-05T10:13:00+05:30,24624.35,24624.75,24611.0,24611.8,0
2025-08-05T10:14:00+05:30,24611.75,24618.75,24608.25,24618.75,0
2025-08-05T10:15:00+05:30,24618.5,24618.5,24611.1,24617.3,0
2025-08-05T10:16:00+05:30,24617.15,24622.7,24615.15,24619.0,0
2025-08-05T10:17:00+05:30,24619.05,24624.9,24617.45,24623.85,0
2025-08-05T10:18:00+05:30,24623.9,24628.7,24622.5,24627.95,0
2025-08-05T10:19:00+05:30,24628.05,24638.25,24627.05,24634.8,0
2025-08-05T10:20:00+05:30,24634.15,24634.45,24627.6,24631.0,0
2025-08-05T10:21:00+05:30,24631.55,24632.6,24628.7,24631.3,0
2025-08-05T10:22:00+05:30,24631.7,24637.55,24629.6,24637.55,0
2025-08-05T10:23:00+05:30,24637.15,24640.3,24636.9,24639.1,0
2025-08-05T10:24:00+05:30,24638.95,24644.6,24638.5,24642.6,0
2025-08-05T10:25:00+05:30,24642.45,24644.7,24629.85,24634.45,0
2025-08-05T10:26:00+05:30,24633.9,24636.75,24631.45,24636.75,0
2025-08-05T10:27:00+05:30,24636.2,24637.1,24626.25,24626.25,0
2025-08-05T10:28:00+05:30,24626.5,24632.8,24621.0,24628.6,0
2025-08-05T10:29:00+05:30,24628.15,24631.0,24624.1,24625.8,0
2025-08-05T10:30:00+05:30,24624.95,24626.65,24615.55,24615.95,0
2025-08-05T10:31:00+05:30,24615.2,24615.2,24605.35,24607.6,0
2025-08-05T10:32:00+05:30,24608.15,24610.05,24604.8,24606.9,0
2025-08-05T10:33:00+05:30,24607.7,24609.95,24606.35,24609.05,0
2025-08-05T10:34:00+05:30,24608.85,24613.55,24607.95,24613.4,0
2025-08-05T10:35:00+05:30,24613.25,24618.8,24609.95,24618.7,0
2025-08-05T10:36:00+05:30,24619.75,24620.9,24614.75,24616.65,0
2025-08-05T10:37:00+05:30,24617.3,24617.3,24610.2,24613.35,0
2025-08-05T10:38:00+05:30,24613.25,24629.15,24613.0,24624.5,0
2025-08-05T10:39:00+05:30,24626.35,24633.4,24625.55,24630.45,0
2025-08-05T10:40:00+05:30,24629.9,24633.0,24620.55,24620.75,0
2025-08-05T10:41:00+05:30,24623.6,24623.95,24619.3,24622.5,0
2025-08-05T10:42:00+05:30,24621.65,24621.65,24596.85,24604.2,0
2025-08-05T10:43:00+05:30,24607.1,24611.45,24604.6,24609.75,0
2025-08-05T10:44:00+05:30,24609.9,24618.05,24609.9,24615.85,0
2025-08-05T10:45:00+05:30,24616.35,24616.75,24608.65,24612.8,0
2025-08-05T10:46:00+05:30,24613.9,24615.75,24613.4,24613.95,0
2025-08-05T10:47:00+05:30,24614.5,24614.5,24605.05,24608.15,0
2025-08-05T10:48:00+05:30,24609.6,24612.2,24608.0,24611.25,0
2025-08-05T10:49:00+05:30,24611.75,24612.95,24607.0,24611.0,0
2025-08-05T10:50:00+05:30,24612.25,24620.85,24610.35,24619.1,0
2025-08-05T10:51:00+05:30,24618.7,24622.15,24617.1,24620.6,0
2025-08-05T10:52:00+05:30,24620.8,24626.4,24619.65,24624.75,0
2025-08-05T10:53:00+05:30,24625.9,24627.4,24622.2,24623.8,0
2025-08-05T10:54:00+05:30,24624.3,24629.35,24623.75,24626.9,0
2025-08-05T10:55:00+05:30,24627.2,24627.25,24621.15,24623.35,0
2025-08-05T10:56:00+05:30,24624.35,24624.4,24617.4,24619.95,0
2025-08-05T10:57:00+05:30,24621.35,24622.6,24618.95,24620.9,0
2025-08-05T10:58:00+05:30,24620.4,24622.15,24616.75,24617.55,0
2025-08-05T10:59:00+05:30,24618.35,24621.25,24616.45,24620.2,0
2025-08-05T11:00:00+05:30,24620.5,24622.5,24617.55,24619.15,0
2025-08-05T11:01:00+05:30,24619.4,24623.15,24618.3,24620.75,0
2025-08-05T11:02:00+05:30,24619.65,24624.3,24615.25,24624.3,0
2025-08-05T11:03:00+05:30,24624.65,24626.75,24623.95,24625.0,0
2025-08-05T11:04:00+05:30,24625.4,24625.4,24621.55,24624.05,0
2025-08-05T11:05:00+05:30,24624.0,24624.6,24621.35,24624.15,0
2025-08-05T11:06:00+05:30,24624.25,24624.25,24617.55,24620.25,0
2025-08-05T11:07:00+05:30,24620.1,24622.1,24615.8,24618.1,0
2025-08-05T11:08:00+05:30,24618.2,24618.2,24612.55,24613.15,0
2025-08-05T11:09:00+05:30,24612.0,24614.85,24606.15,24607.45,0
2025-08-05T11:10:00+05:30,24607.35,24612.1,24604.15,24611.2,0
2025-08-05T11:11:00+05:30,24613.1,24616.05,24612.4,24616.05,0
2025-08-05T11:12:00+05:30,24615.8,24623.7,24615.1,24623.3,0
2025-08-05T11:13:00+05:30,24623.15,24630.2,24621.35,24629.45,0
2025-08-05T11:14:00+05:30,24630.5,24635.0,24629.0,24635.0,0
2025-08-05T11:15:00+05:30,24633.9,24635.05,24627.85,24628.55,0
2025-08-05T11:16:00+05:30,24628.7,24635.35,24625.75,24635.35,0
2025-08-05T11:17:00+05:30,24634.95,24634.95,24630.2,24632.8,0
2025-08-05T11:18:00+05:30,24632.6,24636.8,24631.85,24636.3,0
2025-08-05T11:19:00+05:30,24636.2,24642.15,24634.3,24640.55,0
2025-08-05T11:20:00+05:30,24640.5,24641.65,24634.4,24636.7,0
2025-08-05T11:21:00+05:30,24637.15,24641.55,24635.45,24636.8,0
2025-08-05T11:22:00+05:30,24636.55,24637.45,24631.75,24634.55,0
2025-08-05T11:23:00+05:30,24634.35,24642.6,24634.35,24641.9,0
2025-08-05T11:24:00+05:30,24642.1,24645.15,24639.7,24645.15,0
2025-08-05T11:25:00+05:30,24644.0,24646.6,24643.65,24644.05,0
2025-08-05T11:26:00+05:30,24643.45,24644.25,24637.45,24639.9,0
2025-08-05T11:27:00+05:30,24639.6,24643.25,24638.2,24642.65,0
2025-08-05T11:28:00+05:30,24642.45,24644.55,24641.25,24643.75,0
2025-08-05T11:29:00+05:30,24644.95,24644.95,24637.1,24637.1,0
2025-08-05T11:30:00+05:30,24637.35,24638.3,24629.1,24629.1,0
2025-08-05T11:31:00+05:30,24629.05,24629.3,24618.25,24621.2,0
2025-08-05T11:32:00+05:30,24621.3,24628.35,24621.3,24624.2,0
2025-08-05T11:33:00+05:30,24625.7,24625.7,24621.0,24621.0,0
2025-08-05T11:34:00+05:30,24622.05,24622.15,24618.65,24619.35,0
2025-08-05T11:35:00+05:30,24619.5,24626.0,24619.4,24624.65,0
2025-08-05T11:36:00+05:30,24625.0,24628.7,24623.5,24627.1,0
2025-08-05T11:37:00+05:30,24626.8,24632.25,24623.25,24632.25,0
2025-08-05T11:38:00+05:30,24631.5,24634.2,24629.6,24631.45,0
2025-08-05T11:39:00+05:30,24630.65,24630.95,24628.1,24629.15,0
2025-08-05T11:40:00+05:30,24629.2,24631.2,24627.55,24629.45,0
2025-08-05T11:41:00+05:30,24630.6,24636.1,24629.55,24634.35,0
2025-08-05T11:42:00+05:30,24634.7,24635.4,24630.8,24633.0,0
2025-08-05T11:43:00+05:30,24633.85,24633.85,24624.15,24628.95,0
2025-08-05T11:44:00+05:30,24629.5,24634.0,24628.55,24632.9,0
2025-08-05T11:45:00+05:30,24633.85,24634.25,24629.7,24629.75,0
2025-08-05T11:46:00+05:30,24629.65,24632.65,24625.1,24631.55,0
2025-08-05T11:47:00+05:30,24633.25,24634.35,24630.65,24634.05,0
2025-08-05T11:48:00+05:30,24633.6,24634.5,24631.8,24633.45,0
2025-08-05T11:49:00+05:30,24635.0,24635.0,24631.3,24632.35,0
2025-08-05T11:50:00+05:30,24632.85,24634.6,24631.2,24634.25,0
2025-08-05T11:51:00+05:30,24634.55,24634.55,24627.5,24630.55,0
2025-08-05T11:52:00+05:30,24630.85,24636.1,24630.85,24633.5,0
2025-08-05T11:53:00+05:30,24634.05,24634.05,24625.95,24625.95,0
2025-08-05T11:54:00+05:30,24626.65,24631.25,24625.6,24628.5,0
2025-08-05T11:55:00+05:30,24628.45,24629.2,24620.3,24622.85,0
2025-08-05T11:56:00+05:30,24622.75,24625.15,24621.5,24624.1,0
2025-08-05T11:57:00+05:30,24624.75,24624.75,24615.7,24619.6,0
2025-08-05T11:58:00+05:30,24619.15,24621.9,24618.1,24620.6,0
2025-08-05T11:59:00+05:30,24621.4,24627.05,24620.65,24624.7,0
2025-08-05T12:00:00+05:30,24625.35,24626.5,24619.3,24619.8,0
2025-08-05T12:01:00+05:30,24620.75,24623.05,24619.95,24621.25,0
2025-08-05T12:02:00+05:30,24622.35,24627.4,24621.1,24625.75,0
2025-08-05T12:03:00+05:30,24628.05,24628.05,24621.15,24621.65,0
2025-08-05T12:04:00+05:30,24622.85,24625.15,24621.95,24624.9,0
2025-08-05T12:05:00+05:30,24625.3,24625.75,24620.6,24624.1,0
2025-08-05T12:06:00+05:30,24624.3,24629.7,24624.0,24628.7,0
2025-08-05T12:07:00+05:30,24629.0,24630.25,24626.5,24627.95,0
2025-08-05T12:08:00+05:30,24628.75,24631.55,24627.75,24630.3,0
2025-08-05T12:09:00+05:30,24631.9,24631.9,24627.45,24629.7,0
2025-08-05T12:10:00+05:30,24629.85,24641.45,24627.85,24641.45,0
2025-08-05T12:11:00+05:30,24641.9,24656.75,24641.45,24655.65,0
2025-08-05T12:12:00+05:30,24656.9,24668.7,24655.55,24659.9,0
2025-08-05T12:13:00+05:30,24660.8,24663.1,24658.45,24659.75,0
2025-08-05T12:14:00+05:30,24660.5,24660.95,24657.9,24658.1,0
2025-08-05T12:15:00+05:30,24658.9,24659.8,24653.65,24658.1,0
2025-08-05T12:16:00+05:30,24657.3,24659.7,24651.95,24652.2,0
2025-08-05T12:17:00+05:30,24652.45,24655.35,24652.2,24653.75,0
2025-08-05T12:18:00+05:30,24654.85,24655.25,24651.85,24653.65,0
2025-08-05T12:19:00+05:30,24654.8,24662.0,24653.35,24659.45,0
2025-08-05T12:20:00+05:30,24660.4,24660.4,24655.8,24657.35,0
2025-08-05T12:21:00+05:30,24658.0,24663.05,24654.2,24662.0,0
2025-08-05T12:22:00+05:30,24662.55,24665.05,24660.3,24665.05,0
2025-08-05T12:23:00+05:30,24664.4,24664.95,24657.45,24661.65,0
2025-08-05T12:24:00+05:30,24660.85,24662.75,24659.9,24662.0,0
2025-08-05T12:25:00+05:30,24661.7,24661.95,24653.95,24656.1,0
2025-08-05T12:26:00+05:30,24655.45,24656.65,24647.85,24656.65,0
2025-08-05T12:27:00+05:30,24655.5,24661.05,24653.95,24660.95,0
2025-08-05T12:28:00+05:30,24660.75,24661.3,24653.7,24655.9,0
2025-08-05T12:29:00+05:30,24655.25,24657.45,24653.5,24657.1,0
2025-08-05T12:30:00+05:30,24656.8,24657.8,24651.9,24654.45,0
2025-08-05T12:31:00+05:30,24653.55,24654.3,24642.3,24643.85,0
2025-08-05T12:32:00+05:30,24643.2,24643.2,24636.3,24639.9,0
2025-08-05T12:33:00+05:30,24638.65,24639.25,24620.95,24634.9,0
2025-08-05T12:34:00+05:30,24634.25,24646.05,24634.25,24641.6,0
2025-08-05T12:35:00+05:30,24640.7,24646.05,24639.35,24645.0,0
2025-08-05T12:36:00+05:30,24644.15,24645.15,24639.95,24644.05,0
2025-08-05T12:37:00+05:30,24643.55,24645.95,24635.55,24640.4,0
2025-08-05T12:38:00+05:30,24639.6,24646.25,24638.75,24645.9,0
2025-08-05T12:39:00+05:30,24645.2,24647.3,24642.45,24647.3,0
2025-08-05T12:40:00+05:30,24646.75,24648.85,24644.7,24646.25,0
2025-08-05T12:41:00+05:30,24645.5,24648.0,24644.35,24646.7,0
2025-08-05T12:42:00+05:30,24646.65,24651.95,24645.7,24651.75,0
2025-08-05T12:43:00+05:30,24650.95,24652.1,24646.7,24651.45,0
2025-08-05T12:44:00+05:30,24650.0,24651.75,24648.3,24649.95,0
2025-08-05T12:45:00+05:30,24649.25,24650.45,24643.85,24645.8,0
2025-08-05T12:46:00+05:30,24645.4,24649.4,24644.15,24649.2,0
2025-08-05T12:47:00+05:30,24648.6,24648.9,24644.65,24648.3,0
2025-08-05T12:48:00+05:30,24647.45,24648.5,24644.5,24647.6,0
2025-08-05T12:49:00+05:30,24647.2,24647.2,24639.0,24641.05,0
2025-08-05T12:50:00+05:30,24640.4,24640.65,24633.85,24636.2,0
2025-08-05T12:51:00+05:30,24635.5,24640.0,24633.95,24635.05,0
2025-08-05T12:52:00+05:30,24634.45,24634.75,24630.7,24632.5,0
2025-08-05T12:53:00+05:30,24631.75,24633.6,24629.6,24633.6,0
2025-08-05T12:54:00+05:30,24633.35,24635.05,24632.0,24634.45,0
2025-08-05T12:55:00+05:30,24632.75,24637.0,24630.0,24637.0,0
2025-08-05T12:56:00+05:30,24637.15,24637.15,24633.4,24635.8,0
2025-08-05T12:57:00+05:30,24635.3,24639.9,24635.0,24639.2,0
2025-08-05T12:58:00+05:30,24636.8,24639.45,24636.4,24638.8,0
2025-08-05T12:59:00+05:30,24638.9,24639.4,24635.55,24639.1,0
2025-08-05T13:00:00+05:30,24637.75,24642.35,24637.2,24641.1,0
2025-08-05T13:01:00+05:30,24640.5,24640.5,24628.1,24630.25,0
2025-08-05T13:02:00+05:30,24629.1,24635.15,24627.8,24633.75,0
2025-08-05T13:03:00+05:30,24633.3,24633.3,24627.95,24629.45,0
2025-08-05T13:04:00+05:30,24628.9,24629.75,24622.2,24626.95,0
2025-08-05T13:05:00+05:30,24626.85,24627.6,24622.4,24625.1,0
2025-08-05T13:06:00+05:30,24624.6,24628.4,24623.15,24626.0,0
2025-08-05T13:07:00+05:30,24626.2,24629.85,24624.05,24628.05,0
2025-08-05T13:08:00+05:30,24627.05,24629.3,24626.25,24628.25,0
2025-08-05T13:09:00+05:30,24627.9,24627.9,24623.15,24626.4,0
2025-08-05T13:10:00+05:30,24625.05,24630.8,24623.7,24630.8,0
2025-08-05T13:11:00+05:30,24630.4,24634.4,24619.7,24622.65,0
2025-08-05T13:12:00+05:30,24621.85,24625.55,24617.0,24625.55,0
2025-08-05T13:13:00+05:30,24624.5,24624.8,24620.8,24623.75,0
2025-08-05T13:14:00+05:30,24622.7,24628.8,24620.1,24628.8,0
2025-08-05T13:15:00+05:30,24628.2,24628.45,24623.25,24626.3,0
2025-08-05T13:16:00+05:30,24626.05,24626.05,24621.95,24624.5,0
2025-08-05T13:17:00+05:30,24624.1,24624.1,24617.95,24621.1,0
2025-08-05T13:18:00+05:30,24620.6,24629.3,24618.55,24626.45,0
2025-08-05T13:19:00+05:30,24626.1,24626.85,24622.4,24624.55,0
2025-08-05T13:20:00+05:30,24624.15,24626.25,24616.8,24617.55,0
2025-08-05T13:21:00+05:30,24617.15,24617.45,24610.25,24614.2,0
2025-08-05T13:22:00+05:30,24613.95,24614.15,24610.65,24614.15,0
2025-08-05T13:23:00+05:30,24613.85,24613.85,24597.0,24598.3,0
2025-08-05T13:24:00+05:30,24598.2,24603.95,24594.3,24603.5,0
2025-08-05T13:25:00+05:30,24602.1,24602.55,24598.05,24601.15,0
2025-08-05T13:26:00+05:30,24600.95,24605.05,24599.1,24604.35,0
2025-08-05T13:27:00+05:30,24603.9,24607.2,24602.25,24606.6,0
2025-08-05T13:28:00+05:30,24605.55,24607.15,24603.2,24606.0,0
2025-08-05T13:29:00+05:30,24605.2,24605.55,24602.9,24605.0,0
2025-08-05T13:30:00+05:30,24604.5,24606.75,24599.0,24599.85,0
2025-08-05T13:31:00+05:30,24599.1,24601.75,24593.0,24601.75,0
2025-08-05T13:32:00+05:30,24601.25,24603.75,24599.8,24602.15,0
2025-08-05T13:33:00+05:30,24600.65,24606.5,24600.6,24606.5,0
2025-08-05T13:34:00+05:30,24606.15,24615.0,24605.1,24612.55,0
2025-08-05T13:35:00+05:30,24612.0,24613.4,24609.25,24613.4,0
2025-08-05T13:36:00+05:30,24611.4,24618.65,24610.3,24618.65,0
2025-08-05T13:37:00+05:30,24618.4,24618.6,24613.55,24617.35,0
2025-08-05T13:38:00+05:30,24617.5,24618.2,24610.45,24610.9,0
2025-08-05T13:39:00+05:30,24610.1,24615.1,24608.3,24611.85,0
2025-08-05T13:40:00+05:30,24611.35,24613.9,24610.4,24611.1,0
2025-08-05T13:41:00+05:30,24610.9,24613.2,24610.35,24611.6,0
2025-08-05T13:42:00+05:30,24610.75,24617.65,24610.3,24617.6,0
2025-08-05T13:43:00+05:30,24617.05,24617.3,24608.4,24608.6,0
2025-08-05T13:44:00+05:30,24608.05,24611.25,24605.85,24609.75,0
2025-08-05T13:45:00+05:30,24609.65,24610.6,24606.25,24610.35,0
2025-08-05T13:46:00+05:30,24610.15,24617.0,24607.25,24617.0,0
2025-08-05T13:47:00+05:30,24616.4,24617.3,24612.3,24617.2,0
2025-08-05T13:48:00+05:30,24616.9,24618.55,24615.65,24618.25,0
2025-08-05T13:49:00+05:30,24617.8,24619.6,24616.9,24619.6,0
2025-08-05T13:50:00+05:30,24618.9,24620.55,24617.1,24620.55,0
2025-08-05T13:51:00+05:30,24619.8,24620.75,24615.85,24618.3,0
2025-08-05T13:52:00+05:30,24618.1,24623.75,24617.9,24623.75,0
2025-08-05T13:53:00+05:30,24623.8,24628.0,24622.85,24626.75,0
2025-08-05T13:54:00+05:30,24626.5,24626.5,24621.3,24625.15,0
2025-08-05T13:55:00+05:30,24624.85,24628.1,24621.1,24625.85,0
2025-08-05T13:56:00+05:30,24625.6,24625.6,24620.85,24623.1,0
2025-08-05T13:57:00+05:30,24621.25,24625.1,24619.9,24624.35,0
2025-08-05T13:58:00+05:30,24624.1,24628.25,24622.8,24628.05,0
2025-08-05T13:59:00+05:30,24626.8,24628.15,24622.75,24624.9,0
2025-08-05T14:00:00+05:30,24623.55,24629.05,24617.5,24617.55,0
2025-08-05T14:01:00+05:30,24616.8,24617.95,24614.5,24617.95,0
2025-08-05T14:02:00+05:30,24617.7,24617.7,24612.1,24614.25,0
2025-08-05T14:03:00+05:30,24613.95,24615.2,24611.2,24613.0,0
2025-08-05T14:04:00+05:30,24611.2,24616.95,24610.9,24616.95,0
2025-08-05T14:05:00+05:30,24616.2,24616.25,24609.9,24613.45,0
2025-08-05T14:06:00+05:30,24610.85,24612.45,24603.4,24606.3,0
2025-08-05T14:07:00+05:30,24604.55,24606.05,24599.45,24601.65,0
2025-08-05T14:08:00+05:30,24600.2,24601.0,24592.0,24597.2,0
2025-08-05T14:09:00+05:30,24595.3,24602.2,24594.4,24601.7,0
2025-08-05T14:10:00+05:30,24601.4,24602.6,24598.25,24602.6,0
2025-08-05T14:11:00+05:30,24600.4,24606.85,24598.35,24606.85,0
2025-08-05T14:12:00+05:30,24606.35,24609.8,24605.0,24607.9,0
2025-08-05T14:13:00+05:30,24607.0,24614.3,24605.45,24614.05,0
2025-08-05T14:14:00+05:30,24613.2,24613.9,24609.2,24612.25,0
2025-08-05T14:15:00+05:30,24611.15,24611.65,24602.85,24607.15,0
2025-08-05T14:16:00+05:30,24607.95,24613.6,24605.85,24613.6,0
2025-08-05T14:17:00+05:30,24611.55,24618.75,24608.4,24618.5,0
2025-08-05T14:18:00+05:30,24618.35,24619.2,24613.4,24614.9,0
2025-08-05T14:19:00+05:30,24614.7,24620.6,24614.6,24619.45,0
2025-08-05T14:20:00+05:30,24618.4,24619.4,24613.9,24618.2,0
2025-08-05T14:21:00+05:30,24616.9,24618.0,24609.6,24612.65,0
2025-08-05T14:22:00+05:30,24612.0,24615.4,24608.6,24610.05,0
2025-08-05T14:23:00+05:30,24609.15,24610.25,24605.3,24608.1,0
2025-08-05T14:24:00+05:30,24608.3,24608.3,24603.25,24607.7,0
2025-08-05T14:25:00+05:30,24607.2,24609.5,24604.1,24606.5,0
2025-08-05T14:26:00+05:30,24606.25,24610.2,24604.7,24610.2,0
2025-08-05T14:27:00+05:30,24608.75,24613.5,24607.0,24612.35,0
2025-08-05T14:28:00+05:30,24612.15,24621.65,24612.15,24619.85,0
2025-08-05T14:29:00+05:30,24619.65,24622.35,24618.1,24622.35,0
2025-08-05T14:30:00+05:30,24621.45,24622.55,24617.9,24621.55,0
2025-08-05T14:31:00+05:30,24621.9,24631.1,24621.6,24631.0,0
2025-08-05T14:32:00+05:30,24630.7,24631.85,24621.5,24625.0,0
2025-08-05T14:33:00+05:30,24624.95,24624.95,24594.6,24600.65,0
2025-08-05T14:34:00+05:30,24601.8,24616.6,24601.0,24614.7,0
2025-08-05T14:35:00+05:30,24614.55,24618.85,24613.75,24616.9,0
2025-08-05T14:36:00+05:30,24616.4,24621.45,24613.85,24620.4,0
2025-08-05T14:37:00+05:30,24620.45,24622.7,24617.0,24621.85,0
2025-08-05T14:38:00+05:30,24620.55,24628.15,24618.45,24627.25,0
2025-08-05T14:39:00+05:30,24626.85,24631.25,24625.5,24629.2,0
2025-08-05T14:40:00+05:30,24628.5,24631.7,24621.85,24624.95,0
2025-08-05T14:41:00+05:30,24623.45,24626.9,24618.3,24622.3,0
2025-08-05T14:42:00+05:30,24620.9,24626.05,24619.0,24624.7,0
2025-08-05T14:43:00+05:30,24623.35,24626.55,24621.65,24623.95,0
2025-08-05T14:44:00+05:30,24622.5,24624.25,24619.75,24624.25,0
2025-08-05T14:45:00+05:30,24624.45,24629.9,24622.4,24626.9,0
2025-08-05T14:46:00+05:30,24624.55,24627.85,24623.5,24627.7,0
2025-08-05T14:47:00+05:30,24626.1,24627.85,24614.45,24617.65,0
2025-08-05T14:48:00+05:30,24616.9,24616.9,24590.3,24596.4,0
2025-08-05T14:49:00+05:30,24597.4,24611.55,24597.4,24607.95,0
2025-08-05T14:50:00+05:30,24608.0,24608.65,24603.05,24608.65,0
2025-08-05T14:51:00+05:30,24608.0,24608.9,24600.8,24605.8,0
2025-08-05T14:52:00+05:30,24604.45,24610.2,24603.25,24606.65,0
2025-08-05T14:53:00+05:30,24606.4,24610.2,24603.45,24609.85,0
2025-08-05T14:54:00+05:30,24610.15,24611.3,24602.5,24606.5,0
2025-08-05T14:55:00+05:30,24605.2,24608.25,24596.75,24606.7,0
2025-08-05T14:56:00+05:30,24603.8,24610.4,24602.55,24609.85,0
2025-08-05T14:57:00+05:30,24609.1,24613.5,24606.05,24613.5,0
2025-08-05T14:58:00+05:30,24613.05,24614.4,24606.9,24611.75,0
2025-08-05T14:59:00+05:30,24609.15,24611.8,24605.65,24611.5,0
2025-08-05T15:00:00+05:30,24611.95,24616.1,24597.9,24612.15,0
2025-08-05T15:01:00+05:30,24610.95,24616.8,24607.05,24616.8,0
2025-08-05T15:02:00+05:30,24615.65,24619.8,24613.4,24618.05,0
2025-08-05T15:03:00+05:30,24618.1,24621.35,24615.4,24621.35,0
2025-08-05T15:04:00+05:30,24618.95,24627.3,24618.95,24627.2,0
2025-08-05T15:05:00+05:30,24627.0,24631.35,24626.1,24631.1,0
2025-08-05T15:06:00+05:30,24630.1,24643.7,24628.95,24643.7,0
2025-08-05T15:07:00+05:30,24642.9,24644.0,24637.45,24640.4,0
2025-08-05T15:08:00+05:30,24639.95,24643.15,24637.65,24643.15,0
2025-08-05T15:09:00+05:30,24642.4,24658.9,24642.05,24658.25,0
2025-08-05T15:10:00+05:30,24657.55,24658.6,24651.75,24656.65,0
2025-08-05T15:11:00+05:30,24656.1,24662.2,24655.95,24658.2,0
2025-08-05T15:12:00+05:30,24656.7,24659.15,24650.0,24657.3,0
2025-08-05T15:13:00+05:30,24659.1,24664.4,24659.0,24664.4,0
2025-08-05T15:14:00+05:30,24663.75,24671.15,24661.7,24667.5,0
2025-08-05T15:15:00+05:30,24666.9,24669.3,24652.25,24653.8,0
2025-08-05T15:16:00+05:30,24654.4,24656.95,24646.85,24653.35,0
2025-08-05T15:17:00+05:30,24652.1,24664.05,24652.05,24662.5,0
2025-08-05T15:18:00+05:30,24662.7,24664.85,24656.95,24663.0,0
2025-08-05T15:19:00+05:30,24664.0,24664.0,24658.7,24661.65,0
2025-08-05T15:20:00+05:30,24662.6,24667.8,24662.1,24667.1,0
2025-08-05T15:21:00+05:30,24666.05,24666.05,24653.9,24655.8,0
2025-08-05T15:22:00+05:30,24656.05,24665.1,24656.05,24663.85,0
2025-08-05T15:23:00+05:30,24664.8,24664.95,24662.0,24664.5,0
2025-08-05T15:24:00+05:30,24664.45,24664.55,24654.85,24657.8,0
2025-08-05T15:25:00+05:30,24655.1,24656.8,24649.6,24656.8,0
2025-08-05T15:26:00+05:30,24656.65,24659.15,24652.5,24656.5,0
2025-08-05T15:27:00+05:30,24655.9,24659.65,24654.85,24659.55,0
2025-08-05T15:28:00+05:30,24659.05,24665.55,24647.9,24652.15,0
2025-08-05T15:29:00+05:30,24651.85,24656.85,24646.4,24649.5,0
2025-08-06T09:15:00+05:30,24641.35,24665.35,24639.25,24643.7,0
2025-08-06T09:16:00+05:30,24643.65,24647.1,24634.35,24645.9,0
2025-08-06T09:17:00+05:30,24645.6,24648.3,24640.0,24647.75,0
2025-08-06T09:18:00+05:30,24649.45,24664.65,24649.45,24654.85,0
2025-08-06T09:19:00+05:30,24654.2,24659.15,24650.15,24652.35,0
2025-08-06T09:20:00+05:30,24652.1,24657.35,24645.45,24651.35,0
2025-08-06T09:21:00+05:30,24653.35,24661.75,24650.6,24658.0,0
2025-08-06T09:22:00+05:30,24657.2,24666.25,24656.2,24659.75,0
2025-08-06T09:23:00+05:30,24662.05,24670.85,24659.3,24670.85,0
2025-08-06T09:24:00+05:30,24669.6,24671.4,24662.55,24662.55,0
2025-08-06T09:25:00+05:30,24662.45,24662.65,24651.1,24657.15,0
2025-08-06T09:26:00+05:30,24656.55,24660.5,24648.7,24658.65,0
2025-08-06T09:27:00+05:30,24658.15,24660.65,24645.95,24649.6,0
2025-08-06T09:28:00+05:30,24649.5,24660.95,24648.85,24655.25,0
2025-08-06T09:29:00+05:30,24655.55,24661.5,24648.85,24651.3,0
2025-08-06T09:30:00+05:30,24650.55,24659.45,24649.65,24650.7,0
2025-08-06T09:31:00+05:30,24649.95,24655.05,24645.15,24647.55,0
2025-08-06T09:32:00+05:30,24648.5,24648.5,24639.95,24641.4,0
2025-08-06T09:33:00+05:30,24640.4,24644.9,24639.3,24641.7,0
2025-08-06T09:34:00+05:30,24641.65,24648.2,24640.45,24644.35,0
2025-08-06T09:35:00+05:30,24643.85,24644.2,24629.8,24636.25,0
2025-08-06T09:36:00+05:30,24636.3,24636.3,24630.5,24631.85,0
2025-08-06T09:37:00+05:30,24631.7,24632.9,24619.35,24623.7,0
2025-08-06T09:38:00+05:30,24624.4,24624.95,24619.25,24622.8,0
2025-08-06T09:39:00+05:30,24623.0,24628.0,24618.4,24622.15,0
2025-08-06T09:40:00+05:30,24622.85,24622.85,24616.15,24620.45,0
2025-08-06T09:41:00+05:30,24621.0,24625.2,24618.9,24624.9,0
2025-08-06T09:42:00+05:30,24625.0,24625.2,24620.25,24624.1,0
2025-08-06T09:43:00+05:30,24622.95,24624.3,24620.8,24622.45,0
2025-08-06T09:44:00+05:30,24622.25,24622.5,24619.5,24621.05,0
2025-08-06T09:45:00+05:30,24620.85,24627.45,24618.65,24622.0,0
2025-08-06T09:46:00+05:30,24622.25,24623.05,24613.75,24613.95,0
2025-08-06T09:47:00+05:30,24614.45,24615.1,24607.95,24612.6,0
2025-08-06T09:48:00+05:30,24611.95,24613.45,24605.85,24613.45,0
2025-08-06T09:49:00+05:30,24613.4,24613.4,24606.95,24609.65,0
2025-08-06T09:50:00+05:30,24609.75,24610.05,24606.5,24609.8,0
2025-08-06T09:51:00+05:30,24609.45,24620.4,24607.9,24620.05,0
2025-08-06T09:52:00+05:30,24620.0,24642.95,24618.65,24642.55,0
2025-08-06T09:53:00+05:30,24642.4,24643.4,24635.6,24637.35,0
2025-08-06T09:54:00+05:30,24637.25,24637.25,24623.7,24626.95,0
2025-08-06T09:55:00+05:30,24627.3,24628.7,24620.1,24620.1,0
2025-08-06T09:56:00+05:30,24620.75,24621.25,24612.7,24619.7,0
2025-08-06T09:57:00+05:30,24619.15,24626.05,24618.65,24624.95,0
2025-08-06T09:58:00+05:30,24624.5,24625.5,24618.45,24618.45,0
2025-08-06T09:59:00+05:30,24618.4,24621.9,24617.9,24620.1,0
2025-08-06T10:00:00+05:30,24619.95,24627.2,24619.55,24627.2,0
2025-08-06T10:01:00+05:30,24626.9,24641.5,24626.9,24631.1,0
2025-08-06T10:02:00+05:30,24631.9,24632.0,24619.6,24622.8,0
2025-08-06T10:03:00+05:30,24623.4,24623.4,24593.2,24596.2,0
2025-08-06T10:04:00+05:30,24595.15,24595.9,24579.7,24595.85,0
2025-08-06T10:05:00+05:30,24596.45,24598.75,24590.8,24598.75,0
2025-08-06T10:06:00+05:30,24598.25,24613.8,24595.5,24595.75,0
2025-08-06T10:07:00+05:30,24597.05,24597.95,24592.4,24596.85,0
2025-08-06T10:08:00+05:30,24596.8,24603.05,24596.25,24600.15,0
2025-08-06T10:09:00+05:30,24599.05,24603.25,24598.05,24603.1,0
2025-08-06T10:10:00+05:30,24602.55,24603.3,24592.9,24594.4,0
2025-08-06T10:11:00+05:30,24593.35,24599.85,24592.2,24592.2,0
2025-08-06T10:12:00+05:30,24592.85,24592.85,24585.8,24588.65,0
2025-08-06T10:13:00+05:30,24587.8,24594.7,24586.9,24593.6,0
2025-08-06T10:14:00+05:30,24593.2,24606.05,24591.75,24605.4,0
2025-08-06T10:15:00+05:30,24605.85,24606.25,24594.45,24599.65,0
2025-08-06T10:16:00+05:30,24598.55,24616.95,24598.55,24615.85,0
2025-08-06T10:17:00+05:30,24615.55,24620.3,24613.8,24620.3,0
2025-08-06T10:18:00+05:30,24620.55,24625.95,24619.85,24624.0,0
2025-08-06T10:19:00+05:30,24622.5,24632.25,24622.45,24631.0,0
2025-08-06T10:20:00+05:30,24631.1,24634.8,24630.25,24633.6,0
2025-08-06T10:21:00+05:30,24634.25,24649.45,24632.7,24646.7,0
2025-08-06T10:22:00+05:30,24646.9,24647.25,24639.75,24641.5,0
2025-08-06T10:23:00+05:30,24641.3,24641.8,24630.05,24632.5,0
2025-08-06T10:24:00+05:30,24631.95,24634.8,24631.0,24633.2,0
2025-08-06T10:25:00+05:30,24631.8,24632.65,24621.85,24623.1,0
2025-08-06T10:26:00+05:30,24622.6,24623.45,24606.65,24606.65,0
2025-08-06T10:27:00+05:30,24606.45,24610.2,24605.55,24608.35,0
2025-08-06T10:28:00+05:30,24608.75,24611.9,24606.75,24606.75,0
2025-08-06T10:29:00+05:30,24607.1,24607.7,24602.05,24602.5,0
2025-08-06T10:30:00+05:30,24602.7,24603.75,24598.45,24599.95,0
2025-08-06T10:31:00+05:30,24600.5,24606.1,24597.35,24606.1,0
2025-08-06T10:32:00+05:30,24607.0,24610.5,24603.45,24605.25,0
2025-08-06T10:33:00+05:30,24604.95,24606.7,24602.2,24603.0,0
2025-08-06T10:34:00+05:30,24602.4,24603.25,24590.45,24591.25,0
2025-08-06T10:35:00+05:30,24591.0,24591.0,24569.4,24570.4,0
2025-08-06T10:36:00+05:30,24570.35,24570.85,24544.15,24556.1,0
2025-08-06T10:37:00+05:30,24555.1,24574.95,24555.1,24573.65,0
2025-08-06T10:38:00+05:30,24573.05,24573.65,24568.9,24569.7,0
2025-08-06T10:39:00+05:30,24569.5,24572.3,24568.55,24569.1,0
2025-08-06T10:40:00+05:30,24569.0,24573.15,24567.8,24570.25,0
2025-08-06T10:41:00+05:30,24570.0,24572.0,24568.25,24569.75,0
2025-08-06T10:42:00+05:30,24569.95,24577.2,24569.15,24574.8,0
2025-08-06T10:43:00+05:30,24574.85,24574.85,24564.35,24567.5,0
2025-08-06T10:44:00+05:30,24567.55,24568.65,24563.3,24564.6,0
2025-08-06T10:45:00+05:30,24564.05,24565.0,24555.15,24555.25,0
2025-08-06T10:46:00+05:30,24555.35,24565.05,24554.95,24563.05,0
2025-08-06T10:47:00+05:30,24562.85,24564.5,24561.55,24564.5,0
2025-08-06T10:48:00+05:30,24563.75,24571.8,24563.25,24570.2,0
2025-08-06T10:49:00+05:30,24570.85,24571.8,24562.85,24564.35,0
2025-08-06T10:50:00+05:30,24564.85,24565.7,24560.2,24561.6,0
2025-08-06T10:51:00+05:30,24561.9,24562.55,24557.35,24561.15,0
2025-08-06T10:52:00+05:30,24561.3,24566.6,24560.7,24566.6,0
2025-08-06T10:53:00+05:30,24566.55,24569.4,24564.7,24566.6,0
2025-08-06T10:54:00+05:30,24566.85,24567.2,24557.1,24563.65,0
2025-08-06T10:55:00+05:30,24563.5,24563.5,24556.1,24557.0,0
2025-08-06T10:56:00+05:30,24556.95,24556.95,24552.0,24554.4,0
2025-08-06T10:57:00+05:30,24554.8,24558.5,24552.8,24553.5,0
2025-08-06T10:58:00+05:30,24553.8,24557.6,24548.65,24555.65,0
2025-08-06T10:59:00+05:30,24555.9,24558.4,24552.85,24556.45,0
2025-08-06T11:00:00+05:30,24556.7,24563.0,24551.25,24563.0,0
2025-08-06T11:01:00+05:30,24561.4,24561.95,24553.1,24554.0,0
2025-08-06T11:02:00+05:30,24554.35,24559.95,24552.7,24559.95,0
2025-08-06T11:03:00+05:30,24559.7,24560.05,24556.25,24556.85,0
2025-08-06T11:04:00+05:30,24557.0,24562.05,24556.55,24561.0,0
2025-08-06T11:05:00+05:30,24560.0,24562.3,24558.25,24559.05,0
2025-08-06T11:06:00+05:30,24558.9,24560.5,24553.0,24554.05,0
2025-08-06T11:07:00+05:30,24554.55,24555.5,24553.4,24554.45,0
2025-08-06T11:08:00+05:30,24554.4,24557.6,24553.8,24555.6,0
2025-08-06T11:09:00+05:30,24554.8,24554.8,24549.65,24550.0,0
2025-08-06T11:10:00+05:30,24549.45,24551.8,24548.2,24550.85,0
2025-08-06T11:11:00+05:30,24551.1,24553.8,24550.45,24552.65,0
2025-08-06T11:12:00+05:30,24551.3,24558.9,24550.0,24557.1,0
2025-08-06T11:13:00+05:30,24557.45,24558.4,24553.35,24555.65,0
2025-08-06T11:14:00+05:30,24555.85,24561.95,24555.75,24561.1,0
2025-08-06T11:15:00+05:30,24561.55,24561.9,24558.95,24560.6,0
2025-08-06T11:16:00+05:30,24560.3,24560.3,24554.85,24555.05,0
2025-08-06T11:17:00+05:30,24554.9,24560.9,24554.75,24556.0,0
2025-08-06T11:18:00+05:30,24556.05,24557.85,24554.5,24555.55,0
2025-08-06T11:19:00+05:30,24555.75,24555.75,24551.0,24551.25,0
2025-08-06T11:20:00+05:30,24551.55,24555.4,24550.3,24553.4,0
2025-08-06T11:21:00+05:30,24552.85,24560.95,24551.6,24560.4,0
2025-08-06T11:22:00+05:30,24560.6,24560.7,24555.4,24558.1,0
2025-08-06T11:23:00+05:30,24558.05,24559.35,24555.85,24556.75,0
2025-08-06T11:24:00+05:30,24556.55,24557.35,24553.7,24555.5,0
2025-08-06T11:25:00+05:30,24555.9,24559.7,24554.85,24555.85,0
2025-08-06T11:26:00+05:30,24555.6,24556.15,24553.0,24555.35,0
2025-08-06T11:27:00+05:30,24555.45,24566.9,24554.55,24565.8,0
2025-08-06T11:28:00+05:30,24566.3,24568.35,24564.5,24567.25,0
2025-08-06T11:29:00+05:30,24567.05,24570.6,24565.65,24569.4,0
2025-08-06T11:30:00+05:30,24568.75,24572.75,24564.5,24566.0,0
2025-08-06T11:31:00+05:30,24566.4,24567.2,24559.55,24559.95,0
2025-08-06T11:32:00+05:30,24559.2,24559.45,24554.9,24558.1,0
2025-08-06T11:33:00+05:30,24557.9,24559.1,24556.7,24556.95,0
2025-08-06T11:34:00+05:30,24557.4,24558.5,24556.35,24557.25,0
2025-08-06T11:35:00+05:30,24557.1,24558.85,24553.55,24553.65,0
2025-08-06T11:36:00+05:30,24554.05,24557.45,24553.55,24556.6,0
2025-08-06T11:37:00+05:30,24555.85,24562.0,24554.85,24561.1,0
2025-08-06T11:38:00+05:30,24560.8,24578.45,24560.8,24571.55,0
2025-08-06T11:39:00+05:30,24572.2,24572.9,24560.4,24561.4,0
2025-08-06T11:40:00+05:30,24561.5,24566.65,24561.35,24566.2,0
2025-08-06T11:41:00+05:30,24565.9,24565.9,24561.1,24562.75,0
2025-08-06T11:42:00+05:30,24561.95,24563.55,24557.05,24558.6,0
2025-08-06T11:43:00+05:30,24558.35,24560.7,24556.05,24557.1,0
2025-08-06T11:44:00+05:30,24557.4,24566.65,24554.8,24566.4,0
2025-08-06T11:45:00+05:30,24566.0,24566.65,24560.65,24563.45,0
2025-08-06T11:46:00+05:30,24562.25,24566.5,24560.25,24566.5,0
2025-08-06T11:47:00+05:30,24566.95,24571.85,24564.05,24571.85,0
2025-08-06T11:48:00+05:30,24572.35,24581.1,24570.2,24577.95,0
2025-08-06T11:49:00+05:30,24577.25,24580.5,24575.55,24580.2,0
2025-08-06T11:50:00+05:30,24580.65,24582.9,24579.3,24582.9,0
2025-08-06T11:51:00+05:30,24582.75,24590.6,24582.7,24585.4,0
2025-08-06T11:52:00+05:30,24585.95,24585.95,24580.35,24582.45,0
2025-08-06T11:53:00+05:30,24582.3,24582.5,24579.15,24580.6,0
2025-08-06T11:54:00+05:30,24580.4,24588.4,24580.4,24588.0,0
2025-08-06T11:55:00+05:30,24587.2,24589.9,24585.85,24588.95,0
2025-08-06T11:56:00+05:30,24589.0,24589.85,24584.65,24589.4,0
2025-08-06T11:57:00+05:30,24588.15,24588.75,24582.35,24585.0,0
2025-08-06T11:58:00+05:30,24583.7,24583.7,24558.3,24562.9,0
2025-08-06T11:59:00+05:30,24562.55,24583.3,24562.55,24580.35,0
2025-08-06T12:00:00+05:30,24580.25,24581.25,24577.3,24579.1,0
2025-08-06T12:01:00+05:30,24578.15,24584.2,24577.4,24584.2,0
2025-08-06T12:02:00+05:30,24583.85,24596.0,24582.7,24596.0,0
2025-08-06T12:03:00+05:30,24595.35,24599.65,24594.6,24598.95,0
2025-08-06T12:04:00+05:30,24599.2,24600.1,24593.2,24594.35,0
2025-08-06T12:05:00+05:30,24594.2,24598.1,24591.1,24592.35,0
2025-08-06T12:06:00+05:30,24591.45,24595.0,24590.3,24594.2,0
2025-08-06T12:07:00+05:30,24593.75,24599.35,24593.2,24599.25,0
2025-08-06T12:08:00+05:30,24599.05,24599.05,24588.15,24589.1,0
2025-08-06T12:09:00+05:30,24588.55,24594.45,24587.45,24593.2,0
2025-08-06T12:10:00+05:30,24593.05,24593.65,24588.85,24590.1,0
2025-08-06T12:11:00+05:30,24589.45,24591.55,24584.8,24588.7,0
2025-08-06T12:12:00+05:30,24588.45,24589.15,24585.85,24587.6,0
2025-08-06T12:13:00+05:30,24587.45,24592.65,24587.45,24589.5,0
2025-08-06T12:14:00+05:30,24589.35,24590.3,24585.8,24587.95,0
2025-08-06T12:15:00+05:30,24587.9,24589.15,24586.2,24587.6,0
2025-08-06T12:16:00+05:30,24586.85,24595.05,24586.6,24594.35,0
2025-08-06T12:17:00+05:30,24594.25,24597.25,24591.2,24597.25,0
2025-08-06T12:18:00+05:30,24596.9,24603.05,24596.45,24602.75,0
2025-08-06T12:19:00+05:30,24602.8,24607.9,24601.55,24607.25,0
2025-08-06T12:20:00+05:30,24606.7,24611.7,24606.3,24611.25,0
2025-08-06T12:21:00+05:30,24611.2,24633.6,24610.45,24624.75,0
2025-08-06T12:22:00+05:30,24624.85,24624.85,24615.05,24617.0,0
2025-08-06T12:23:00+05:30,24616.9,24619.35,24614.0,24615.05,0
2025-08-06T12:24:00+05:30,24614.7,24615.6,24610.0,24612.7,0
2025-08-06T12:25:00+05:30,24612.15,24614.55,24612.15,24612.45,0
2025-08-06T12:26:00+05:30,24612.4,24615.1,24606.1,24612.55,0
2025-08-06T12:27:00+05:30,24612.45,24617.6,24609.9,24610.4,0
2025-08-06T12:28:00+05:30,24609.9,24613.3,24608.35,24610.2,0
2025-08-06T12:29:00+05:30,24609.85,24616.5,24608.9,24616.5,0
2025-08-06T12:30:00+05:30,24615.6,24618.6,24613.75,24615.9,0
2025-08-06T12:31:00+05:30,24615.45,24616.35,24612.9,24616.35,0
2025-08-06T12:32:00+05:30,24615.95,24618.45,24614.95,24617.3,0
2025-08-06T12:33:00+05:30,24617.6,24621.7,24616.85,24621.25,0
2025-08-06T12:34:00+05:30,24621.35,24623.3,24619.55,24620.2,0
2025-08-06T12:35:00+05:30,24620.35,24622.3,24619.5,24619.5,0
2025-08-06T12:36:00+05:30,24619.25,24619.25,24612.6,24613.3,0
2025-08-06T12:37:00+05:30,24612.9,24612.9,24607.1,24608.7,0
2025-08-06T12:38:00+05:30,24608.3,24608.5,24599.85,24600.95,0
2025-08-06T12:39:00+05:30,24601.4,24603.25,24596.8,24597.7,0
2025-08-06T12:40:00+05:30,24597.8,24600.1,24596.1,24599.05,0
2025-08-06T12:41:00+05:30,24599.25,24602.2,24595.55,24598.55,0
2025-08-06T12:42:00+05:30,24598.45,24600.5,24596.8,24599.5,0
2025-08-06T12:43:00+05:30,24599.25,24600.95,24597.55,24599.25,0
2025-08-06T12:44:00+05:30,24599.2,24603.3,24598.4,24600.1,0
2025-08-06T12:45:00+05:30,24600.6,24606.65,24599.4,24605.55,0
2025-08-06T12:46:00+05:30,24604.9,24608.6,24604.55,24606.75,0
2025-08-06T12:47:00+05:30,24606.7,24610.65,24605.8,24609.3,0
2025-08-06T12:48:00+05:30,24608.75,24609.5,24606.75,24608.5,0
2025-08-06T12:49:00+05:30,24607.85,24608.4,24603.55,24603.95,0
2025-08-06T12:50:00+05:30,24603.1,24603.95,24596.8,24598.0,0
2025-08-06T12:51:00+05:30,24598.35,24598.85,24590.75,24590.9,0
2025-08-06T12:52:00+05:30,24590.75,24590.75,24584.55,24587.3,0
2025-08-06T12:53:00+05:30,24587.7,24589.05,24583.45,24584.95,0
2025-08-06T12:54:00+05:30,24584.9,24590.5,24583.25,24589.6,0
2025-08-06T12:55:00+05:30,24589.45,24596.5,24588.8,24596.3,0
2025-08-06T12:56:00+05:30,24596.05,24597.0,24593.2,24597.0,0
2025-08-06T12:57:00+05:30,24596.55,24605.0,24595.25,24601.2,0
2025-08-06T12:58:00+05:30,24601.0,24604.2,24599.3,24603.3,0
2025-08-06T12:59:00+05:30,24602.55,24608.15,24600.95,24608.0,0
2025-08-06T13:00:00+05:30,24609.0,24612.5,24605.65,24606.75,0
2025-08-06T13:01:00+05:30,24606.9,24609.25,24604.85,24608.35,0
2025-08-06T13:02:00+05:30,24608.55,24612.1,24607.45,24610.7,0
2025-08-06T13:03:00+05:30,24610.8,24616.1,24609.7,24615.5,0
2025-08-06T13:04:00+05:30,24615.15,24616.35,24610.8,24612.6,0
2025-08-06T13:05:00+05:30,24612.35,24612.35,24606.55,24607.65,0
2025-08-06T13:06:00+05:30,24607.6,24608.6,24604.6,24606.25,0
2025-08-06T13:07:00+05:30,24605.5,24608.3,24605.2,24607.8,0
2025-08-06T13:08:00+05:30,24607.6,24609.5,24605.8,24605.8,0
2025-08-06T13:09:00+05:30,24605.75,24609.2,24604.4,24608.05,0
2025-08-06T13:10:00+05:30,24608.25,24612.4,24607.05,24611.95,0
2025-08-06T13:11:00+05:30,24611.6,24615.95,24610.45,24612.25,0
2025-08-06T13:12:00+05:30,24612.2,24615.4,24608.95,24614.45,0
2025-08-06T13:13:00+05:30,24614.35,24620.7,24612.7,24616.95,0
2025-08-06T13:14:00+05:30,24616.3,24620.25,24615.8,24618.1,0
2025-08-06T13:15:00+05:30,24617.4,24618.3,24611.15,24614.0,0
2025-08-06T13:16:00+05:30,24614.3,24617.65,24613.35,24615.95,0
2025-08-06T13:17:00+05:30,24616.35,24619.55,24613.6,24618.0,0
2025-08-06T13:18:00+05:30,24617.35,24619.3,24613.85,24617.5,0
2025-08-06T13:19:00+05:30,24617.55,24619.3,24615.75,24616.9,0
2025-08-06T13:20:00+05:30,24617.05,24618.1,24611.6,24614.65,0
2025-08-06T13:21:00+05:30,24615.0,24618.65,24612.7,24617.6,0
2025-08-06T13:22:00+05:30,24617.55,24617.8,24614.7,24615.7,0
2025-08-06T13:23:00+05:30,24615.45,24616.4,24611.2,24611.95,0
2025-08-06T13:24:00+05:30,24611.7,24612.85,24607.65,24609.85,0
2025-08-06T13:25:00+05:30,24609.9,24614.0,24608.0,24613.2,0
2025-08-06T13:26:00+05:30,24613.55,24614.8,24611.35,24614.75,0
2025-08-06T13:27:00+05:30,24614.45,24615.4,24611.8,24613.05,0
2025-08-06T13:28:00+05:30,24613.6,24615.3,24610.9,24614.2,0
2025-08-06T13:29:00+05:30,24614.45,24622.25,24613.45,24620.25,0
2025-08-06T13:30:00+05:30,24620.45,24625.45,24619.7,24625.3,0
2025-08-06T13:31:00+05:30,24625.75,24627.0,24618.8,24618.8,0
2025-08-06T13:32:00+05:30,24617.6,24619.35,24612.95,24618.55,0
2025-08-06T13:33:00+05:30,24619.0,24622.05,24613.25,24613.65,0
2025-08-06T13:34:00+05:30,24613.6,24620.4,24613.0,24617.15,0
2025-08-06T13:35:00+05:30,24617.25,24621.65,24615.15,24619.4,0
2025-08-06T13:36:00+05:30,24619.2,24621.35,24614.65,24621.35,0
2025-08-06T13:37:00+05:30,24619.85,24621.85,24618.65,24620.95,0
2025-08-06T13:38:00+05:30,24620.65,24626.45,24619.8,24625.5,0
2025-08-06T13:39:00+05:30,24624.95,24628.8,24624.7,24626.6,0
2025-08-06T13:40:00+05:30,24625.65,24626.5,24620.6,24625.5,0
2025-08-06T13:41:00+05:30,24625.55,24625.55,24617.6,24619.1,0
2025-08-06T13:42:00+05:30,24619.05,24619.05,24584.5,24587.05,0
2025-08-06T13:43:00+05:30,24589.75,24604.4,24588.0,24603.25,0
2025-08-06T13:44:00+05:30,24602.8,24617.6,24602.8,24615.95,0
2025-08-06T13:45:00+05:30,24615.4,24616.0,24601.7,24606.8,0
2025-08-06T13:46:00+05:30,24605.95,24610.55,24603.3,24610.55,0
2025-08-06T13:47:00+05:30,24610.75,24610.9,24606.3,24607.5,0
2025-08-06T13:48:00+05:30,24607.45,24607.45,24603.4,24606.3,0
2025-08-06T13:49:00+05:30,24606.6,24608.05,24605.2,24606.0,0
2025-08-06T13:50:00+05:30,24605.45,24606.9,24600.9,24602.2,0
2025-08-06T13:51:00+05:30,24601.8,24601.8,24595.35,24598.2,0
2025-08-06T13:52:00+05:30,24598.8,24603.55,24597.75,24603.55,0
2025-08-06T13:53:00+05:30,24603.1,24604.25,24599.95,24603.05,0
2025-08-06T13:54:00+05:30,24603.15,24603.15,24597.85,24599.65,0
2025-08-06T13:55:00+05:30,24599.95,24600.05,24596.0,24599.45,0
2025-08-06T13:56:00+05:30,24598.75,24602.55,24597.3,24601.6,0
2025-08-06T13:57:00+05:30,24601.4,24603.45,24600.35,24602.25,0
2025-08-06T13:58:00+05:30,24602.3,24606.7,24601.25,24606.2,0
2025-08-06T13:59:00+05:30,24605.45,24605.6,24597.95,24598.1,0
2025-08-06T14:00:00+05:30,24598.25,24600.4,24593.35,24593.35,0
2025-08-06T14:01:00+05:30,24593.6,24595.1,24591.15,24593.15,0
2025-08-06T14:02:00+05:30,24593.5,24594.05,24588.75,24590.2,0
2025-08-06T14:03:00+05:30,24589.2,24591.9,24588.35,24589.8,0
2025-08-06T14:04:00+05:30,24589.55,24589.65,24586.55,24589.05,0
2025-08-06T14:05:00+05:30,24588.95,24589.25,24585.9,24587.6,0
2025-08-06T14:06:00+05:30,24588.0,24590.95,24584.85,24590.95,0
2025-08-06T14:07:00+05:30,24590.85,24595.75,24590.1,24595.35,0
2025-08-06T14:08:00+05:30,24595.1,24599.0,24594.55,24598.8,0
2025-08-06T14:09:00+05:30,24598.6,24599.75,24594.85,24595.45,0
2025-08-06T14:10:00+05:30,24595.6,24595.6,24588.15,24589.85,0
2025-08-06T14:11:00+05:30,24589.75,24597.85,24589.75,24596.8,0
2025-08-06T14:12:00+05:30,24596.55,24598.65,24590.7,24593.0,0
2025-08-06T14:13:00+05:30,24593.5,24594.6,24585.6,24585.6,0
2025-08-06T14:14:00+05:30,24585.2,24585.2,24578.45,24583.8,0
2025-08-06T14:15:00+05:30,24583.6,24585.65,24579.35,24579.95,0
2025-08-06T14:16:00+05:30,24580.2,24586.85,24579.7,24586.25,0
2025-08-06T14:17:00+05:30,24586.35,24589.0,24585.1,24585.9,0
2025-08-06T14:18:00+05:30,24585.75,24587.3,24580.55,24587.15,0
2025-08-06T14:19:00+05:30,24585.5,24588.95,24585.5,24588.8,0
2025-08-06T14:20:00+05:30,24589.0,24595.6,24589.0,24594.4,0
2025-08-06T14:21:00+05:30,24595.1,24596.15,24592.4,24592.95,0
2025-08-06T14:22:00+05:30,24592.55,24594.85,24591.9,24594.05,0
2025-08-06T14:23:00+05:30,24594.15,24595.8,24592.25,24595.2,0
2025-08-06T14:24:00+05:30,24595.5,24596.05,24591.65,24591.65,0
2025-08-06T14:25:00+05:30,24591.35,24594.5,24589.65,24590.9,0
2025-08-06T14:26:00+05:30,24590.3,24601.25,24590.3,24596.55,0
2025-08-06T14:27:00+05:30,24596.4,24597.25,24587.95,24590.55,0
2025-08-06T14:28:00+05:30,24590.0,24591.7,24581.25,24581.75,0
2025-08-06T14:29:00+05:30,24582.15,24582.15,24574.1,24574.35,0
2025-08-06T14:30:00+05:30,24574.5,24574.7,24567.95,24568.95,0
2025-08-06T14:31:00+05:30,24569.1,24571.4,24565.8,24569.1,0
2025-08-06T14:32:00+05:30,24568.85,24569.8,24564.05,24569.75,0
2025-08-06T14:33:00+05:30,24569.8,24569.8,24564.0,24568.15,0
2025-08-06T14:34:00+05:30,24567.7,24569.45,24566.4,24567.85,0
2025-08-06T14:35:00+05:30,24567.9,24567.9,24561.55,24562.2,0
2025-08-06T14:36:00+05:30,24562.35,24562.35,24539.2,24542.85,0
2025-08-06T14:37:00+05:30,24541.75,24556.4,24541.45,24554.0,0
2025-08-06T14:38:00+05:30,24554.6,24555.75,24548.35,24555.5,0
2025-08-06T14:39:00+05:30,24555.3,24562.8,24554.4,24560.35,0
2025-08-06T14:40:00+05:30,24560.25,24560.25,24551.7,24554.45,0
2025-08-06T14:41:00+05:30,24553.95,24556.75,24552.35,24553.7,0
2025-08-06T14:42:00+05:30,24553.9,24558.85,24550.6,24557.9,0
2025-08-06T14:43:00+05:30,24557.7,24560.85,24555.8,24559.85,0
2025-08-06T14:44:00+05:30,24559.6,24564.7,24558.4,24560.4,0
2025-08-06T14:45:00+05:30,24560.05,24560.8,24556.85,24560.45,0
2025-08-06T14:46:00+05:30,24560.7,24564.5,24559.45,24564.05,0
2025-08-06T14:47:00+05:30,24563.85,24565.45,24561.25,24563.75,0
2025-08-06T14:48:00+05:30,24563.95,24567.2,24562.75,24566.8,0
2025-08-06T14:49:00+05:30,24566.75,24566.85,24561.85,24565.9,0
2025-08-06T14:50:00+05:30,24565.15,24566.1,24563.65,24566.0,0
2025-08-06T14:51:00+05:30,24565.3,24568.05,24563.75,24567.45,0
2025-08-06T14:52:00+05:30,24567.65,24569.15,24565.1,24566.1,0
2025-08-06T14:53:00+05:30,24565.7,24570.8,24564.25,24570.45,0
2025-08-06T14:54:00+05:30,24570.95,24579.65,24570.95,24579.05,0
2025-08-06T14:55:00+05:30,24579.35,24581.15,24576.85,24580.15,0
2025-08-06T14:56:00+05:30,24580.4,24585.5,24578.9,24585.3,0
2025-08-06T14:57:00+05:30,24585.35,24585.6,24579.35,24581.2,0
2025-08-06T14:58:00+05:30,24581.1,24581.1,24572.05,24574.65,0
2025-08-06T14:59:00+05:30,24573.95,24576.7,24565.25,24567.05,0
2025-08-06T15:00:00+05:30,24570.35,24574.3,24556.35,24573.45,0
2025-08-06T15:01:00+05:30,24574.1,24574.1,24568.75,24572.85,0
2025-08-06T15:02:00+05:30,24573.35,24573.35,24568.7,24568.7,0
2025-08-06T15:03:00+05:30,24569.3,24570.95,24564.8,24565.1,0
2025-08-06T15:04:00+05:30,24566.0,24568.95,24563.6,24568.45,0
2025-08-06T15:05:00+05:30,24569.65,24575.25,24568.15,24573.95,0
2025-08-06T15:06:00+05:30,24575.25,24577.65,24573.9,24576.95,0
2025-08-06T15:07:00+05:30,24577.5,24577.65,24571.45,24574.95,0
2025-08-06T15:08:00+05:30,24575.7,24579.35,24574.75,24578.35,0
2025-08-06T15:09:00+05:30,24579.3,24581.5,24578.2,24580.85,0
2025-08-06T15:10:00+05:30,24581.0,24581.0,24576.6,24577.05,0
2025-08-06T15:11:00+05:30,24577.45,24578.05,24575.45,24575.85,0
2025-08-06T15:12:00+05:30,24576.85,24579.6,24575.0,24579.05,0
2025-08-06T15:13:00+05:30,24579.4,24581.6,24578.15,24580.0,0
2025-08-06T15:14:00+05:30,24581.95,24581.95,24576.1,24576.35,0
2025-08-06T15:15:00+05:30,24577.6,24577.6,24570.75,24570.75,0
2025-08-06T15:16:00+05:30,24572.0,24574.4,24568.15,24573.2,0
2025-08-06T15:17:00+05:30,24574.7,24574.75,24572.4,24572.85,0
2025-08-06T15:18:00+05:30,24574.2,24574.2,24568.0,24571.2,0
2025-08-06T15:19:00+05:30,24572.9,24574.8,24571.35,24573.95,0
2025-08-06T15:20:00+05:30,24575.55,24578.15,24573.85,24577.3,0
2025-08-06T15:21:00+05:30,24578.2,24582.55,24576.7,24582.25,0
2025-08-06T15:22:00+05:30,24582.4,24584.6,24580.9,24584.25,0
2025-08-06T15:23:00+05:30,24584.95,24585.75,24580.05,24580.5,0
2025-08-06T15:24:00+05:30,24581.6,24583.6,24578.85,24581.5,0
2025-08-06T15:25:00+05:30,24582.5,24582.5,24572.8,24573.35,0
2025-08-06T15:26:00+05:30,24574.15,24577.0,24573.3,24575.3,0
2025-08-06T15:27:00+05:30,24576.85,24578.95,24573.45,24574.05,0
2025-08-06T15:28:00+05:30,24575.7,24576.1,24570.65,24574.05,0
2025-08-06T15:29:00+05:30,24570.3,24575.0,24563.4,24569.6,0
2025-08-07T09:15:00+05:30,24464.2,24516.1,24460.05,24501.7,0
2025-08-07T09:16:00+05:30,24498.35,24500.9,24490.15,24493.8,0
2025-08-07T09:17:00+05:30,24492.6,24517.65,24492.15,24517.4,0
2025-08-07T09:18:00+05:30,24517.7,24528.95,24506.05,24513.2,0
2025-08-07T09:19:00+05:30,24512.7,24524.65,24511.45,24519.45,0
2025-08-07T09:20:00+05:30,24519.2,24519.2,24512.35,24516.3,0
2025-08-07T09:21:00+05:30,24515.15,24533.75,24514.3,24517.05,0
2025-08-07T09:22:00+05:30,24516.25,24517.05,24506.0,24510.1,0
2025-08-07T09:23:00+05:30,24512.0,24517.65,24503.9,24508.5,0
2025-08-07T09:24:00+05:30,24507.65,24507.65,24496.65,24504.45,0
2025-08-07T09:25:00+05:30,24505.75,24514.05,24501.65,24510.0,0
2025-08-07T09:26:00+05:30,24509.1,24512.95,24502.7,24510.0,0
2025-08-07T09:27:00+05:30,24510.3,24520.2,24510.3,24517.5,0
2025-08-07T09:28:00+05:30,24517.45,24522.6,24512.05,24522.6,0
2025-08-07T09:29:00+05:30,24522.85,24529.3,24521.8,24525.85,0
2025-08-07T09:30:00+05:30,24526.25,24528.65,24518.85,24526.2,0
2025-08-07T09:31:00+05:30,24526.8,24531.65,24523.05,24531.65,0
2025-08-07T09:32:00+05:30,24531.85,24542.9,24529.25,24530.65,0
2025-08-07T09:33:00+05:30,24530.5,24535.25,24527.05,24527.75,0
2025-08-07T09:34:00+05:30,24528.4,24528.4,24512.3,24518.95,0
2025-08-07T09:35:00+05:30,24519.0,24519.1,24513.55,24514.05,0
2025-08-07T09:36:00+05:30,24515.0,24518.1,24505.15,24506.0,0
2025-08-07T09:37:00+05:30,24506.3,24506.35,24500.25,24504.75,0
2025-08-07T09:38:00+05:30,24504.2,24520.75,24502.65,24518.25,0
2025-08-07T09:39:00+05:30,24518.4,24519.25,24513.35,24517.4,0
2025-08-07T09:40:00+05:30,24517.35,24522.5,24513.4,24514.35,0
2025-08-07T09:41:00+05:30,24513.4,24516.3,24507.1,24507.1,0
2025-08-07T09:42:00+05:30,24504.8,24509.15,24498.5,24500.0,0
2025-08-07T09:43:00+05:30,24501.05,24503.4,24498.5,24502.3,0
2025-08-07T09:44:00+05:30,24502.9,24506.75,24500.9,24504.55,0
2025-08-07T09:45:00+05:30,24503.75,24504.35,24500.15,24502.55,0
2025-08-07T09:46:00+05:30,24503.15,24519.35,24500.35,24519.0,0
2025-08-07T09:47:00+05:30,24519.3,24519.35,24507.75,24510.25,0
2025-08-07T09:48:00+05:30,24509.75,24510.45,24505.6,24510.0,0
2025-08-07T09:49:00+05:30,24509.2,24509.2,24500.1,24502.25,0
2025-08-07T09:50:00+05:30,24502.65,24504.3,24499.75,24501.5,0
2025-08-07T09:51:00+05:30,24502.25,24506.4,24499.95,24504.4,0
2025-08-07T09:52:00+05:30,24503.8,24509.0,24502.35,24507.55,0
2025-08-07T09:53:00+05:30,24507.9,24510.8,24504.4,24505.75,0
2025-08-07T09:54:00+05:30,24505.5,24506.15,24499.35,24506.15,0
2025-08-07T09:55:00+05:30,24506.05,24506.75,24503.45,24504.55,0
2025-08-07T09:56:00+05:30,24504.6,24504.8,24493.7,24495.05,0
2025-08-07T09:57:00+05:30,24493.5,24497.95,24492.5,24493.6,0
2025-08-07T09:58:00+05:30,24493.8,24493.8,24479.1,24482.2,0
2025-08-07T09:59:00+05:30,24480.5,24485.2,24479.6,24481.35,0
2025-08-07T10:00:00+05:30,24481.1,24487.85,24481.1,24484.15,0
2025-08-07T10:01:00+05:30,24484.35,24484.35,24473.45,24481.5,0
2025-08-07T10:02:00+05:30,24481.8,24485.35,24479.45,24485.2,0
2025-08-07T10:03:00+05:30,24484.65,24487.1,24482.2,24484.35,0
2025-08-07T10:04:00+05:30,24485.15,24485.45,24473.8,24476.1,0
2025-08-07T10:05:00+05:30,24476.55,24478.45,24473.95,24474.6,0
2025-08-07T10:06:00+05:30,24474.35,24482.35,24470.8,24481.4,0
2025-08-07T10:07:00+05:30,24481.05,24482.0,24474.85,24475.8,0
2025-08-07T10:08:00+05:30,24475.85,24476.9,24473.8,24475.35,0
2025-08-07T10:09:00+05:30,24474.7,24476.35,24468.0,24471.4,0
2025-08-07T10:10:00+05:30,24470.95,24477.35,24470.95,24473.25,0
2025-08-07T10:11:00+05:30,24472.8,24475.3,24470.85,24475.3,0
2025-08-07T10:12:00+05:30,24474.65,24480.2,24474.5,24476.0,0
2025-08-07T10:13:00+05:30,24476.1,24476.35,24470.95,24475.3,0
2025-08-07T10:14:00+05:30,24475.35,24477.55,24474.6,24476.05,0
2025-08-07T10:15:00+05:30,24476.95,24481.35,24473.1,24480.95,0
2025-08-07T10:16:00+05:30,24480.75,24484.0,24471.55,24474.35,0
2025-08-07T10:17:00+05:30,24473.3,24478.85,24472.45,24478.3,0
2025-08-07T10:18:00+05:30,24478.75,24484.45,24478.5,24484.45,0
2025-08-07T10:19:00+05:30,24483.85,24486.05,24480.75,24483.05,0
2025-08-07T10:20:00+05:30,24483.55,24486.65,24479.9,24480.45,0
2025-08-07T10:21:00+05:30,24480.3,24481.0,24474.3,24478.4,0
2025-08-07T10:22:00+05:30,24477.7,24479.7,24474.85,24478.7,0
2025-08-07T10:23:00+05:30,24478.5,24479.55,24475.1,24477.25,0
2025-08-07T10:24:00+05:30,24477.0,24479.25,24474.45,24479.25,0
2025-08-07T10:25:00+05:30,24479.35,24483.6,24478.0,24483.6,0
2025-08-07T10:26:00+05:30,24483.75,24484.1,24477.85,24477.85,0
2025-08-07T10:27:00+05:30,24477.75,24477.75,24467.45,24468.6,0
2025-08-07T10:28:00+05:30,24468.4,24468.9,24455.2,24456.6,0
2025-08-07T10:29:00+05:30,24456.95,24456.95,24450.15,24450.7,0
2025-08-07T10:30:00+05:30,24450.3,24450.45,24432.05,24434.3,0
2025-08-07T10:31:00+05:30,24433.0,24433.15,24428.1,24429.25,0
2025-08-07T10:32:00+05:30,24429.05,24433.95,24425.1,24433.8,0
2025-08-07T10:33:00+05:30,24432.25,24436.95,24429.45,24436.6,0
2025-08-07T10:34:00+05:30,24436.65,24443.65,24436.35,24439.3,0
2025-08-07T10:35:00+05:30,24438.55,24439.85,24432.8,24435.35,0
2025-08-07T10:36:00+05:30,24435.25,24439.25,24433.05,24438.95,0
2025-08-07T10:37:00+05:30,24438.5,24443.85,24438.5,24440.85,0
2025-08-07T10:38:00+05:30,24441.05,24442.6,24439.0,24440.15,0
2025-08-07T10:39:00+05:30,24440.1,24441.1,24434.4,24436.1,0
2025-08-07T10:40:00+05:30,24436.15,24437.2,24432.3,24433.4,0
2025-08-07T10:41:00+05:30,24433.2,24435.85,24430.6,24435.1,0
2025-08-07T10:42:00+05:30,24435.3,24439.05,24432.25,24432.25,0
2025-08-07T10:43:00+05:30,24431.25,24433.65,24429.55,24429.55,0
2025-08-07T10:44:00+05:30,24429.8,24436.2,24429.25,24435.75,0
2025-08-07T10:45:00+05:30,24435.25,24437.35,24421.1,24422.05,0
2025-08-07T10:46:00+05:30,24421.9,24423.65,24419.5,24423.3,0
2025-08-07T10:47:00+05:30,24423.1,24425.65,24416.6,24419.65,0
2025-08-07T10:48:00+05:30,24419.75,24426.2,24419.7,24422.45,0
2025-08-07T10:49:00+05:30,24422.7,24423.5,24413.35,24418.25,0
2025-08-07T10:50:00+05:30,24417.75,24423.65,24416.5,24423.6,0
2025-08-07T10:51:00+05:30,24423.3,24423.6,24418.8,24420.5,0
2025-08-07T10:52:00+05:30,24421.05,24421.9,24418.1,24420.4,0
2025-08-07T10:53:00+05:30,24421.0,24421.0,24416.7,24418.0,0
2025-08-07T10:54:00+05:30,24418.05,24418.7,24416.0,24416.7,0
2025-08-07T10:55:00+05:30,24417.05,24425.85,24417.05,24425.3,0
2025-08-07T10:56:00+05:30,24424.7,24429.45,24424.35,24426.55,0
2025-08-07T10:57:00+05:30,24425.9,24427.65,24425.1,24427.65,0
2025-08-07T10:58:00+05:30,24427.85,24430.45,24427.4,24428.55,0
2025-08-07T10:59:00+05:30,24428.6,24430.1,24425.65,24426.05,0
2025-08-07T11:00:00+05:30,24426.8,24433.8,24425.3,24426.85,0
2025-08-07T11:01:00+05:30,24426.55,24426.55,24418.7,24418.95,0
2025-08-07T11:02:00+05:30,24419.1,24419.1,24408.85,24413.5,0
2025-08-07T11:03:00+05:30,24413.25,24413.25,24409.6,24409.85,0
2025-08-07T11:04:00+05:30,24409.6,24409.6,24401.05,24408.55,0
2025-08-07T11:05:00+05:30,24408.1,24408.3,24403.7,24406.15,0
2025-08-07T11:06:00+05:30,24405.95,24405.95,24387.55,24388.55,0
2025-08-07T11:07:00+05:30,24390.1,24408.4,24390.1,24405.7,0
2025-08-07T11:08:00+05:30,24405.75,24408.25,24404.85,24404.85,0
2025-08-07T11:09:00+05:30,24405.85,24411.95,24404.4,24411.95,0
2025-08-07T11:10:00+05:30,24411.45,24416.45,24410.7,24411.45,0
2025-08-07T11:11:00+05:30,24411.2,24416.35,24408.2,24414.15,0
2025-08-07T11:12:00+05:30,24414.5,24415.1,24409.4,24411.5,0
2025-08-07T11:13:00+05:30,24411.95,24413.5,24409.3,24410.0,0
2025-08-07T11:14:00+05:30,24409.9,24413.0,24409.55,24411.6,0
2025-08-07T11:15:00+05:30,24410.95,24415.7,24410.3,24413.25,0
2025-08-07T11:16:00+05:30,24413.7,24421.45,24412.55,24420.6,0
2025-08-07T11:17:00+05:30,24421.75,24425.55,24419.4,24425.25,0
2025-08-07T11:18:00+05:30,24425.05,24428.7,24422.2,24423.65,0
2025-08-07T11:19:00+05:30,24422.15,24424.2,24418.6,24421.55,0
2025-08-07T11:20:00+05:30,24420.95,24423.45,24418.65,24422.35,0
2025-08-07T11:21:00+05:30,24422.55,24423.4,24419.85,24420.65,0
2025-08-07T11:22:00+05:30,24419.5,24428.45,24416.7,24425.7,0
2025-08-07T11:23:00+05:30,24426.0,24428.75,24422.65,24426.15,0
2025-08-07T11:24:00+05:30,24425.75,24430.45,24425.2,24426.85,0
2025-08-07T11:25:00+05:30,24426.9,24432.05,24424.9,24428.15,0
2025-08-07T11:26:00+05:30,24427.6,24433.3,24427.5,24433.3,0
2025-08-07T11:27:00+05:30,24432.95,24433.5,24426.25,24429.9,0
2025-08-07T11:28:00+05:30,24429.3,24429.3,24424.35,24425.1,0
2025-08-07T11:29:00+05:30,24424.75,24427.9,24423.1,24424.15,0
2025-08-07T11:30:00+05:30,24424.45,24424.8,24420.8,24422.05,0
2025-08-07T11:31:00+05:30,24422.3,24429.45,24422.3,24427.6,0
2025-08-07T11:32:00+05:30,24427.3,24427.55,24417.6,24418.4,0
2025-08-07T11:33:00+05:30,24418.8,24419.5,24413.75,24414.4,0
2025-08-07T11:34:00+05:30,24413.75,24422.3,24412.5,24419.85,0
2025-08-07T11:35:00+05:30,24420.2,24428.85,24420.0,24427.8,0
2025-08-07T11:36:00+05:30,24426.95,24427.9,24420.55,24423.3,0
2025-08-07T11:37:00+05:30,24423.95,24428.6,24420.7,24426.5,0
2025-08-07T11:38:00+05:30,24426.05,24427.2,24423.75,24426.85,0
2025-08-07T11:39:00+05:30,24426.8,24441.6,24426.25,24441.6,0
2025-08-07T11:40:00+05:30,24441.25,24448.2,24440.35,24441.35,0
2025-08-07T11:41:00+05:30,24441.65,24442.3,24435.1,24435.8,0
2025-08-07T11:42:00+05:30,24435.6,24436.8,24429.75,24429.85,0
2025-08-07T11:43:00+05:30,24429.9,24431.5,24422.1,24424.6,0
2025-08-07T11:44:00+05:30,24424.2,24426.55,24421.2,24423.7,0
2025-08-07T11:45:00+05:30,24423.85,24428.75,24422.25,24426.05,0
2025-08-07T11:46:00+05:30,24426.2,24429.5,24419.8,24421.9,0
2025-08-07T11:47:00+05:30,24421.1,24426.2,24420.05,24425.8,0
2025-08-07T11:48:00+05:30,24425.35,24429.15,24422.15,24423.6,0
2025-08-07T11:49:00+05:30,24423.7,24424.95,24421.75,24422.2,0
2025-08-07T11:50:00+05:30,24421.9,24423.95,24421.35,24422.05,0
2025-08-07T11:51:00+05:30,24421.8,24424.6,24420.1,24420.1,0
2025-08-07T11:52:00+05:30,24419.35,24421.05,24416.9,24420.25,0
2025-08-07T11:53:00+05:30,24420.0,24425.45,24417.8,24423.6,0
2025-08-07T11:54:00+05:30,24423.15,24428.4,24423.15,24426.65,0
2025-08-07T11:55:00+05:30,24427.1,24430.45,24425.4,24428.6,0
2025-08-07T11:56:00+05:30,24427.75,24430.3,24426.95,24428.6,0
2025-08-07T11:57:00+05:30,24428.9,24430.7,24426.7,24428.95,0
2025-08-07T11:58:00+05:30,24428.25,24432.05,24427.65,24429.2,0
2025-08-07T11:59:00+05:30,24429.5,24430.15,24424.05,24426.45,0
2025-08-07T12:00:00+05:30,24426.8,24429.1,24425.75,24427.15,0
2025-08-07T12:01:00+05:30,24426.7,24427.4,24421.15,24424.0,0
2025-08-07T12:02:00+05:30,24423.6,24433.25,24423.6,24432.55,0
2025-08-07T12:03:00+05:30,24432.35,24436.8,24431.95,24432.6,0
2025-08-07T12:04:00+05:30,24432.15,24434.9,24430.55,24434.3,0
2025-08-07T12:05:00+05:30,24434.35,24437.85,24434.35,24436.75,0
2025-08-07T12:06:00+05:30,24436.5,24438.95,24432.05,24433.2,0
2025-08-07T12:07:00+05:30,24432.9,24434.65,24428.0,24428.8,0
2025-08-07T12:08:00+05:30,24428.55,24430.9,24421.55,24429.35,0
2025-08-07T12:09:00+05:30,24428.35,24430.55,24426.7,24429.25,0
2025-08-07T12:10:00+05:30,24427.75,24434.9,24427.6,24433.4,0
2025-08-07T12:11:00+05:30,24433.5,24435.75,24431.95,24435.75,0
2025-08-07T12:12:00+05:30,24435.7,24449.7,24434.15,24445.95,0
2025-08-07T12:13:00+05:30,24446.9,24447.4,24439.95,24444.55,0
2025-08-07T12:14:00+05:30,24444.0,24445.7,24440.65,24442.3,0
2025-08-07T12:15:00+05:30,24440.2,24449.4,24438.0,24447.25,0
2025-08-07T12:16:00+05:30,24447.5,24449.65,24445.7,24449.3,0
2025-08-07T12:17:00+05:30,24448.7,24452.5,24446.25,24447.25,0
2025-08-07T12:18:00+05:30,24446.85,24447.0,24440.25,24440.7,0
2025-08-07T12:19:00+05:30,24440.45,24445.7,24438.95,24441.35,0
2025-08-07T12:20:00+05:30,24441.3,24443.2,24440.0,24442.2,0
2025-08-07T12:21:00+05:30,24441.7,24443.6,24441.2,24442.35,0
2025-08-07T12:22:00+05:30,24442.8,24442.85,24432.75,24432.75,0
2025-08-07T12:23:00+05:30,24433.2,24436.25,24430.85,24435.85,0
2025-08-07T12:24:00+05:30,24435.5,24436.9,24432.95,24435.35,0
2025-08-07T12:25:00+05:30,24435.6,24435.7,24430.65,24435.0,0
2025-08-07T12:26:00+05:30,24435.45,24435.9,24430.95,24433.55,0
2025-08-07T12:27:00+05:30,24433.85,24435.0,24431.75,24433.55,0
2025-08-07T12:28:00+05:30,24433.75,24435.45,24432.45,24434.0,0
2025-08-07T12:29:00+05:30,24434.85,24440.2,24434.7,24436.8,0
2025-08-07T12:30:00+05:30,24437.9,24441.7,24436.55,24440.45,0
2025-08-07T12:31:00+05:30,24439.95,24442.1,24438.05,24439.8,0
2025-08-07T12:32:00+05:30,24439.1,24440.15,24434.25,24434.95,0
2025-08-07T12:33:00+05:30,24435.15,24435.15,24426.9,24428.45,0
2025-08-07T12:34:00+05:30,24428.55,24433.8,24426.7,24431.95,0
2025-08-07T12:35:00+05:30,24431.25,24437.55,24429.65,24435.1,0
2025-08-07T12:36:00+05:30,24434.1,24446.4,24433.85,24446.4,0
2025-08-07T12:37:00+05:30,24446.05,24446.3,24440.8,24442.3,0
2025-08-07T12:38:00+05:30,24441.85,24445.45,24440.95,24444.4,0
2025-08-07T12:39:00+05:30,24444.1,24446.6,24442.55,24445.25,0
2025-08-07T12:40:00+05:30,24444.85,24447.35,24441.65,24442.5,0
2025-08-07T12:41:00+05:30,24443.6,24445.0,24441.35,24443.7,0
2025-08-07T12:42:00+05:30,24444.35,24444.4,24439.0,24440.8,0
2025-08-07T12:43:00+05:30,24440.4,24440.75,24417.85,24420.25,0
2025-08-07T12:44:00+05:30,24420.55,24435.4,24420.55,24434.9,0
2025-08-07T12:45:00+05:30,24434.95,24439.5,24429.85,24429.85,0
2025-08-07T12:46:00+05:30,24429.3,24433.2,24429.2,24431.35,0
2025-08-07T12:47:00+05:30,24431.6,24434.7,24430.15,24431.95,0
2025-08-07T12:48:00+05:30,24432.0,24434.3,24430.75,24430.85,0
2025-08-07T12:49:00+05:30,24430.7,24431.15,24424.3,24425.2,0
2025-08-07T12:50:00+05:30,24425.15,24433.85,24424.25,24433.2,0
2025-08-07T12:51:00+05:30,24433.25,24433.25,24428.6,24429.5,0
2025-08-07T12:52:00+05:30,24429.3,24430.6,24426.95,24427.85,0
2025-08-07T12:53:00+05:30,24428.0,24428.45,24425.35,24427.95,0
2025-08-07T12:54:00+05:30,24427.3,24432.8,24426.75,24431.85,0
2025-08-07T12:55:00+05:30,24431.7,24432.4,24428.6,24431.2,0
2025-08-07T12:56:00+05:30,24430.3,24431.75,24426.7,24427.7,0
2025-08-07T12:57:00+05:30,24428.2,24434.55,24426.8,24433.45,0
2025-08-07T12:58:00+05:30,24433.15,24437.15,24432.1,24436.8,0
2025-08-07T12:59:00+05:30,24436.45,24438.75,24434.95,24435.5,0
2025-08-07T13:00:00+05:30,24435.8,24436.45,24433.0,24434.65,0
2025-08-07T13:01:00+05:30,24434.75,24435.1,24427.6,24430.3,0
2025-08-07T13:02:00+05:30,24430.45,24436.3,24428.15,24436.3,0
2025-08-07T13:03:00+05:30,24435.65,24436.05,24433.9,24435.05,0
2025-08-07T13:04:00+05:30,24435.25,24435.95,24432.95,24434.85,0
2025-08-07T13:05:00+05:30,24435.4,24435.4,24426.95,24427.5,0
2025-08-07T13:06:00+05:30,24427.75,24427.75,24417.55,24420.95,0
2025-08-07T13:07:00+05:30,24421.05,24421.25,24413.45,24413.85,0
2025-08-07T13:08:00+05:30,24414.0,24414.85,24410.5,24411.75,0
2025-08-07T13:09:00+05:30,24412.0,24412.35,24408.95,24411.85,0
2025-08-07T13:10:00+05:30,24411.5,24413.7,24408.75,24410.5,0
2025-08-07T13:11:00+05:30,24408.6,24409.05,24400.4,24403.3,0
2025-08-07T13:12:00+05:30,24403.35,24407.15,24398.7,24405.7,0
2025-08-07T13:13:00+05:30,24405.35,24407.15,24400.0,24402.7,0
2025-08-07T13:14:00+05:30,24402.1,24405.1,24400.6,24403.15,0
2025-08-07T13:15:00+05:30,24402.95,24404.5,24401.9,24403.0,0
2025-08-07T13:16:00+05:30,24403.5,24403.75,24396.45,24397.4,0
2025-08-07T13:17:00+05:30,24396.6,24397.1,24385.15,24389.8,0
2025-08-07T13:18:00+05:30,24389.9,24390.9,24384.45,24387.9,0
2025-08-07T13:19:00+05:30,24387.05,24405.6,24381.7,24404.45,0
2025-08-07T13:20:00+05:30,24404.65,24404.65,24391.25,24391.25,0
2025-08-07T13:21:00+05:30,24391.5,24393.15,24384.7,24384.7,0
2025-08-07T13:22:00+05:30,24385.35,24386.85,24379.5,24379.6,0
2025-08-07T13:23:00+05:30,24379.3,24379.3,24369.4,24370.8,0
2025-08-07T13:24:00+05:30,24370.6,24371.35,24359.15,24362.35,0
2025-08-07T13:25:00+05:30,24362.25,24367.1,24356.65,24365.45,0
2025-08-07T13:26:00+05:30,24365.1,24370.75,24365.05,24367.15,0
2025-08-07T13:27:00+05:30,24366.8,24366.8,24361.3,24364.85,0
2025-08-07T13:28:00+05:30,24365.05,24365.2,24356.1,24359.85,0
2025-08-07T13:29:00+05:30,24358.8,24360.85,24355.7,24358.0,0
2025-08-07T13:30:00+05:30,24357.85,24359.25,24354.35,24358.25,0
2025-08-07T13:31:00+05:30,24358.75,24365.85,24357.85,24365.3,0
2025-08-07T13:32:00+05:30,24365.9,24366.35,24358.95,24359.4,0
2025-08-07T13:33:00+05:30,24359.5,24359.6,24345.85,24351.75,0
2025-08-07T13:34:00+05:30,24351.8,24359.6,24344.15,24356.85,0
2025-08-07T13:35:00+05:30,24355.55,24356.8,24347.55,24353.15,0
2025-08-07T13:36:00+05:30,24352.5,24355.15,24350.3,24351.55,0
2025-08-07T13:37:00+05:30,24351.05,24352.25,24347.7,24347.9,0
2025-08-07T13:38:00+05:30,24347.8,24348.75,24346.35,24347.3,0
2025-08-07T13:39:00+05:30,24346.7,24359.4,24345.2,24358.35,0
2025-08-07T13:40:00+05:30,24358.5,24358.5,24354.15,24356.9,0
2025-08-07T13:41:00+05:30,24356.65,24365.35,24355.75,24360.4,0
2025-08-07T13:42:00+05:30,24361.65,24363.05,24358.85,24362.3,0
2025-08-07T13:43:00+05:30,24362.2,24364.1,24359.7,24360.8,0
2025-08-07T13:44:00+05:30,24361.2,24394.8,24360.7,24385.4,0
2025-08-07T13:45:00+05:30,24386.15,24395.5,24382.65,24390.05,0
2025-08-07T13:46:00+05:30,24389.85,24393.4,24377.65,24377.65,0
2025-08-07T13:47:00+05:30,24376.75,24381.95,24374.8,24376.3,0
2025-08-07T13:48:00+05:30,24376.4,24377.0,24370.05,24373.65,0
2025-08-07T13:49:00+05:30,24373.5,24379.25,24372.85,24377.05,0
2025-08-07T13:50:00+05:30,24377.65,24379.3,24373.5,24378.4,0
2025-08-07T13:51:00+05:30,24378.25,24378.3,24371.35,24372.9,0
2025-08-07T13:52:00+05:30,24372.85,24385.2,24372.35,24382.85,0
2025-08-07T13:53:00+05:30,24381.95,24384.15,24375.3,24380.15,0
2025-08-07T13:54:00+05:30,24379.85,24383.7,24377.3,24383.45,0
2025-08-07T13:55:00+05:30,24382.6,24385.05,24379.75,24383.0,0
2025-08-07T13:56:00+05:30,24382.75,24383.8,24379.35,24382.7,0
2025-08-07T13:57:00+05:30,24382.4,24390.7,24381.5,24389.45,0
2025-08-07T13:58:00+05:30,24389.5,24393.75,24384.75,24386.75,0
2025-08-07T13:59:00+05:30,24387.15,24388.25,24385.0,24388.25,0
2025-08-07T14:00:00+05:30,24388.4,24394.45,24388.4,24392.4,0
2025-08-07T14:01:00+05:30,24391.7,24397.35,24390.1,24394.6,0
2025-08-07T14:02:00+05:30,24394.55,24402.4,24391.1,24401.0,0
2025-08-07T14:03:00+05:30,24400.65,24402.15,24390.85,24399.6,0
2025-08-07T14:04:00+05:30,24399.45,24404.9,24395.45,24404.9,0
2025-08-07T14:05:00+05:30,24404.95,24417.45,24404.3,24416.8,0
2025-08-07T14:06:00+05:30,24416.95,24422.85,24413.0,24413.0,0
2025-08-07T14:07:00+05:30,24412.3,24418.3,24406.25,24415.8,0
2025-08-07T14:08:00+05:30,24415.1,24422.45,24413.25,24416.65,0
2025-08-07T14:09:00+05:30,24416.8,24417.5,24412.45,24413.7,0
2025-08-07T14:10:00+05:30,24413.4,24419.45,24413.4,24417.4,0
2025-08-07T14:11:00+05:30,24417.5,24424.4,24413.8,24422.55,0
2025-08-07T14:12:00+05:30,24421.55,24442.75,24421.5,24433.15,0
2025-08-07T14:13:00+05:30,24433.2,24436.1,24417.95,24418.9,0
2025-08-07T14:14:00+05:30,24419.05,24430.2,24417.95,24427.6,0
2025-08-07T14:15:00+05:30,24427.35,24436.2,24426.6,24433.1,0
2025-08-07T14:16:00+05:30,24432.85,24444.25,24432.85,24441.2,0
2025-08-07T14:17:00+05:30,24441.6,24453.45,24440.2,24449.4,0
2025-08-07T14:18:00+05:30,24448.5,24467.05,24448.5,24464.6,0
2025-08-07T14:19:00+05:30,24464.45,24468.6,24464.05,24467.3,0
2025-08-07T14:20:00+05:30,24466.7,24487.2,24466.5,24478.75,0
2025-08-07T14:21:00+05:30,24477.5,24484.25,24476.5,24481.1,0
2025-08-07T14:22:00+05:30,24480.6,24513.7,24480.6,24490.65,0
2025-08-07T14:23:00+05:30,24490.2,24495.15,24480.95,24485.0,0
2025-08-07T14:24:00+05:30,24485.6,24485.6,24452.45,24453.95,0
2025-08-07T14:25:00+05:30,24453.55,24463.75,24450.1,24455.0,0
2025-08-07T14:26:00+05:30,24454.55,24456.95,24449.5,24454.75,0
2025-08-07T14:27:00+05:30,24453.85,24456.25,24448.1,24451.0,0
2025-08-07T14:28:00+05:30,24448.25,24450.65,24436.95,24447.55,0
2025-08-07T14:29:00+05:30,24447.25,24469.65,24445.65,24469.65,0
2025-08-07T14:30:00+05:30,24469.35,24478.6,24467.8,24471.6,0
2025-08-07T14:31:00+05:30,24469.65,24476.95,24465.7,24476.15,0
2025-08-07T14:32:00+05:30,24476.05,24477.8,24468.45,24469.55,0
2025-08-07T14:33:00+05:30,24469.3,24476.8,24467.05,24476.3,0
2025-08-07T14:34:00+05:30,24476.2,24481.45,24470.45,24478.5,0
2025-08-07T14:35:00+05:30,24478.6,24483.5,24469.95,24470.15,0
2025-08-07T14:36:00+05:30,24469.8,24503.5,24469.45,24487.4,0
2025-08-07T14:37:00+05:30,24487.2,24493.55,24486.2,24491.5,0
2025-08-07T14:38:00+05:30,24491.3,24507.65,24484.25,24499.9,0
2025-08-07T14:39:00+05:30,24499.0,24506.1,24488.8,24494.1,0
2025-08-07T14:40:00+05:30,24493.75,24497.2,24479.7,24482.9,0
2025-08-07T14:41:00+05:30,24483.25,24491.6,24479.1,24491.6,0
2025-08-07T14:42:00+05:30,24491.8,24497.55,24489.55,24495.85,0
2025-08-07T14:43:00+05:30,24495.25,24509.8,24494.3,24509.75,0
2025-08-07T14:44:00+05:30,24511.05,24521.65,24508.4,24515.05,0
2025-08-07T14:45:00+05:30,24514.9,24519.8,24504.75,24508.9,0
2025-08-07T14:46:00+05:30,24508.75,24510.95,24504.25,24509.55,0
2025-08-07T14:47:00+05:30,24508.55,24515.25,24506.9,24511.4,0
2025-08-07T14:48:00+05:30,24511.2,24512.7,24504.65,24509.05,0
2025-08-07T14:49:00+05:30,24508.95,24520.15,24507.3,24518.95,0
2025-08-07T14:50:00+05:30,24519.2,24540.45,24519.2,24535.1,0
2025-08-07T14:51:00+05:30,24532.3,24539.15,24531.35,24533.15,0
2025-08-07T14:52:00+05:30,24532.1,24541.35,24531.7,24539.2,0
2025-08-07T14:53:00+05:30,24538.55,24542.6,24530.55,24532.0,0
2025-08-07T14:54:00+05:30,24531.85,24536.95,24530.0,24534.2,0
2025-08-07T14:55:00+05:30,24534.35,24540.2,24517.4,24518.65,0
2025-08-07T14:56:00+05:30,24519.35,24533.85,24518.65,24533.25,0
2025-08-07T14:57:00+05:30,24533.8,24535.45,24528.25,24530.1,0
2025-08-07T14:58:00+05:30,24529.4,24529.8,24521.85,24526.15,0
2025-08-07T14:59:00+05:30,24524.35,24537.85,24524.0,24537.1,0
2025-08-07T15:00:00+05:30,24537.15,24550.35,24537.15,24546.9,0
2025-08-07T15:01:00+05:30,24545.8,24557.4,24545.8,24553.05,0
2025-08-07T15:02:00+05:30,24553.0,24560.35,24550.5,24558.75,0
2025-08-07T15:03:00+05:30,24558.3,24561.55,24554.25,24560.4,0
2025-08-07T15:04:00+05:30,24560.45,24569.0,24559.15,24568.2,0
2025-08-07T15:05:00+05:30,24568.25,24588.25,24566.75,24587.3,0
2025-08-07T15:06:00+05:30,24586.3,24594.4,24586.3,24593.65,0
2025-08-07T15:07:00+05:30,24593.9,24597.5,24591.35,24591.95,0
2025-08-07T15:08:00+05:30,24591.2,24592.0,24572.6,24577.2,0
2025-08-07T15:09:00+05:30,24578.6,24584.4,24575.65,24584.4,0
2025-08-07T15:10:00+05:30,24581.7,24586.05,24578.5,24583.95,0
2025-08-07T15:11:00+05:30,24583.45,24594.45,24582.5,24593.4,0
2025-08-07T15:12:00+05:30,24591.95,24597.6,24591.65,24595.55,0
2025-08-07T15:13:00+05:30,24595.45,24601.9,24593.1,24600.8,0
2025-08-07T15:14:00+05:30,24601.2,24601.2,24590.9,24592.0,0
2025-08-07T15:15:00+05:30,24592.25,24606.45,24590.05,24604.95,0
2025-08-07T15:16:00+05:30,24604.45,24606.8,24596.3,24601.45,0
2025-08-07T15:17:00+05:30,24601.2,24610.9,24599.45,24607.2,0
2025-08-07T15:18:00+05:30,24608.0,24611.05,24605.5,24607.5,0
2025-08-07T15:19:00+05:30,24607.45,24607.95,24601.65,24604.7,0
2025-08-07T15:20:00+05:30,24604.2,24605.85,24601.15,24602.75,0
2025-08-07T15:21:00+05:30,24604.7,24612.9,24603.55,24612.15,0
2025-08-07T15:22:00+05:30,24612.1,24624.15,24609.95,24622.1,0
2025-08-07T15:23:00+05:30,24621.95,24625.65,24621.5,24624.7,0
2025-08-07T15:24:00+05:30,24624.4,24630.55,24621.55,24629.25,0
2025-08-07T15:25:00+05:30,24627.35,24633.0,24624.95,24630.9,0
2025-08-07T15:26:00+05:30,24631.5,24634.2,24628.5,24628.95,0
2025-08-07T15:27:00+05:30,24629.3,24631.35,24622.65,24626.7,0
2025-08-07T15:28:00+05:30,24629.35,24630.4,24622.75,24625.2,0
2025-08-07T15:29:00+05:30,24626.1,24631.65,24620.0,24626.65,0
2025-08-08T09:15:00+05:30,24544.25,24578.15,24541.3,24558.75,0
2025-08-08T09:16:00+05:30,24559.55,24560.85,24546.35,24555.95,0
2025-08-08T09:17:00+05:30,24555.9,24569.3,24552.35,24567.65,0
2025-08-08T09:18:00+05:30,24569.25,24585.5,24563.4,24585.3,0
2025-08-08T09:19:00+05:30,24582.9,24583.7,24573.35,24573.35,0
2025-08-08T09:20:00+05:30,24573.0,24581.95,24568.5,24574.45,0
2025-08-08T09:21:00+05:30,24576.4,24577.1,24564.35,24566.4,0
2025-08-08T09:22:00+05:30,24566.85,24569.35,24557.45,24565.4,0
2025-08-08T09:23:00+05:30,24564.25,24567.8,24559.35,24561.6,0
2025-08-08T09:24:00+05:30,24561.4,24564.5,24557.85,24561.0,0
2025-08-08T09:25:00+05:30,24560.4,24562.35,24553.65,24557.7,0
2025-08-08T09:26:00+05:30,24557.75,24560.4,24551.6,24553.95,0
2025-08-08T09:27:00+05:30,24554.2,24554.35,24543.4,24545.7,0
2025-08-08T09:28:00+05:30,24545.8,24545.8,24525.35,24525.75,0
2025-08-08T09:29:00+05:30,24525.8,24527.1,24514.35,24515.5,0
2025-08-08T09:30:00+05:30,24514.95,24523.15,24511.85,24515.2,0
2025-08-08T09:31:00+05:30,24515.5,24518.5,24503.3,24517.95,0
2025-08-08T09:32:00+05:30,24517.75,24518.2,24510.7,24514.9,0
2025-08-08T09:33:00+05:30,24515.1,24516.45,24510.45,24510.85,0
2025-08-08T09:34:00+05:30,24510.8,24515.15,24509.2,24509.25,0
2025-08-08T09:35:00+05:30,24509.2,24511.35,24501.9,24502.8,0
2025-08-08T09:36:00+05:30,24503.05,24516.45,24501.7,24516.45,0
2025-08-08T09:37:00+05:30,24516.55,24521.0,24516.0,24520.35,0
2025-08-08T09:38:00+05:30,24521.1,24532.95,24517.3,24517.65,0
2025-08-08T09:39:00+05:30,24517.75,24519.25,24512.3,24517.0,0
2025-08-08T09:40:00+05:30,24517.55,24517.55,24508.85,24512.15,0
2025-08-08T09:41:00+05:30,24511.8,24514.0,24504.1,24505.2,0
2025-08-08T09:42:00+05:30,24505.25,24505.25,24496.4,24496.4,0
2025-08-08T09:43:00+05:30,24497.8,24503.45,24495.95,24502.15,0
2025-08-08T09:44:00+05:30,24502.55,24502.95,24498.05,24499.75,0
2025-08-08T09:45:00+05:30,24500.0,24500.1,24490.6,24496.55,0
2025-08-08T09:46:00+05:30,24495.95,24506.6,24495.95,24497.15,0
2025-08-08T09:47:00+05:30,24497.45,24497.9,24489.15,24489.55,0
2025-08-08T09:48:00+05:30,24490.25,24495.1,24489.55,24489.85,0
2025-08-08T09:49:00+05:30,24490.15,24492.2,24483.9,24484.7,0
2025-08-08T09:50:00+05:30,24484.05,24488.05,24481.15,24481.5,0
2025-08-08T09:51:00+05:30,24482.0,24484.85,24479.7,24484.65,0
2025-08-08T09:52:00+05:30,24485.0,24488.6,24478.15,24487.6,0
2025-08-08T09:53:00+05:30,24487.75,24489.5,24480.35,24480.35,0
2025-08-08T09:54:00+05:30,24481.15,24487.65,24476.8,24487.65,0
2025-08-08T09:55:00+05:30,24487.8,24496.8,24487.8,24494.5,0
2025-08-08T09:56:00+05:30,24494.1,24494.1,24479.5,24482.2,0
2025-08-08T09:57:00+05:30,24482.95,24488.95,24480.95,24483.2,0
2025-08-08T09:58:00+05:30,24482.65,24485.2,24478.85,24484.85,0
2025-08-08T09:59:00+05:30,24484.4,24484.4,24476.2,24477.2,0
2025-08-08T10:00:00+05:30,24477.15,24480.9,24469.05,24469.3,0
2025-08-08T10:01:00+05:30,24470.35,24471.15,24462.55,24467.3,0
2025-08-08T10:02:00+05:30,24467.7,24467.75,24459.55,24461.5,0
2025-08-08T10:03:00+05:30,24462.1,24462.7,24456.1,24458.4,0
2025-08-08T10:04:00+05:30,24458.05,24458.4,24451.45,24452.55,0
2025-08-08T10:05:00+05:30,24452.6,24452.85,24447.6,24448.35,0
2025-08-08T10:06:00+05:30,24448.55,24449.3,24444.35,24446.15,0
2025-08-08T10:07:00+05:30,24445.85,24446.3,24437.55,24444.85,0
2025-08-08T10:08:00+05:30,24443.6,24454.75,24442.4,24454.75,0
2025-08-08T10:09:00+05:30,24455.05,24455.05,24449.5,24451.2,0
2025-08-08T10:10:00+05:30,24451.35,24459.05,24451.1,24457.15,0
2025-08-08T10:11:00+05:30,24456.55,24458.85,24455.1,24456.25,0
2025-08-08T10:12:00+05:30,24456.05,24456.5,24446.45,24450.25,0
2025-08-08T10:13:00+05:30,24450.5,24454.6,24448.55,24450.0,0
2025-08-08T10:14:00+05:30,24450.6,24452.9,24448.6,24449.3,0
2025-08-08T10:15:00+05:30,24448.35,24453.1,24447.2,24447.35,0
2025-08-08T10:16:00+05:30,24447.0,24450.1,24443.2,24449.3,0
2025-08-08T10:17:00+05:30,24448.75,24452.7,24448.7,24452.6,0
2025-08-08T10:18:00+05:30,24452.35,24464.15,24452.35,24460.0,0
2025-08-08T10:19:00+05:30,24460.25,24460.35,24456.25,24457.4,0
2025-08-08T10:20:00+05:30,24457.15,24458.2,24448.15,24449.7,0
2025-08-08T10:21:00+05:30,24448.8,24451.2,24443.15,24450.05,0
2025-08-08T10:22:00+05:30,24450.0,24450.7,24446.45,24449.5,0
2025-08-08T10:23:00+05:30,24451.35,24463.75,24449.75,24462.6,0
2025-08-08T10:24:00+05:30,24462.75,24468.25,24460.75,24467.4,0
2025-08-08T10:25:00+05:30,24466.5,24470.85,24461.7,24468.6,0
2025-08-08T10:26:00+05:30,24468.85,24480.75,24468.6,24480.75,0
2025-08-08T10:27:00+05:30,24480.65,24481.25,24470.05,24470.5,0
2025-08-08T10:28:00+05:30,24470.05,24472.4,24466.3,24466.4,0
2025-08-08T10:29:00+05:30,24466.1,24470.0,24464.5,24467.6,0
2025-08-08T10:30:00+05:30,24468.6,24468.6,24460.95,24461.7,0
2025-08-08T10:31:00+05:30,24461.95,24462.15,24449.2,24449.7,0
2025-08-08T10:32:00+05:30,24449.85,24451.0,24435.45,24439.75,0
2025-08-08T10:33:00+05:30,24440.8,24451.45,24440.8,24451.0,0
2025-08-08T10:34:00+05:30,24450.6,24450.65,24442.3,24444.3,0
2025-08-08T10:35:00+05:30,24443.35,24444.7,24438.5,24441.25,0
2025-08-08T10:36:00+05:30,24440.7,24442.05,24438.5,24439.9,0
2025-08-08T10:37:00+05:30,24439.5,24443.05,24439.05,24440.5,0
2025-08-08T10:38:00+05:30,24440.1,24440.6,24437.05,24437.5,0
2025-08-08T10:39:00+05:30,24437.85,24438.35,24434.5,24435.25,0
2025-08-08T10:40:00+05:30,24435.15,24438.65,24432.7,24437.3,0
2025-08-08T10:41:00+05:30,24436.55,24447.35,24436.35,24447.35,0
2025-08-08T10:42:00+05:30,24447.7,24450.95,24443.95,24443.95,0
2025-08-08T10:43:00+05:30,24444.0,24448.15,24438.2,24439.0,0
2025-08-08T10:44:00+05:30,24439.5,24440.95,24437.2,24437.6,0
2025-08-08T10:45:00+05:30,24437.75,24439.65,24435.2,24435.6,0
2025-08-08T10:46:00+05:30,24435.2,24440.7,24434.2,24435.5,0
2025-08-08T10:47:00+05:30,24435.8,24436.55,24427.15,24430.05,0
2025-08-08T10:48:00+05:30,24430.25,24430.3,24423.45,24427.55,0
2025-08-08T10:49:00+05:30,24427.4,24429.7,24425.85,24426.75,0
2025-08-08T10:50:00+05:30,24427.35,24429.2,24425.45,24425.8,0
2025-08-08T10:51:00+05:30,24425.5,24428.2,24421.3,24421.35,0
2025-08-08T10:52:00+05:30,24422.05,24427.85,24419.25,24426.75,0
2025-08-08T10:53:00+05:30,24427.4,24435.85,24425.95,24435.35,0
2025-08-08T10:54:00+05:30,24435.05,24439.5,24433.0,24437.15,0
2025-08-08T10:55:00+05:30,24437.05,24439.55,24436.1,24438.05,0
2025-08-08T10:56:00+05:30,24438.25,24439.7,24432.55,24432.65,0
2025-08-08T10:57:00+05:30,24432.9,24432.9,24424.8,24425.05,0
2025-08-08T10:58:00+05:30,24425.55,24429.9,24425.25,24426.5,0
2025-08-08T10:59:00+05:30,24426.55,24426.9,24408.3,24422.7,0
2025-08-08T11:00:00+05:30,24422.85,24426.25,24418.85,24424.4,0
2025-08-08T11:01:00+05:30,24424.65,24424.65,24420.9,24422.0,0
2025-08-08T11:02:00+05:30,24421.3,24429.25,24418.8,24423.15,0
2025-08-08T11:03:00+05:30,24424.05,24428.3,24420.1,24427.75,0
2025-08-08T11:04:00+05:30,24427.9,24434.2,24426.9,24427.2,0
2025-08-08T11:05:00+05:30,24427.6,24427.85,24422.4,24423.55,0
2025-08-08T11:06:00+05:30,24423.5,24425.5,24422.7,24424.15,0
2025-08-08T11:07:00+05:30,24424.75,24429.85,24423.5,24429.4,0
2025-08-08T11:08:00+05:30,24429.3,24433.85,24429.05,24430.55,0
2025-08-08T11:09:00+05:30,24430.7,24435.35,24429.4,24431.9,0
2025-08-08T11:10:00+05:30,24430.95,24432.3,24428.15,24428.4,0
2025-08-08T11:11:00+05:30,24428.8,24436.95,24428.45,24435.65,0
2025-08-08T11:12:00+05:30,24436.05,24437.45,24433.4,24436.55,0
2025-08-08T11:13:00+05:30,24436.8,24446.2,24435.5,24445.2,0
2025-08-08T11:14:00+05:30,24445.15,24445.7,24439.5,24441.05,0
2025-08-08T11:15:00+05:30,24441.8,24444.85,24438.35,24442.2,0
2025-08-08T11:16:00+05:30,24443.05,24446.2,24440.55,24442.4,0
2025-08-08T11:17:00+05:30,24442.05,24446.05,24442.05,24443.8,0
2025-08-08T11:18:00+05:30,24445.55,24452.75,24442.7,24452.1,0
2025-08-08T11:19:00+05:30,24452.55,24452.55,24449.55,24450.25,0
2025-08-08T11:20:00+05:30,24450.4,24452.75,24447.6,24449.35,0
2025-08-08T11:21:00+05:30,24449.75,24451.05,24448.05,24448.9,0
2025-08-08T11:22:00+05:30,24449.25,24449.45,24443.7,24444.8,0
2025-08-08T11:23:00+05:30,24443.1,24443.55,24431.2,24432.85,0
2025-08-08T11:24:00+05:30,24432.75,24435.95,24430.3,24433.45,0
2025-08-08T11:25:00+05:30,24433.55,24434.25,24431.05,24431.5,0
2025-08-08T11:26:00+05:30,24431.95,24438.75,24430.75,24438.55,0
2025-08-08T11:27:00+05:30,24438.65,24439.85,24434.0,24434.0,0
2025-08-08T11:28:00+05:30,24434.45,24435.2,24432.25,24433.55,0
2025-08-08T11:29:00+05:30,24433.75,24434.95,24432.55,24432.8,0
2025-08-08T11:30:00+05:30,24432.45,24434.8,24427.45,24429.35,0
2025-08-08T11:31:00+05:30,24430.2,24437.05,24430.2,24434.1,0
2025-08-08T11:32:00+05:30,24435.0,24435.0,24430.8,24433.2,0
2025-08-08T11:33:00+05:30,24432.95,24442.45,24429.5,24440.65,0
2025-08-08T11:34:00+05:30,24440.95,24442.0,24437.4,24440.6,0
2025-08-08T11:35:00+05:30,24441.6,24445.95,24439.6,24442.15,0
2025-08-08T11:36:00+05:30,24441.8,24443.25,24439.15,24442.95,0
2025-08-08T11:37:00+05:30,24442.65,24444.45,24439.0,24439.0,0
2025-08-08T11:38:00+05:30,24439.5,24439.9,24428.15,24429.1,0
2025-08-08T11:39:00+05:30,24428.5,24429.55,24427.1,24428.2,0
2025-08-08T11:40:00+05:30,24428.05,24428.95,24423.15,24423.65,0
2025-08-08T11:41:00+05:30,24423.85,24427.8,24422.3,24426.5,0
2025-08-08T11:42:00+05:30,24426.8,24427.45,24422.8,24424.25,0
2025-08-08T11:43:00+05:30,24424.15,24434.1,24423.6,24431.4,0
2025-08-08T11:44:00+05:30,24431.35,24432.65,24427.55,24431.8,0
2025-08-08T11:45:00+05:30,24432.15,24435.7,24427.95,24434.6,0
2025-08-08T11:46:00+05:30,24434.7,24441.7,24433.85,24439.75,0
2025-08-08T11:47:00+05:30,24440.2,24440.25,24433.15,24434.15,0
2025-08-08T11:48:00+05:30,24433.75,24436.55,24432.35,24433.35,0
2025-08-08T11:49:00+05:30,24433.5,24435.0,24429.2,24434.05,0
2025-08-08T11:50:00+05:30,24433.95,24440.0,24430.85,24437.95,0
2025-08-08T11:51:00+05:30,24438.55,24443.7,24437.3,24440.5,0
2025-08-08T11:52:00+05:30,24441.25,24444.65,24440.1,24443.75,0
2025-08-08T11:53:00+05:30,24444.35,24445.55,24441.95,24442.85,0
2025-08-08T11:54:00+05:30,24442.6,24446.45,24440.65,24442.55,0
2025-08-08T11:55:00+05:30,24442.8,24445.4,24441.15,24444.35,0
2025-08-08T11:56:00+05:30,24444.55,24445.4,24441.35,24443.3,0
2025-08-08T11:57:00+05:30,24443.2,24444.2,24436.8,24437.0,0
2025-08-08T11:58:00+05:30,24438.3,24438.3,24416.3,24428.25,0
2025-08-08T11:59:00+05:30,24428.9,24435.4,24427.7,24433.85,0
2025-08-08T12:00:00+05:30,24434.0,24435.85,24427.2,24428.0,0
2025-08-08T12:01:00+05:30,24427.7,24428.4,24423.95,24424.55,0
2025-08-08T12:02:00+05:30,24424.35,24425.1,24407.7,24408.5,0
2025-08-08T12:03:00+05:30,24409.3,24410.1,24405.5,24408.1,0
2025-08-08T12:04:00+05:30,24408.7,24408.7,24403.2,24404.4,0
2025-08-08T12:05:00+05:30,24405.1,24406.15,24402.25,24405.55,0
2025-08-08T12:06:00+05:30,24405.9,24415.8,24405.7,24413.25,0
2025-08-08T12:07:00+05:30,24413.55,24417.5,24412.95,24415.15,0
2025-08-08T12:08:00+05:30,24414.95,24417.35,24413.5,24417.3,0
2025-08-08T12:09:00+05:30,24417.7,24417.7,24414.5,24415.45,0
2025-08-08T12:10:00+05:30,24415.2,24415.2,24407.1,24413.6,0
2025-08-08T12:11:00+05:30,24413.7,24418.7,24413.7,24418.2,0
2025-08-08T12:12:00+05:30,24418.8,24422.8,24416.7,24421.55,0
2025-08-08T12:13:00+05:30,24421.3,24421.45,24416.95,24419.3,0
2025-08-08T12:14:00+05:30,24420.45,24423.55,24418.75,24423.05,0
2025-08-08T12:15:00+05:30,24422.6,24424.0,24419.3,24420.6,0
2025-08-08T12:16:00+05:30,24419.85,24420.4,24415.2,24416.2,0
2025-08-08T12:17:00+05:30,24416.15,24418.3,24411.8,24416.45,0
2025-08-08T12:18:00+05:30,24415.7,24417.45,24414.05,24415.4,0
2025-08-08T12:19:00+05:30,24416.8,24421.05,24415.95,24419.4,0
2025-08-08T12:20:00+05:30,24419.35,24419.65,24415.2,24415.75,0
2025-08-08T12:21:00+05:30,24415.95,24416.4,24411.6,24412.65,0
2025-08-08T12:22:00+05:30,24412.5,24417.2,24412.25,24414.45,0
2025-08-08T12:23:00+05:30,24414.75,24418.9,24413.9,24418.2,0
2025-08-08T12:24:00+05:30,24418.15,24424.0,24417.4,24422.35,0
2025-08-08T12:25:00+05:30,24422.3,24422.95,24415.9,24418.9,0
2025-08-08T12:26:00+05:30,24419.4,24424.95,24418.05,24424.2,0
2025-08-08T12:27:00+05:30,24424.1,24434.1,24423.2,24434.1,0
2025-08-08T12:28:00+05:30,24433.2,24434.25,24426.3,24427.7,0
2025-08-08T12:29:00+05:30,24427.75,24436.3,24427.15,24436.3,0
2025-08-08T12:30:00+05:30,24435.95,24438.85,24434.2,24438.75,0
2025-08-08T12:31:00+05:30,24437.95,24441.9,24436.5,24441.25,0
2025-08-08T12:32:00+05:30,24441.15,24441.15,24435.4,24437.75,0
2025-08-08T12:33:00+05:30,24437.25,24437.4,24430.3,24432.25,0
2025-08-08T12:34:00+05:30,24432.95,24435.8,24430.95,24435.8,0
2025-08-08T12:35:00+05:30,24435.25,24439.3,24433.75,24436.2,0
2025-08-08T12:36:00+05:30,24435.65,24438.2,24430.7,24432.3,0
2025-08-08T12:37:00+05:30,24431.8,24437.4,24430.5,24431.8,0
2025-08-08T12:38:00+05:30,24431.9,24434.2,24425.35,24427.15,0
2025-08-08T12:39:00+05:30,24427.0,24430.05,24424.35,24429.3,0
2025-08-08T12:40:00+05:30,24428.75,24432.85,24426.35,24431.65,0
2025-08-08T12:41:00+05:30,24431.35,24435.9,24431.1,24435.9,0
2025-08-08T12:42:00+05:30,24435.8,24435.95,24431.8,24434.2,0
2025-08-08T12:43:00+05:30,24434.05,24440.5,24432.75,24438.5,0
2025-08-08T12:44:00+05:30,24438.45,24440.35,24434.9,24436.75,0
2025-08-08T12:45:00+05:30,24436.6,24437.45,24434.05,24436.8,0
2025-08-08T12:46:00+05:30,24436.55,24441.75,24434.65,24441.75,0
2025-08-08T12:47:00+05:30,24441.85,24444.45,24438.9,24441.1,0
2025-08-08T12:48:00+05:30,24441.05,24448.35,24439.95,24447.0,0
2025-08-08T12:49:00+05:30,24447.6,24448.35,24443.85,24448.3,0
2025-08-08T12:50:00+05:30,24451.05,24463.4,24448.55,24463.4,0
2025-08-08T12:51:00+05:30,24463.6,24464.7,24455.3,24457.2,0
2025-08-08T12:52:00+05:30,24456.6,24456.75,24452.15,24455.95,0
2025-08-08T12:53:00+05:30,24456.6,24461.1,24455.05,24459.85,0
2025-08-08T12:54:00+05:30,24459.15,24469.8,24458.6,24469.8,0
2025-08-08T12:55:00+05:30,24471.55,24481.35,24468.9,24478.4,0
2025-08-08T12:56:00+05:30,24478.25,24479.75,24473.85,24475.45,0
2025-08-08T12:57:00+05:30,24474.65,24476.35,24469.35,24470.75,0
2025-08-08T12:58:00+05:30,24470.6,24471.05,24461.25,24465.6,0
2025-08-08T12:59:00+05:30,24465.25,24465.25,24456.65,24459.85,0
2025-08-08T13:00:00+05:30,24459.3,24464.4,24455.95,24456.1,0
2025-08-08T13:01:00+05:30,24455.9,24455.9,24446.7,24448.15,0
2025-08-08T13:02:00+05:30,24447.85,24447.85,24439.1,24443.35,0
2025-08-08T13:03:00+05:30,24442.85,24445.3,24441.15,24443.75,0
2025-08-08T13:04:00+05:30,24443.3,24450.8,24440.75,24446.7,0
2025-08-08T13:05:00+05:30,24446.2,24450.4,24444.25,24450.2,0
2025-08-08T13:06:00+05:30,24449.45,24454.85,24447.85,24452.6,0
2025-08-08T13:07:00+05:30,24452.3,24452.35,24436.1,24439.3,0
2025-08-08T13:08:00+05:30,24439.5,24439.5,24419.55,24437.0,0
2025-08-08T13:09:00+05:30,24436.95,24439.05,24434.2,24437.0,0
2025-08-08T13:10:00+05:30,24436.6,24436.6,24427.1,24429.85,0
2025-08-08T13:11:00+05:30,24430.55,24435.3,24429.8,24431.2,0
2025-08-08T13:12:00+05:30,24432.2,24438.0,24428.45,24437.35,0
2025-08-08T13:13:00+05:30,24436.5,24436.5,24430.8,24434.15,0
2025-08-08T13:14:00+05:30,24433.35,24436.6,24431.85,24435.95,0
2025-08-08T13:15:00+05:30,24435.9,24442.6,24434.15,24442.6,0
2025-08-08T13:16:00+05:30,24442.1,24451.95,24441.75,24451.95,0
2025-08-08T13:17:00+05:30,24451.0,24453.1,24442.25,24444.45,0
2025-08-08T13:18:00+05:30,24444.05,24445.25,24437.9,24439.7,0
2025-08-08T13:19:00+05:30,24439.1,24443.6,24437.8,24439.15,0
2025-08-08T13:20:00+05:30,24438.6,24445.35,24436.2,24443.8,0
2025-08-08T13:21:00+05:30,24443.25,24445.0,24440.75,24444.45,0
2025-08-08T13:22:00+05:30,24444.05,24444.05,24438.05,24439.4,0
2025-08-08T13:23:00+05:30,24438.5,24440.8,24436.15,24438.95,0
2025-08-08T13:24:00+05:30,24438.5,24440.7,24437.25,24440.2,0
2025-08-08T13:25:00+05:30,24439.2,24440.35,24432.95,24433.0,0
2025-08-08T13:26:00+05:30,24432.0,24433.6,24429.3,24431.8,0
2025-08-08T13:27:00+05:30,24431.3,24431.6,24426.65,24430.05,0
2025-08-08T13:28:00+05:30,24429.7,24429.7,24417.85,24423.15,0
2025-08-08T13:29:00+05:30,24422.45,24426.7,24421.65,24425.6,0
2025-08-08T13:30:00+05:30,24424.6,24428.55,24418.0,24427.85,0
2025-08-08T13:31:00+05:30,24428.4,24441.65,24427.05,24440.2,0
2025-08-08T13:32:00+05:30,24440.95,24452.6,24438.7,24450.2,0
2025-08-08T13:33:00+05:30,24449.2,24449.45,24442.0,24443.1,0
2025-08-08T13:34:00+05:30,24442.4,24451.15,24440.8,24451.15,0
2025-08-08T13:35:00+05:30,24450.1,24454.6,24447.7,24449.4,0
2025-08-08T13:36:00+05:30,24448.8,24455.35,24447.0,24452.65,0
2025-08-08T13:37:00+05:30,24451.55,24452.15,24446.1,24447.3,0
2025-08-08T13:38:00+05:30,24446.9,24455.2,24443.65,24454.5,0
2025-08-08T13:39:00+05:30,24455.75,24461.15,24454.85,24457.35,0
2025-08-08T13:40:00+05:30,24458.2,24459.0,24452.3,24455.85,0
2025-08-08T13:41:00+05:30,24455.35,24457.45,24447.35,24457.45,0
2025-08-08T13:42:00+05:30,24456.8,24462.4,24455.35,24462.4,0
2025-08-08T13:43:00+05:30,24461.2,24463.5,24455.8,24455.8,0
2025-08-08T13:44:00+05:30,24457.2,24459.1,24456.1,24457.75,0
2025-08-08T13:45:00+05:30,24457.4,24457.45,24449.7,24451.75,0
2025-08-08T13:46:00+05:30,24452.05,24452.05,24440.5,24445.65,0
2025-08-08T13:47:00+05:30,24445.1,24447.95,24435.1,24437.95,0
2025-08-08T13:48:00+05:30,24437.45,24438.1,24418.3,24432.35,0
2025-08-08T13:49:00+05:30,24431.6,24433.45,24428.5,24430.95,0
2025-08-08T13:50:00+05:30,24430.8,24431.05,24426.6,24431.05,0
2025-08-08T13:51:00+05:30,24430.7,24435.8,24426.3,24435.8,0
2025-08-08T13:52:00+05:30,24438.35,24438.35,24427.45,24431.9,0
2025-08-08T13:53:00+05:30,24430.9,24431.25,24427.25,24431.25,0
2025-08-08T13:54:00+05:30,24430.45,24430.65,24427.35,24428.25,0
2025-08-08T13:55:00+05:30,24428.05,24429.2,24424.55,24426.4,0
2025-08-08T13:56:00+05:30,24426.55,24429.25,24423.95,24428.6,0
2025-08-08T13:57:00+05:30,24428.35,24428.35,24423.35,24427.15,0
2025-08-08T13:58:00+05:30,24426.25,24426.25,24421.9,24423.4,0
2025-08-08T13:59:00+05:30,24422.95,24424.75,24418.65,24424.75,0
2025-08-08T14:00:00+05:30,24424.35,24442.15,24423.95,24439.6,0
2025-08-08T14:01:00+05:30,24439.55,24445.55,24437.8,24445.55,0
2025-08-08T14:02:00+05:30,24445.35,24449.45,24437.65,24438.85,0
2025-08-08T14:03:00+05:30,24438.45,24440.15,24430.15,24431.9,0
2025-08-08T14:04:00+05:30,24432.15,24435.3,24430.7,24433.7,0
2025-08-08T14:05:00+05:30,24433.05,24436.7,24432.3,24434.0,0
2025-08-08T14:06:00+05:30,24433.65,24435.6,24430.4,24432.85,0
2025-08-08T14:07:00+05:30,24432.6,24432.6,24425.4,24427.35,0
2025-08-08T14:08:00+05:30,24426.65,24428.25,24422.5,24428.25,0
2025-08-08T14:09:00+05:30,24427.65,24430.85,24426.45,24428.8,0
2025-08-08T14:10:00+05:30,24428.45,24428.5,24425.15,24427.3,0
2025-08-08T14:11:00+05:30,24426.75,24428.65,24419.0,24421.4,0
2025-08-08T14:12:00+05:30,24421.2,24421.25,24391.8,24392.95,0
2025-08-08T14:13:00+05:30,24393.9,24410.9,24388.15,24410.1,0
2025-08-08T14:14:00+05:30,24409.1,24413.55,24405.55,24413.05,0
2025-08-08T14:15:00+05:30,24412.9,24413.65,24408.95,24410.2,0
2025-08-08T14:16:00+05:30,24409.75,24426.35,24406.6,24425.1,0
2025-08-08T14:17:00+05:30,24424.55,24430.7,24423.05,24427.1,0
2025-08-08T14:18:00+05:30,24427.9,24433.95,24426.0,24433.95,0
2025-08-08T14:19:00+05:30,24433.15,24434.85,24430.55,24432.5,0
2025-08-08T14:20:00+05:30,24432.15,24432.5,24425.35,24429.55,0
2025-08-08T14:21:00+05:30,24429.0,24432.85,24424.55,24427.05,0
2025-08-08T14:22:00+05:30,24425.95,24430.9,24425.0,24430.9,0
2025-08-08T14:23:00+05:30,24430.35,24432.85,24426.0,24427.25,0
2025-08-08T14:24:00+05:30,24426.65,24428.75,24424.25,24425.15,0
2025-08-08T14:25:00+05:30,24424.55,24424.75,24410.15,24412.7,0
2025-08-08T14:26:00+05:30,24412.35,24414.3,24409.1,24412.05,0
2025-08-08T14:27:00+05:30,24411.05,24411.05,24402.55,24403.55,0
2025-08-08T14:28:00+05:30,24403.15,24405.25,24399.5,24400.25,0
2025-08-08T14:29:00+05:30,24400.15,24401.95,24395.0,24401.5,0
2025-08-08T14:30:00+05:30,24401.45,24407.25,24397.35,24407.2,0
2025-08-08T14:31:00+05:30,24406.5,24406.5,24398.95,24401.55,0
2025-08-08T14:32:00+05:30,24402.15,24405.65,24383.65,24389.3,0
2025-08-08T14:33:00+05:30,24389.0,24408.55,24382.7,24408.55,0
2025-08-08T14:34:00+05:30,24408.85,24408.9,24401.0,24404.55,0
2025-08-08T14:35:00+05:30,24403.3,24415.05,24403.0,24413.75,0
2025-08-08T14:36:00+05:30,24412.95,24413.45,24408.5,24408.6,0
2025-08-08T14:37:00+05:30,24407.9,24412.1,24403.4,24405.65,0
2025-08-08T14:38:00+05:30,24405.45,24409.9,24402.65,24409.9,0
2025-08-08T14:39:00+05:30,24411.05,24411.25,24404.85,24411.05,0
2025-08-08T14:40:00+05:30,24410.55,24415.4,24407.65,24413.6,0
2025-08-08T14:41:00+05:30,24413.9,24419.15,24411.05,24419.15,0
2025-08-08T14:42:00+05:30,24418.9,24424.9,24418.2,24424.1,0
2025-08-08T14:43:00+05:30,24423.45,24423.7,24419.05,24422.3,0
2025-08-08T14:44:00+05:30,24421.85,24422.05,24415.1,24418.4,0
2025-08-08T14:45:00+05:30,24418.6,24421.95,24416.5,24419.55,0
2025-08-08T14:46:00+05:30,24419.95,24420.6,24410.55,24411.35,0
2025-08-08T14:47:00+05:30,24410.85,24411.15,24406.55,24410.5,0
2025-08-08T14:48:00+05:30,24410.0,24411.2,24405.55,24410.6,0
2025-08-08T14:49:00+05:30,24410.25,24418.8,24410.1,24415.25,0
2025-08-08T14:50:00+05:30,24415.0,24415.15,24410.05,24412.25,0
2025-08-08T14:51:00+05:30,24412.1,24414.4,24407.75,24411.55,0
2025-08-08T14:52:00+05:30,24411.0,24413.0,24407.55,24413.0,0
2025-08-08T14:53:00+05:30,24412.3,24413.2,24405.85,24409.4,0
2025-08-08T14:54:00+05:30,24409.55,24410.35,24406.65,24408.65,0
2025-08-08T14:55:00+05:30,24408.15,24409.6,24405.6,24406.65,0
2025-08-08T14:56:00+05:30,24406.9,24409.1,24400.5,24407.65,0
2025-08-08T14:57:00+05:30,24407.85,24407.9,24402.35,24404.65,0
2025-08-08T14:58:00+05:30,24404.85,24405.7,24401.75,24403.95,0
2025-08-08T14:59:00+05:30,24405.05,24407.3,24403.35,24407.15,0
2025-08-08T15:00:00+05:30,24406.8,24407.35,24395.6,24399.7,0
2025-08-08T15:01:00+05:30,24400.3,24400.5,24392.25,24394.15,0
2025-08-08T15:02:00+05:30,24394.7,24395.6,24390.2,24390.85,0
2025-08-08T15:03:00+05:30,24391.05,24391.25,24383.25,24387.9,0
2025-08-08T15:04:00+05:30,24388.85,24396.6,24387.3,24396.5,0
2025-08-08T15:05:00+05:30,24396.6,24396.95,24392.45,24393.35,0
2025-08-08T15:06:00+05:30,24393.7,24399.35,24393.0,24395.5,0
2025-08-08T15:07:00+05:30,24396.2,24397.2,24392.4,24394.3,0
2025-08-08T15:08:00+05:30,24394.1,24394.2,24386.45,24387.55,0
2025-08-08T15:09:00+05:30,24387.8,24389.7,24375.7,24378.85,0
2025-08-08T15:10:00+05:30,24379.6,24386.15,24375.3,24376.8,0
2025-08-08T15:11:00+05:30,24376.55,24376.55,24371.4,24372.9,0
2025-08-08T15:12:00+05:30,24372.85,24373.0,24345.15,24347.4,0
2025-08-08T15:13:00+05:30,24347.3,24348.65,24337.5,24340.9,0
2025-08-08T15:14:00+05:30,24343.4,24350.95,24342.55,24349.2,0
2025-08-08T15:15:00+05:30,24348.9,24365.35,24342.05,24363.0,0
2025-08-08T15:16:00+05:30,24362.65,24363.75,24348.05,24352.1,0
2025-08-08T15:17:00+05:30,24353.05,24356.1,24347.65,24353.8,0
2025-08-08T15:18:00+05:30,24354.2,24354.2,24346.85,24349.45,0
2025-08-08T15:19:00+05:30,24349.4,24350.45,24342.75,24345.2,0
2025-08-08T15:20:00+05:30,24345.45,24347.25,24339.2,24344.7,0
2025-08-08T15:21:00+05:30,24345.05,24348.0,24343.05,24347.5,0
2025-08-08T15:22:00+05:30,24347.8,24348.45,24345.05,24345.4,0
2025-08-08T15:23:00+05:30,24345.75,24346.95,24343.25,24346.7,0
2025-08-08T15:24:00+05:30,24347.1,24347.65,24342.15,24347.65,0
2025-08-08T15:25:00+05:30,24348.05,24354.95,24346.15,24352.15,0
2025-08-08T15:26:00+05:30,24351.85,24354.45,24348.2,24348.65,0
2025-08-08T15:27:00+05:30,24350.0,24350.05,24345.65,24349.05,0
2025-08-08T15:28:00+05:30,24350.95,24351.95,24346.05,24349.95,0
2025-08-08T15:29:00+05:30,24345.85,24356.35,24345.85,24350.85,0
2025-08-11T09:15:00+05:30,24371.5,24386.75,24347.45,24360.65,0
2025-08-11T09:16:00+05:30,24361.25,24388.45,24361.25,24379.65,0
2025-08-11T09:17:00+05:30,24380.2,24384.95,24368.9,24383.75,0
2025-08-11T09:18:00+05:30,24384.05,24401.35,24384.05,24397.75,0
2025-08-11T09:19:00+05:30,24398.45,24405.15,24396.75,24401.5,0
2025-08-11T09:20:00+05:30,24401.2,24412.4,24399.0,24410.85,0
2025-08-11T09:21:00+05:30,24409.85,24411.55,24402.05,24404.3,0
2025-08-11T09:22:00+05:30,24404.05,24415.7,24403.2,24408.3,0
2025-08-11T09:23:00+05:30,24408.2,24419.15,24407.8,24413.8,0
2025-08-11T09:24:00+05:30,24415.15,24417.7,24405.1,24408.9,0
2025-08-11T09:25:00+05:30,24409.6,24419.1,24406.95,24417.35,0
2025-08-11T09:26:00+05:30,24416.95,24426.3,24416.95,24421.3,0
2025-08-11T09:27:00+05:30,24421.35,24428.4,24420.7,24424.2,0
2025-08-11T09:28:00+05:30,24424.15,24426.6,24413.6,24415.2,0
2025-08-11T09:29:00+05:30,24414.75,24414.75,24397.6,24401.45,0
2025-08-11T09:30:00+05:30,24400.9,24406.75,24387.95,24388.6,0
2025-08-11T09:31:00+05:30,24387.35,24387.4,24361.4,24369.5,0
2025-08-11T09:32:00+05:30,24370.75,24384.15,24369.05,24383.85,0
2025-08-11T09:33:00+05:30,24381.8,24391.3,24379.45,24390.75,0
2025-08-11T09:34:00+05:30,24390.7,24419.9,24389.15,24418.15,0
2025-08-11T09:35:00+05:30,24417.85,24419.0,24407.8,24412.4,0
2025-08-11T09:36:00+05:30,24411.75,24414.95,24408.25,24413.6,0
2025-08-11T09:37:00+05:30,24411.95,24413.35,24394.3,24396.1,0
2025-08-11T09:38:00+05:30,24395.7,24395.95,24382.45,24388.05,0
2025-08-11T09:39:00+05:30,24388.0,24388.95,24372.9,24376.8,0
2025-08-11T09:40:00+05:30,24376.05,24379.2,24372.8,24376.9,0
2025-08-11T09:41:00+05:30,24378.45,24385.9,24373.4,24373.4,0
2025-08-11T09:42:00+05:30,24373.6,24378.55,24367.45,24371.15,0
2025-08-11T09:43:00+05:30,24371.45,24390.05,24371.45,24379.6,0
2025-08-11T09:44:00+05:30,24378.85,24381.25,24376.5,24381.25,0
2025-08-11T09:45:00+05:30,24381.0,24382.85,24375.35,24382.85,0
2025-08-11T09:46:00+05:30,24383.0,24384.55,24368.7,24372.7,0
2025-08-11T09:47:00+05:30,24373.0,24373.9,24365.8,24368.3,0
2025-08-11T09:48:00+05:30,24368.4,24372.6,24365.7,24365.8,0
2025-08-11T09:49:00+05:30,24366.55,24367.35,24356.15,24356.85,0
2025-08-11T09:50:00+05:30,24358.5,24373.0,24358.25,24367.5,0
2025-08-11T09:51:00+05:30,24367.65,24371.4,24365.4,24366.15,0
2025-08-11T09:52:00+05:30,24365.8,24370.75,24364.25,24369.8,0
2025-08-11T09:53:00+05:30,24369.75,24388.5,24369.6,24387.75,0
2025-08-11T09:54:00+05:30,24387.4,24396.35,24386.65,24395.5,0
2025-08-11T09:55:00+05:30,24396.0,24402.55,24394.4,24395.0,0
2025-08-11T09:56:00+05:30,24395.15,24398.7,24392.55,24397.55,0
2025-08-11T09:57:00+05:30,24397.6,24405.1,24397.6,24403.6,0
2025-08-11T09:58:00+05:30,24404.15,24405.65,24394.8,24395.75,0
2025-08-11T09:59:00+05:30,24395.4,24403.75,24394.65,24399.8,0
2025-08-11T10:00:00+05:30,24400.35,24411.3,24400.35,24410.75,0
2025-08-11T10:01:00+05:30,24411.2,24415.65,24411.15,24413.9,0
2025-08-11T10:02:00+05:30,24414.35,24414.8,24408.25,24410.25,0
2025-08-11T10:03:00+05:30,24410.85,24413.85,24409.1,24409.85,0
2025-08-11T10:04:00+05:30,24409.45,24414.65,24408.2,24411.05,0
2025-08-11T10:05:00+05:30,24411.75,24413.3,24406.8,24407.6,0
2025-08-11T10:06:00+05:30,24408.35,24414.25,24407.3,24412.1,0
2025-08-11T10:07:00+05:30,24412.7,24412.7,24404.8,24409.3,0
2025-08-11T10:08:00+05:30,24409.8,24410.4,24398.1,24399.2,0
2025-08-11T10:09:00+05:30,24398.5,24406.85,24396.8,24403.15,0
2025-08-11T10:10:00+05:30,24403.1,24409.3,24401.6,24408.75,0
2025-08-11T10:11:00+05:30,24408.5,24408.5,24382.0,24402.4,0
2025-08-11T10:12:00+05:30,24401.95,24404.0,24395.4,24396.1,0
2025-08-11T10:13:00+05:30,24396.25,24403.2,24393.35,24400.05,0
2025-08-11T10:14:00+05:30,24399.85,24410.8,24399.2,24410.45,0
2025-08-11T10:15:00+05:30,24410.8,24422.85,24410.7,24412.8,0
2025-08-11T10:16:00+05:30,24412.95,24413.0,24404.35,24409.15,0
2025-08-11T10:17:00+05:30,24409.65,24417.95,24408.05,24415.45,0
2025-08-11T10:18:00+05:30,24415.5,24425.5,24415.2,24424.9,0
2025-08-11T10:19:00+05:30,24424.45,24425.95,24419.15,24421.4,0
2025-08-11T10:20:00+05:30,24421.45,24421.95,24413.9,24415.95,0
2025-08-11T10:21:00+05:30,24415.5,24415.5,24406.25,24409.35,0
2025-08-11T10:22:00+05:30,24409.65,24417.25,24409.65,24413.3,0
2025-08-11T10:23:00+05:30,24413.35,24424.8,24412.1,24424.0,0
2025-08-11T10:24:00+05:30,24423.45,24435.05,24423.45,24433.7,0
2025-08-11T10:25:00+05:30,24433.85,24437.0,24432.15,24433.0,0
2025-08-11T10:26:00+05:30,24433.75,24439.2,24433.35,24437.9,0
2025-08-11T10:27:00+05:30,24438.45,24440.2,24434.95,24436.55,0
2025-08-11T10:28:00+05:30,24437.1,24438.15,24431.6,24437.1,0
2025-08-11T10:29:00+05:30,24437.45,24442.15,24436.15,24441.35,0
2025-08-11T10:30:00+05:30,24441.7,24445.3,24437.95,24438.2,0
2025-08-11T10:31:00+05:30,24438.45,24451.5,24438.45,24449.5,0
2025-08-11T10:32:00+05:30,24449.55,24452.95,24445.75,24448.5,0
2025-08-11T10:33:00+05:30,24448.7,24448.7,24428.8,24440.3,0
2025-08-11T10:34:00+05:30,24439.95,24447.65,24438.35,24445.9,0
2025-08-11T10:35:00+05:30,24445.1,24450.9,24443.75,24450.1,0
2025-08-11T10:36:00+05:30,24450.3,24455.65,24445.65,24448.05,0
2025-08-11T10:37:00+05:30,24449.65,24451.25,24446.85,24448.05,0
2025-08-11T10:38:00+05:30,24448.45,24455.9,24447.6,24454.2,0
2025-08-11T10:39:00+05:30,24454.35,24460.0,24452.1,24458.1,0
2025-08-11T10:40:00+05:30,24457.95,24460.2,24455.45,24457.3,0
2025-08-11T10:41:00+05:30,24456.9,24459.55,24454.35,24455.75,0
2025-08-11T10:42:00+05:30,24455.7,24457.25,24451.55,24454.15,0
2025-08-11T10:43:00+05:30,24454.4,24454.7,24446.45,24447.85,0
2025-08-11T10:44:00+05:30,24448.35,24453.05,24447.85,24448.8,0
2025-08-11T10:45:00+05:30,24448.75,24457.0,24448.55,24454.2,0
2025-08-11T10:46:00+05:30,24453.85,24455.35,24445.2,24451.3,0
2025-08-11T10:47:00+05:30,24451.45,24453.25,24444.05,24447.9,0
2025-08-11T10:48:00+05:30,24447.75,24450.2,24443.5,24449.0,0
2025-08-11T10:49:00+05:30,24448.45,24450.5,24443.4,24448.8,0
2025-08-11T10:50:00+05:30,24448.45,24454.0,24446.45,24451.0,0
2025-08-11T10:51:00+05:30,24451.15,24464.45,24450.35,24463.75,0
2025-08-11T10:52:00+05:30,24463.55,24464.55,24456.3,24459.35,0
2025-08-11T10:53:00+05:30,24459.8,24466.3,24458.7,24464.45,0
2025-08-11T10:54:00+05:30,24464.35,24467.8,24462.05,24462.25,0
2025-08-11T10:55:00+05:30,24463.9,24465.25,24455.3,24457.5,0
2025-08-11T10:56:00+05:30,24457.05,24459.45,24451.95,24456.6,0
2025-08-11T10:57:00+05:30,24456.65,24457.8,24452.55,24454.6,0
2025-08-11T10:58:00+05:30,24453.55,24459.4,24451.5,24453.0,0
2025-08-11T10:59:00+05:30,24452.35,24456.85,24449.3,24454.65,0
2025-08-11T11:00:00+05:30,24455.35,24459.65,24454.6,24456.15,0
2025-08-11T11:01:00+05:30,24456.6,24463.8,24456.4,24456.8,0
2025-08-11T11:02:00+05:30,24456.5,24459.3,24453.55,24455.0,0
2025-08-11T11:03:00+05:30,24455.05,24455.8,24451.45,24453.55,0
2025-08-11T11:04:00+05:30,24453.6,24455.0,24448.95,24450.8,0
2025-08-11T11:05:00+05:30,24450.85,24454.15,24450.7,24452.55,0
2025-08-11T11:06:00+05:30,24452.85,24456.15,24450.15,24454.2,0
2025-08-11T11:07:00+05:30,24454.45,24456.45,24452.2,24454.65,0
2025-08-11T11:08:00+05:30,24454.5,24460.15,24451.9,24459.5,0
2025-08-11T11:09:00+05:30,24459.2,24461.4,24455.55,24455.6,0
2025-08-11T11:10:00+05:30,24454.15,24454.15,24445.15,24453.25,0
2025-08-11T11:11:00+05:30,24453.5,24454.35,24446.35,24447.9,0
2025-08-11T11:12:00+05:30,24446.75,24447.9,24434.25,24436.5,0
2025-08-11T11:13:00+05:30,24436.2,24437.45,24425.35,24434.5,0
2025-08-11T11:14:00+05:30,24435.2,24443.2,24434.55,24442.7,0
2025-08-11T11:15:00+05:30,24443.15,24444.55,24435.95,24438.2,0
2025-08-11T11:16:00+05:30,24438.0,24443.2,24436.7,24442.6,0
2025-08-11T11:17:00+05:30,24442.55,24447.6,24440.7,24447.6,0
2025-08-11T11:18:00+05:30,24448.3,24461.65,24447.6,24458.4,0
2025-08-11T11:19:00+05:30,24458.55,24462.75,24456.55,24461.6,0
2025-08-11T11:20:00+05:30,24460.95,24463.9,24458.9,24462.25,0
2025-08-11T11:21:00+05:30,24461.55,24465.05,24459.95,24463.05,0
2025-08-11T11:22:00+05:30,24463.55,24470.45,24462.9,24466.35,0
2025-08-11T11:23:00+05:30,24467.3,24472.0,24464.5,24471.05,0
2025-08-11T11:24:00+05:30,24470.95,24475.2,24469.35,24470.15,0
2025-08-11T11:25:00+05:30,24470.3,24472.95,24469.6,24472.25,0
2025-08-11T11:26:00+05:30,24472.4,24474.45,24465.1,24465.8,0
2025-08-11T11:27:00+05:30,24465.55,24465.95,24459.05,24463.2,0
2025-08-11T11:28:00+05:30,24462.85,24464.75,24459.7,24460.25,0
2025-08-11T11:29:00+05:30,24460.6,24464.8,24460.45,24461.95,0
2025-08-11T11:30:00+05:30,24460.5,24467.5,24460.5,24466.2,0
2025-08-11T11:31:00+05:30,24466.7,24466.7,24461.3,24461.95,0
2025-08-11T11:32:00+05:30,24463.1,24463.1,24458.8,24460.55,0
2025-08-11T11:33:00+05:30,24460.6,24462.4,24454.9,24455.7,0
2025-08-11T11:34:00+05:30,24456.95,24456.95,24443.65,24444.5,0
2025-08-11T11:35:00+05:30,24444.65,24444.65,24421.25,24423.2,0
2025-08-11T11:36:00+05:30,24422.2,24434.95,24422.2,24428.95,0
2025-08-11T11:37:00+05:30,24429.8,24437.25,24425.8,24433.4,0
2025-08-11T11:38:00+05:30,24434.4,24434.85,24426.35,24427.85,0
2025-08-11T11:39:00+05:30,24428.35,24430.85,24424.95,24428.6,0
2025-08-11T11:40:00+05:30,24429.25,24429.6,24425.85,24426.65,0
2025-08-11T11:41:00+05:30,24427.25,24427.9,24422.75,24423.05,0
2025-08-11T11:42:00+05:30,24422.75,24425.65,24418.25,24424.4,0
2025-08-11T11:43:00+05:30,24424.3,24427.1,24418.85,24419.8,0
2025-08-11T11:44:00+05:30,24420.0,24420.0,24416.85,24417.4,0
2025-08-11T11:45:00+05:30,24417.0,24417.5,24409.65,24415.65,0
2025-08-11T11:46:00+05:30,24416.45,24418.95,24413.7,24418.95,0
2025-08-11T11:47:00+05:30,24419.05,24424.35,24417.15,24423.75,0
2025-08-11T11:48:00+05:30,24422.7,24422.85,24414.45,24416.7,0
2025-08-11T11:49:00+05:30,24416.8,24418.8,24413.3,24414.15,0
2025-08-11T11:50:00+05:30,24414.45,24419.9,24411.9,24417.8,0
2025-08-11T11:51:00+05:30,24417.85,24417.85,24408.2,24408.45,0
2025-08-11T11:52:00+05:30,24408.85,24411.3,24406.05,24407.3,0
2025-08-11T11:53:00+05:30,24407.95,24408.8,24402.1,24404.9,0
2025-08-11T11:54:00+05:30,24405.15,24412.35,24404.3,24409.95,0
2025-08-11T11:55:00+05:30,24409.75,24416.75,24408.7,24415.7,0
2025-08-11T11:56:00+05:30,24416.45,24419.55,24415.15,24419.3,0
2025-08-11T11:57:00+05:30,24419.35,24422.25,24416.8,24422.2,0
2025-08-11T11:58:00+05:30,24421.75,24424.6,24418.6,24423.95,0
2025-08-11T11:59:00+05:30,24424.1,24426.9,24423.15,24423.8,0
2025-08-11T12:00:00+05:30,24423.25,24428.15,24421.7,24428.15,0
2025-08-11T12:01:00+05:30,24428.35,24437.2,24427.55,24435.25,0
2025-08-11T12:02:00+05:30,24435.15,24437.75,24429.2,24430.55,0
2025-08-11T12:03:00+05:30,24431.15,24431.15,24421.1,24425.0,0
2025-08-11T12:04:00+05:30,24425.15,24428.2,24423.7,24426.3,0
2025-08-11T12:05:00+05:30,24426.5,24429.75,24424.45,24427.45,0
2025-08-11T12:06:00+05:30,24427.3,24435.65,24426.2,24434.1,0
2025-08-11T12:07:00+05:30,24434.4,24437.4,24432.65,24437.4,0
2025-08-11T12:08:00+05:30,24438.6,24439.15,24430.55,24432.6,0
2025-08-11T12:09:00+05:30,24432.35,24434.35,24425.45,24429.8,0
2025-08-11T12:10:00+05:30,24430.9,24451.55,24430.9,24437.3,0
2025-08-11T12:11:00+05:30,24435.95,24436.7,24431.4,24433.7,0
2025-08-11T12:12:00+05:30,24434.95,24441.6,24433.75,24441.0,0
2025-08-11T12:13:00+05:30,24441.1,24442.1,24438.25,24439.7,0
2025-08-11T12:14:00+05:30,24441.7,24447.65,24441.7,24445.6,0
2025-08-11T12:15:00+05:30,24445.9,24450.4,24445.55,24448.05,0
2025-08-11T12:16:00+05:30,24448.85,24453.9,24448.6,24449.4,0
2025-08-11T12:17:00+05:30,24450.1,24451.75,24441.95,24442.45,0
2025-08-11T12:18:00+05:30,24442.85,24444.3,24435.75,24439.65,0
2025-08-11T12:19:00+05:30,24439.4,24442.75,24437.55,24437.55,0
2025-08-11T12:20:00+05:30,24437.8,24438.55,24435.25,24436.8,0
2025-08-11T12:21:00+05:30,24437.2,24440.55,24435.45,24437.05,0
2025-08-11T12:22:00+05:30,24437.6,24438.65,24434.45,24437.05,0
2025-08-11T12:23:00+05:30,24437.7,24441.0,24435.7,24440.7,0
2025-08-11T12:24:00+05:30,24441.05,24446.15,24439.3,24443.5,0
2025-08-11T12:25:00+05:30,24443.9,24445.55,24439.8,24443.6,0
2025-08-11T12:26:00+05:30,24443.4,24448.7,24442.2,24447.4,0
2025-08-11T12:27:00+05:30,24446.5,24449.85,24443.2,24443.85,0
2025-08-11T12:28:00+05:30,24444.7,24448.0,24442.15,24447.3,0
2025-08-11T12:29:00+05:30,24446.85,24447.55,24442.85,24445.85,0
2025-08-11T12:30:00+05:30,24446.6,24446.8,24438.6,24439.45,0
2025-08-11T12:31:00+05:30,24439.35,24440.1,24430.55,24434.75,0
2025-08-11T12:32:00+05:30,24434.55,24437.45,24433.1,24434.85,0
2025-08-11T12:33:00+05:30,24435.15,24437.25,24430.85,24431.6,0
2025-08-11T12:34:00+05:30,24431.35,24434.85,24429.05,24431.55,0
2025-08-11T12:35:00+05:30,24431.8,24436.25,24430.3,24434.9,0
2025-08-11T12:36:00+05:30,24435.35,24446.75,24434.25,24446.45,0
2025-08-11T12:37:00+05:30,24446.0,24447.35,24441.2,24445.15,0
2025-08-11T12:38:00+05:30,24445.2,24451.8,24443.45,24450.05,0
2025-08-11T12:39:00+05:30,24450.25,24456.7,24448.9,24455.65,0
2025-08-11T12:40:00+05:30,24456.15,24457.9,24453.05,24455.15,0
2025-08-11T12:41:00+05:30,24455.25,24458.85,24453.5,24455.05,0
2025-08-11T12:42:00+05:30,24455.75,24460.3,24453.8,24457.5,0
2025-08-11T12:43:00+05:30,24458.8,24460.25,24453.8,24456.9,0
2025-08-11T12:44:00+05:30,24458.3,24463.35,24456.0,24460.65,0
2025-08-11T12:45:00+05:30,24461.75,24465.4,24459.7,24465.2,0
2025-08-11T12:46:00+05:30,24465.7,24466.65,24461.45,24463.95,0
2025-08-11T12:47:00+05:30,24464.3,24466.8,24461.25,24464.3,0
2025-08-11T12:48:00+05:30,24462.45,24464.1,24458.55,24462.7,0
2025-08-11T12:49:00+05:30,24463.35,24465.2,24461.25,24462.85,0
2025-08-11T12:50:00+05:30,24462.75,24464.8,24459.75,24463.35,0
2025-08-11T12:51:00+05:30,24463.45,24466.0,24461.25,24464.25,0
2025-08-11T12:52:00+05:30,24464.35,24467.9,24461.9,24467.55,0
2025-08-11T12:53:00+05:30,24467.4,24477.15,24465.65,24475.2,0
2025-08-11T12:54:00+05:30,24473.25,24478.75,24473.1,24476.9,0
2025-08-11T12:55:00+05:30,24477.65,24481.05,24474.1,24474.1,0
2025-08-11T12:56:00+05:30,24475.3,24476.0,24470.25,24472.3,0
2025-08-11T12:57:00+05:30,24473.6,24473.6,24466.95,24469.4,0
2025-08-11T12:58:00+05:30,24469.3,24477.9,24468.5,24475.75,0
2025-08-11T12:59:00+05:30,24476.45,24477.75,24473.1,24476.25,0
2025-08-11T13:00:00+05:30,24477.4,24483.65,24475.4,24482.3,0
2025-08-11T13:01:00+05:30,24483.05,24507.4,24482.5,24491.55,0
2025-08-11T13:02:00+05:30,24491.8,24496.3,24490.15,24492.1,0
2025-08-11T13:03:00+05:30,24493.85,24495.8,24484.2,24486.05,0
2025-08-11T13:04:00+05:30,24484.6,24487.3,24481.5,24482.45,0
2025-08-11T13:05:00+05:30,24483.35,24486.75,24478.45,24480.0,0
2025-08-11T13:06:00+05:30,24479.4,24479.9,24472.8,24473.7,0
2025-08-11T13:07:00+05:30,24473.9,24479.1,24470.35,24472.65,0
2025-08-11T13:08:00+05:30,24473.3,24475.3,24471.55,24472.15,0
2025-08-11T13:09:00+05:30,24473.85,24476.45,24471.55,24475.55,0
2025-08-11T13:10:00+05:30,24476.0,24477.2,24471.55,24472.1,0
2025-08-11T13:11:00+05:30,24472.3,24472.75,24465.6,24467.35,0
2025-08-11T13:12:00+05:30,24467.9,24468.8,24463.6,24465.65,0
2025-08-11T13:13:00+05:30,24465.9,24471.9,24464.15,24469.75,0
2025-08-11T13:14:00+05:30,24471.1,24477.2,24470.3,24475.2,0
2025-08-11T13:15:00+05:30,24476.15,24481.15,24476.15,24479.15,0
2025-08-11T13:16:00+05:30,24479.3,24481.55,24477.1,24480.3,0
2025-08-11T13:17:00+05:30,24479.8,24481.55,24471.1,24472.45,0
2025-08-11T13:18:00+05:30,24472.85,24473.35,24468.75,24472.45,0
2025-08-11T13:19:00+05:30,24472.6,24474.85,24470.95,24473.2,0
2025-08-11T13:20:00+05:30,24474.2,24478.25,24471.2,24477.4,0
2025-08-11T13:21:00+05:30,24477.75,24480.4,24474.5,24476.2,0
2025-08-11T13:22:00+05:30,24476.9,24478.65,24473.75,24476.6,0
2025-08-11T13:23:00+05:30,24477.4,24477.4,24467.9,24471.65,0
2025-08-11T13:24:00+05:30,24471.45,24476.3,24468.85,24473.9,0
2025-08-11T13:25:00+05:30,24473.85,24477.85,24473.65,24477.0,0
2025-08-11T13:26:00+05:30,24476.65,24482.95,24476.25,24482.7,0
2025-08-11T13:27:00+05:30,24482.9,24487.1,24481.25,24486.1,0
2025-08-11T13:28:00+05:30,24486.15,24501.45,24485.15,24486.65,0
2025-08-11T13:29:00+05:30,24486.6,24488.6,24481.55,24485.3,0
2025-08-11T13:30:00+05:30,24485.85,24491.05,24485.5,24488.7,0
2025-08-11T13:31:00+05:30,24489.75,24491.3,24482.35,24486.1,0
2025-08-11T13:32:00+05:30,24486.55,24497.15,24484.2,24494.7,0
2025-08-11T13:33:00+05:30,24495.7,24498.95,24492.75,24497.45,0
2025-08-11T13:34:00+05:30,24496.95,24498.95,24493.75,24496.4,0
2025-08-11T13:35:00+05:30,24496.75,24498.8,24494.15,24495.15,0
2025-08-11T13:36:00+05:30,24496.0,24499.45,24493.5,24497.3,0
2025-08-11T13:37:00+05:30,24497.45,24498.45,24494.45,24497.45,0
2025-08-11T13:38:00+05:30,24497.9,24500.6,24495.1,24496.8,0
2025-08-11T13:39:00+05:30,24497.35,24505.55,24497.15,24504.2,0
2025-08-11T13:40:00+05:30,24504.65,24508.65,24503.6,24507.6,0
2025-08-11T13:41:00+05:30,24507.7,24508.9,24502.4,24503.15,0
2025-08-11T13:42:00+05:30,24503.0,24507.4,24503.0,24505.6,0
2025-08-11T13:43:00+05:30,24506.0,24506.7,24499.6,24501.15,0
2025-08-11T13:44:00+05:30,24501.0,24507.05,24499.95,24505.65,0
2025-08-11T13:45:00+05:30,24506.35,24507.45,24503.35,24505.1,0
2025-08-11T13:46:00+05:30,24505.9,24508.35,24501.9,24504.0,0
2025-08-11T13:47:00+05:30,24503.6,24510.1,24502.4,24508.7,0
2025-08-11T13:48:00+05:30,24508.85,24512.2,24506.0,24511.2,0
2025-08-11T13:49:00+05:30,24510.95,24518.15,24510.3,24515.2,0
2025-08-11T13:50:00+05:30,24515.7,24518.25,24509.2,24510.05,0
2025-08-11T13:51:00+05:30,24509.9,24511.8,24505.5,24509.65,0
2025-08-11T13:52:00+05:30,24510.35,24511.95,24498.15,24499.3,0
2025-08-11T13:53:00+05:30,24500.3,24503.55,24495.0,24499.95,0
2025-08-11T13:54:00+05:30,24500.65,24506.1,24499.7,24506.1,0
2025-08-11T13:55:00+05:30,24505.85,24507.55,24501.75,24504.1,0
2025-08-11T13:56:00+05:30,24504.0,24508.5,24501.05,24506.65,0
2025-08-11T13:57:00+05:30,24507.3,24520.2,24506.8,24517.75,0
2025-08-11T13:58:00+05:30,24517.65,24519.15,24512.45,24518.95,0
2025-08-11T13:59:00+05:30,24518.3,24522.5,24517.2,24520.65,0
2025-08-11T14:00:00+05:30,24520.25,24527.0,24520.25,24526.1,0
2025-08-11T14:01:00+05:30,24525.6,24533.8,24523.95,24532.6,0
2025-08-11T14:02:00+05:30,24532.4,24534.85,24526.75,24529.0,0
2025-08-11T14:03:00+05:30,24528.5,24532.2,24525.35,24530.25,0
2025-08-11T14:04:00+05:30,24530.5,24532.55,24527.85,24531.6,0
2025-08-11T14:05:00+05:30,24531.9,24537.75,24531.75,24537.05,0
2025-08-11T14:06:00+05:30,24537.75,24540.65,24536.3,24538.75,0
2025-08-11T14:07:00+05:30,24539.1,24541.95,24536.7,24538.2,0
2025-08-11T14:08:00+05:30,24538.95,24540.2,24533.25,24536.35,0
2025-08-11T14:09:00+05:30,24537.15,24540.55,24533.5,24538.05,0
2025-08-11T14:10:00+05:30,24536.6,24540.8,24535.85,24540.7,0
2025-08-11T14:11:00+05:30,24540.6,24543.3,24535.6,24536.75,0
2025-08-11T14:12:00+05:30,24537.0,24538.1,24529.55,24534.15,0
2025-08-11T14:13:00+05:30,24534.3,24535.9,24531.3,24534.95,0
2025-08-11T14:14:00+05:30,24534.65,24539.45,24532.9,24539.45,0
2025-08-11T14:15:00+05:30,24539.25,24544.3,24538.35,24543.45,0
2025-08-11T14:16:00+05:30,24542.7,24545.45,24538.05,24540.5,0
2025-08-11T14:17:00+05:30,24541.05,24546.3,24540.35,24543.4,0
2025-08-11T14:18:00+05:30,24542.6,24544.75,24524.2,24531.3,0
2025-08-11T14:19:00+05:30,24531.4,24538.3,24531.4,24537.25,0
2025-08-11T14:20:00+05:30,24537.4,24538.4,24529.2,24531.05,0
2025-08-11T14:21:00+05:30,24530.6,24536.4,24526.6,24531.35,0
2025-08-11T14:22:00+05:30,24530.95,24534.45,24528.75,24532.25,0
2025-08-11T14:23:00+05:30,24532.95,24537.55,24532.2,24536.2,0
2025-08-11T14:24:00+05:30,24536.5,24538.75,24533.55,24537.4,0
2025-08-11T14:25:00+05:30,24536.85,24540.45,24535.9,24540.1,0
2025-08-11T14:26:00+05:30,24540.05,24541.45,24536.2,24537.45,0
2025-08-11T14:27:00+05:30,24537.25,24540.9,24535.6,24538.05,0
2025-08-11T14:28:00+05:30,24538.15,24540.35,24535.6,24540.05,0
2025-08-11T14:29:00+05:30,24539.0,24543.55,24539.0,24542.75,0
2025-08-11T14:30:00+05:30,24542.8,24556.85,24542.8,24556.65,0
2025-08-11T14:31:00+05:30,24555.85,24567.95,24555.85,24566.15,0
2025-08-11T14:32:00+05:30,24565.0,24570.4,24562.6,24566.2,0
2025-08-11T14:33:00+05:30,24565.35,24572.6,24565.35,24570.95,0
2025-08-11T14:34:00+05:30,24570.85,24573.0,24565.6,24569.05,0
2025-08-11T14:35:00+05:30,24567.55,24569.55,24557.5,24561.35,0
2025-08-11T14:36:00+05:30,24560.45,24579.2,24559.8,24569.8,0
2025-08-11T14:37:00+05:30,24569.2,24572.35,24563.9,24571.8,0
2025-08-11T14:38:00+05:30,24570.8,24583.65,24570.8,24578.15,0
2025-08-11T14:39:00+05:30,24577.75,24579.05,24570.6,24572.0,0
2025-08-11T14:40:00+05:30,24572.9,24573.85,24567.75,24572.15,0
2025-08-11T14:41:00+05:30,24572.55,24573.4,24558.85,24559.35,0
2025-08-11T14:42:00+05:30,24559.1,24561.25,24553.95,24556.7,0
2025-08-11T14:43:00+05:30,24556.2,24557.15,24551.3,24553.4,0
2025-08-11T14:44:00+05:30,24552.8,24557.65,24550.9,24557.0,0
2025-08-11T14:45:00+05:30,24556.55,24566.5,24556.4,24565.5,0
2025-08-11T14:46:00+05:30,24565.85,24571.45,24564.95,24571.0,0
2025-08-11T14:47:00+05:30,24570.55,24577.0,24569.85,24573.55,0
2025-08-11T14:48:00+05:30,24573.95,24576.15,24572.45,24575.25,0
2025-08-11T14:49:00+05:30,24574.3,24581.85,24573.05,24577.05,0
2025-08-11T14:50:00+05:30,24576.7,24581.65,24574.9,24576.3,0
2025-08-11T14:51:00+05:30,24576.0,24577.9,24572.1,24574.35,0
2025-08-11T14:52:00+05:30,24574.0,24576.9,24570.7,24575.35,0
2025-08-11T14:53:00+05:30,24575.3,24577.15,24573.6,24576.45,0
2025-08-11T14:54:00+05:30,24576.8,24580.45,24574.2,24577.75,0
2025-08-11T14:55:00+05:30,24577.35,24577.8,24572.15,24575.3,0
2025-08-11T14:56:00+05:30,24574.7,24577.15,24570.95,24577.15,0
2025-08-11T14:57:00+05:30,24576.55,24578.8,24573.65,24578.5,0
2025-08-11T14:58:00+05:30,24578.45,24579.35,24574.85,24577.45,0
2025-08-11T14:59:00+05:30,24576.95,24579.8,24573.95,24578.55,0
2025-08-11T15:00:00+05:30,24578.45,24590.95,24578.45,24584.15,0
2025-08-11T15:01:00+05:30,24584.7,24588.8,24575.35,24581.75,0
2025-08-11T15:02:00+05:30,24580.4,24585.3,24575.0,24577.6,0
2025-08-11T15:03:00+05:30,24578.3,24582.15,24575.6,24582.15,0
2025-08-11T15:04:00+05:30,24582.2,24588.5,24581.55,24586.2,0
2025-08-11T15:05:00+05:30,24586.7,24592.9,24586.4,24592.1,0
2025-08-11T15:06:00+05:30,24591.6,24596.0,24590.3,24594.9,0
2025-08-11T15:07:00+05:30,24595.3,24600.85,24595.05,24599.75,0
2025-08-11T15:08:00+05:30,24599.85,24600.3,24593.35,24594.45,0
2025-08-11T15:09:00+05:30,24593.9,24598.65,24593.9,24597.55,0
2025-08-11T15:10:00+05:30,24595.0,24598.65,24591.05,24592.3,0
2025-08-11T15:11:00+05:30,24592.15,24596.6,24591.6,24593.65,0
2025-08-11T15:12:00+05:30,24593.75,24595.65,24589.35,24589.85,0
2025-08-11T15:13:00+05:30,24590.2,24592.4,24584.95,24585.8,0
2025-08-11T15:14:00+05:30,24584.3,24589.8,24584.1,24585.95,0
2025-08-11T15:15:00+05:30,24585.9,24587.05,24581.1,24582.0,0
2025-08-11T15:16:00+05:30,24583.05,24583.6,24574.65,24575.95,0
2025-08-11T15:17:00+05:30,24575.35,24583.0,24575.35,24577.2,0
2025-08-11T15:18:00+05:30,24576.65,24578.55,24573.7,24574.85,0
2025-08-11T15:19:00+05:30,24575.0,24576.45,24573.6,24574.3,0
2025-08-11T15:20:00+05:30,24574.4,24576.2,24570.25,24575.8,0
2025-08-11T15:21:00+05:30,24576.3,24580.0,24574.4,24579.35,0
2025-08-11T15:22:00+05:30,24579.55,24584.55,24578.6,24582.9,0
2025-08-11T15:23:00+05:30,24582.75,24587.15,24580.65,24580.85,0
2025-08-11T15:24:00+05:30,24580.65,24582.1,24574.4,24575.6,0
2025-08-11T15:25:00+05:30,24574.5,24574.8,24565.5,24567.15,0
2025-08-11T15:26:00+05:30,24567.2,24569.3,24565.0,24567.2,0
2025-08-11T15:27:00+05:30,24566.9,24567.75,24557.75,24559.3,0
2025-08-11T15:28:00+05:30,24556.9,24561.2,24549.55,24550.35,0
2025-08-11T15:29:00+05:30,24549.45,24568.3,24544.55,24562.15,0
2025-08-12T09:15:00+05:30,24563.35,24563.35,24530.75,24543.95,0
2025-08-12T09:16:00+05:30,24544.45,24565.15,24540.6,24564.25,0
2025-08-12T09:17:00+05:30,24563.05,24569.65,24553.3,24568.95,0
2025-08-12T09:18:00+05:30,24567.65,24581.0,24566.3,24579.25,0
2025-08-12T09:19:00+05:30,24576.9,24588.0,24572.15,24574.0,0
2025-08-12T09:20:00+05:30,24573.3,24581.15,24567.45,24578.85,0
2025-08-12T09:21:00+05:30,24577.85,24590.95,24577.15,24589.95,0
2025-08-12T09:22:00+05:30,24590.45,24595.85,24583.25,24585.7,0
2025-08-12T09:23:00+05:30,24585.85,24599.05,24585.85,24597.6,0
2025-08-12T09:24:00+05:30,24597.95,24612.6,24594.35,24610.25,0
2025-08-12T09:25:00+05:30,24609.9,24627.55,24608.0,24624.15,0
2025-08-12T09:26:00+05:30,24623.9,24627.9,24618.05,24619.7,0
2025-08-12T09:27:00+05:30,24620.7,24623.55,24613.0,24614.5,0
2025-08-12T09:28:00+05:30,24614.7,24619.35,24611.9,24617.15,0
2025-08-12T09:29:00+05:30,24616.95,24621.1,24609.75,24619.25,0
2025-08-12T09:30:00+05:30,24618.85,24622.2,24607.05,24614.4,0
2025-08-12T09:31:00+05:30,24613.45,24635.6,24613.45,24634.2,0
2025-08-12T09:32:00+05:30,24634.9,24641.05,24632.35,24634.2,0
2025-08-12T09:33:00+05:30,24632.85,24638.45,24631.45,24634.05,0
2025-08-12T09:34:00+05:30,24634.55,24637.1,24630.3,24633.2,0
2025-08-12T09:35:00+05:30,24630.7,24635.85,24625.1,24625.2,0
2025-08-12T09:36:00+05:30,24625.3,24631.15,24622.7,24628.5,0
2025-08-12T09:37:00+05:30,24627.8,24635.1,24626.15,24628.35,0
2025-08-12T09:38:00+05:30,24628.55,24636.75,24623.8,24632.65,0
2025-08-12T09:39:00+05:30,24631.95,24633.85,24624.5,24627.55,0
2025-08-12T09:40:00+05:30,24627.4,24632.75,24623.65,24629.1,0
2025-08-12T09:41:00+05:30,24628.75,24630.95,24625.05,24625.8,0
2025-08-12T09:42:00+05:30,24627.3,24638.1,24627.3,24636.1,0
2025-08-12T09:43:00+05:30,24635.55,24646.0,24635.55,24642.2,0
2025-08-12T09:44:00+05:30,24641.7,24648.0,24641.05,24644.85,0
2025-08-12T09:45:00+05:30,24645.3,24660.2,24645.3,24655.2,0
2025-08-12T09:46:00+05:30,24655.6,24661.75,24651.85,24652.15,0
2025-08-12T09:47:00+05:30,24652.05,24656.35,24645.9,24649.55,0
2025-08-12T09:48:00+05:30,24650.65,24655.9,24649.5,24652.35,0
2025-08-12T09:49:00+05:30,24651.75,24659.45,24651.75,24654.2,0
2025-08-12T09:50:00+05:30,24653.7,24662.15,24651.45,24654.65,0
2025-08-12T09:51:00+05:30,24654.75,24658.8,24649.7,24653.2,0
2025-08-12T09:52:00+05:30,24650.8,24657.7,24647.8,24654.2,0
2025-08-12T09:53:00+05:30,24655.05,24665.45,24654.95,24662.7,0
2025-08-12T09:54:00+05:30,24661.9,24668.9,24660.1,24668.35,0
2025-08-12T09:55:00+05:30,24668.9,24675.45,24668.9,24673.55,0
2025-08-12T09:56:00+05:30,24674.7,24680.1,24669.0,24670.5,0
2025-08-12T09:57:00+05:30,24670.9,24676.1,24670.5,24672.2,0
2025-08-12T09:58:00+05:30,24671.45,24682.3,24671.45,24678.8,0
2025-08-12T09:59:00+05:30,24678.75,24684.9,24677.8,24684.7,0
2025-08-12T10:00:00+05:30,24684.35,24686.85,24676.45,24679.95,0
2025-08-12T10:01:00+05:30,24680.6,24697.5,24677.9,24697.2,0
2025-08-12T10:02:00+05:30,24698.25,24702.6,24695.0,24696.2,0
2025-08-12T10:03:00+05:30,24696.25,24697.05,24687.4,24694.25,0
2025-08-12T10:04:00+05:30,24693.55,24698.1,24689.0,24692.9,0
2025-08-12T10:05:00+05:30,24693.95,24697.4,24688.8,24693.2,0
2025-08-12T10:06:00+05:30,24693.1,24693.1,24684.3,24684.7,0
2025-08-12T10:07:00+05:30,24684.9,24692.1,24683.35,24690.7,0
2025-08-12T10:08:00+05:30,24690.75,24694.8,24688.85,24691.0,0
2025-08-12T10:09:00+05:30,24690.7,24695.6,24687.7,24689.9,0
2025-08-12T10:10:00+05:30,24689.8,24691.55,24684.05,24684.05,0
2025-08-12T10:11:00+05:30,24684.5,24684.75,24671.3,24677.75,0
2025-08-12T10:12:00+05:30,24677.55,24678.7,24664.05,24665.05,0
2025-08-12T10:13:00+05:30,24664.75,24674.65,24663.65,24665.4,0
2025-08-12T10:14:00+05:30,24665.7,24666.2,24656.8,24662.35,0
2025-08-12T10:15:00+05:30,24662.15,24671.95,24648.3,24671.95,0
2025-08-12T10:16:00+05:30,24671.85,24682.0,24671.4,24672.3,0
2025-08-12T10:17:00+05:30,24671.85,24671.85,24658.6,24658.6,0
2025-08-12T10:18:00+05:30,24658.5,24664.7,24656.2,24659.3,0
2025-08-12T10:19:00+05:30,24658.55,24659.05,24643.55,24650.9,0
2025-08-12T10:20:00+05:30,24650.6,24660.85,24650.4,24653.35,0
2025-08-12T10:21:00+05:30,24652.85,24658.3,24650.85,24656.6,0
2025-08-12T10:22:00+05:30,24655.35,24658.05,24650.25,24650.9,0
2025-08-12T10:23:00+05:30,24650.7,24663.35,24650.45,24660.1,0
2025-08-12T10:24:00+05:30,24660.15,24666.0,24655.95,24657.75,0
2025-08-12T10:25:00+05:30,24658.35,24662.15,24650.35,24650.35,0
2025-08-12T10:26:00+05:30,24649.0,24653.0,24639.4,24647.0,0
2025-08-12T10:27:00+05:30,24646.4,24647.55,24629.95,24630.25,0
2025-08-12T10:28:00+05:30,24628.9,24628.9,24611.5,24617.3,0
2025-08-12T10:29:00+05:30,24617.05,24618.1,24611.9,24613.65,0
2025-08-12T10:30:00+05:30,24612.7,24612.7,24594.65,24600.75,0
2025-08-12T10:31:00+05:30,24601.4,24601.4,24574.95,24574.95,0
2025-08-12T10:32:00+05:30,24576.65,24596.65,24562.25,24596.65,0
2025-08-12T10:33:00+05:30,24598.3,24598.3,24580.9,24582.55,0
2025-08-12T10:34:00+05:30,24582.7,24587.1,24581.1,24581.75,0
2025-08-12T10:35:00+05:30,24582.05,24597.55,24580.25,24597.55,0
2025-08-12T10:36:00+05:30,24598.35,24606.7,24598.35,24602.7,0
2025-08-12T10:37:00+05:30,24602.65,24609.0,24601.35,24606.1,0
2025-08-12T10:38:00+05:30,24607.1,24608.0,24593.45,24594.0,0
2025-08-12T10:39:00+05:30,24594.05,24597.2,24589.9,24595.6,0
2025-08-12T10:40:00+05:30,24595.45,24597.25,24591.45,24597.25,0
2025-08-12T10:41:00+05:30,24597.65,24604.9,24597.35,24604.1,0
2025-08-12T10:42:00+05:30,24604.05,24611.35,24600.1,24600.1,0
2025-08-12T10:43:00+05:30,24600.05,24602.55,24592.6,24594.4,0
2025-08-12T10:44:00+05:30,24593.85,24597.05,24582.05,24583.85,0
2025-08-12T10:45:00+05:30,24583.3,24584.65,24570.4,24573.25,0
2025-08-12T10:46:00+05:30,24573.1,24578.25,24572.65,24578.25,0
2025-08-12T10:47:00+05:30,24577.8,24591.05,24576.35,24590.3,0
2025-08-12T10:48:00+05:30,24590.25,24596.15,24587.95,24592.35,0
2025-08-12T10:49:00+05:30,24593.15,24593.65,24576.95,24582.35,0
2025-08-12T10:50:00+05:30,24582.15,24588.8,24578.15,24588.35,0
2025-08-12T10:51:00+05:30,24588.4,24590.8,24584.05,24587.55,0
2025-08-12T10:52:00+05:30,24587.45,24588.35,24581.15,24582.05,0
2025-08-12T10:53:00+05:30,24581.75,24583.2,24578.9,24581.85,0
2025-08-12T10:54:00+05:30,24581.55,24582.55,24579.15,24582.4,0
2025-08-12T10:55:00+05:30,24581.95,24604.45,24581.35,24591.8,0
2025-08-12T10:56:00+05:30,24591.6,24594.05,24584.75,24585.1,0
2025-08-12T10:57:00+05:30,24584.35,24589.95,24584.15,24588.65,0
2025-08-12T10:58:00+05:30,24588.1,24589.4,24585.75,24586.75,0
2025-08-12T10:59:00+05:30,24586.55,24588.15,24579.3,24580.75,0
2025-08-12T11:00:00+05:30,24579.7,24581.75,24574.15,24576.4,0
2025-08-12T11:01:00+05:30,24575.8,24580.9,24573.45,24579.15,0
2025-08-12T11:02:00+05:30,24579.4,24581.2,24567.4,24568.6,0
2025-08-12T11:03:00+05:30,24568.1,24568.25,24554.7,24560.55,0
2025-08-12T11:04:00+05:30,24559.95,24560.7,24551.9,24556.65,0
2025-08-12T11:05:00+05:30,24555.8,24558.1,24552.9,24557.15,0
2025-08-12T11:06:00+05:30,24556.8,24561.8,24551.25,24552.1,0
2025-08-12T11:07:00+05:30,24551.3,24552.55,24543.9,24547.1,0
2025-08-12T11:08:00+05:30,24547.0,24547.0,24532.7,24535.45,0
2025-08-12T11:09:00+05:30,24535.35,24540.75,24533.75,24540.25,0
2025-08-12T11:10:00+05:30,24540.15,24544.55,24538.6,24542.7,0
2025-08-12T11:11:00+05:30,24542.55,24544.25,24538.5,24544.0,0
2025-08-12T11:12:00+05:30,24542.95,24547.5,24542.4,24543.9,0
2025-08-12T11:13:00+05:30,24544.15,24548.25,24543.05,24547.15,0
2025-08-12T11:14:00+05:30,24547.4,24549.4,24544.15,24544.15,0
2025-08-12T11:15:00+05:30,24544.05,24548.65,24541.75,24548.0,0
2025-08-12T11:16:00+05:30,24547.05,24556.9,24546.4,24556.5,0
2025-08-12T11:17:00+05:30,24556.75,24577.35,24556.3,24572.7,0
2025-08-12T11:18:00+05:30,24572.35,24585.9,24568.85,24585.8,0
2025-08-12T11:19:00+05:30,24588.8,24593.25,24579.75,24580.2,0
2025-08-12T11:20:00+05:30,24580.05,24584.1,24573.3,24574.9,0
2025-08-12T11:21:00+05:30,24575.25,24584.15,24571.45,24583.15,0
2025-08-12T11:22:00+05:30,24582.6,24583.15,24570.9,24573.9,0
2025-08-12T11:23:00+05:30,24574.15,24580.5,24573.15,24573.9,0
2025-08-12T11:24:00+05:30,24573.95,24578.0,24572.15,24573.55,0
2025-08-12T11:25:00+05:30,24573.2,24575.2,24566.05,24566.6,0
2025-08-12T11:26:00+05:30,24566.35,24566.35,24554.4,24560.95,0
2025-08-12T11:27:00+05:30,24560.15,24561.9,24557.4,24559.3,0
2025-08-12T11:28:00+05:30,24558.75,24559.1,24555.15,24558.4,0
2025-08-12T11:29:00+05:30,24558.45,24558.45,24551.05,24556.7,0
2025-08-12T11:30:00+05:30,24556.3,24571.9,24555.55,24569.95,0
2025-08-12T11:31:00+05:30,24569.55,24569.55,24558.05,24560.25,0
2025-08-12T11:32:00+05:30,24560.3,24562.55,24557.15,24558.5,0
2025-08-12T11:33:00+05:30,24560.35,24564.1,24556.9,24562.6,0
2025-08-12T11:34:00+05:30,24562.9,24563.95,24556.8,24559.3,0
2025-08-12T11:35:00+05:30,24558.8,24565.45,24557.1,24564.95,0
2025-08-12T11:36:00+05:30,24564.6,24568.75,24564.2,24565.1,0
2025-08-12T11:37:00+05:30,24565.05,24565.5,24560.8,24565.5,0
2025-08-12T11:38:00+05:30,24565.25,24567.75,24562.45,24564.5,0
2025-08-12T11:39:00+05:30,24564.7,24565.35,24560.35,24561.0,0
2025-08-12T11:40:00+05:30,24561.15,24565.1,24560.9,24564.85,0
2025-08-12T11:41:00+05:30,24564.75,24567.55,24557.6,24558.1,0
2025-08-12T11:42:00+05:30,24557.25,24561.0,24554.4,24560.85,0
2025-08-12T11:43:00+05:30,24560.6,24561.5,24558.45,24561.15,0
2025-08-12T11:44:00+05:30,24560.8,24563.4,24559.65,24561.75,0
2025-08-12T11:45:00+05:30,24561.35,24561.5,24556.55,24557.25,0
2025-08-12T11:46:00+05:30,24556.95,24562.45,24556.95,24560.3,0
2025-08-12T11:47:00+05:30,24558.5,24558.5,24549.0,24549.0,0
2025-08-12T11:48:00+05:30,24549.05,24549.3,24545.05,24546.35,0
2025-08-12T11:49:00+05:30,24545.8,24546.85,24543.55,24545.95,0
2025-08-12T11:50:00+05:30,24545.7,24545.7,24531.45,24542.45,0
2025-08-12T11:51:00+05:30,24541.3,24544.6,24539.9,24543.15,0
2025-08-12T11:52:00+05:30,24543.4,24546.75,24540.75,24545.6,0
2025-08-12T11:53:00+05:30,24545.0,24549.7,24543.15,24549.15,0
2025-08-12T11:54:00+05:30,24549.4,24550.7,24547.3,24548.9,0
2025-08-12T11:55:00+05:30,24548.8,24555.15,24548.1,24553.5,0
2025-08-12T11:56:00+05:30,24553.7,24554.15,24550.2,24553.1,0
2025-08-12T11:57:00+05:30,24553.65,24561.8,24552.25,24561.8,0
2025-08-12T11:58:00+05:30,24561.75,24566.55,24560.35,24564.45,0
2025-08-12T11:59:00+05:30,24564.55,24565.75,24560.95,24565.75,0
2025-08-12T12:00:00+05:30,24565.85,24569.75,24561.35,24562.45,0
2025-08-12T12:01:00+05:30,24560.85,24561.75,24554.4,24554.6,0
2025-08-12T12:02:00+05:30,24554.8,24558.35,24553.85,24555.35,0
2025-08-12T12:03:00+05:30,24555.9,24558.2,24553.9,24557.65,0
2025-08-12T12:04:00+05:30,24558.05,24558.05,24553.5,24554.1,0
2025-08-12T12:05:00+05:30,24554.25,24555.1,24552.7,24554.8,0
2025-08-12T12:06:00+05:30,24554.2,24559.9,24553.1,24557.95,0
2025-08-12T12:07:00+05:30,24558.25,24559.2,24555.15,24555.65,0
2025-08-12T12:08:00+05:30,24555.8,24562.7,24555.25,24562.0,0
2025-08-12T12:09:00+05:30,24562.3,24567.85,24561.0,24565.15,0
2025-08-12T12:10:00+05:30,24565.5,24566.75,24563.85,24564.15,0
2025-08-12T12:11:00+05:30,24563.9,24564.35,24559.85,24561.75,0
2025-08-12T12:12:00+05:30,24561.3,24561.85,24556.55,24559.45,0
2025-08-12T12:13:00+05:30,24559.35,24566.65,24553.5,24559.95,0
2025-08-12T12:14:00+05:30,24559.55,24564.95,24558.85,24561.75,0
2025-08-12T12:15:00+05:30,24561.85,24565.4,24561.15,24564.05,0
2025-08-12T12:16:00+05:30,24563.5,24563.95,24559.1,24561.35,0
2025-08-12T12:17:00+05:30,24561.1,24581.95,24560.25,24580.35,0
2025-08-12T12:18:00+05:30,24579.45,24581.8,24575.85,24579.4,0
2025-08-12T12:19:00+05:30,24578.25,24599.35,24573.7,24599.35,0
2025-08-12T12:20:00+05:30,24599.65,24605.05,24589.65,24604.85,0
2025-08-12T12:21:00+05:30,24603.8,24607.7,24599.85,24606.05,0
2025-08-12T12:22:00+05:30,24606.25,24606.25,24598.3,24604.25,0
2025-08-12T12:23:00+05:30,24604.3,24618.3,24602.25,24616.8,0
2025-08-12T12:24:00+05:30,24616.7,24618.9,24613.05,24617.8,0
2025-08-12T12:25:00+05:30,24617.55,24623.6,24612.5,24622.1,0
2025-08-12T12:26:00+05:30,24622.5,24623.05,24615.2,24615.85,0
2025-08-12T12:27:00+05:30,24616.35,24622.4,24615.25,24617.75,0
2025-08-12T12:28:00+05:30,24618.05,24618.45,24602.6,24603.85,0
2025-08-12T12:29:00+05:30,24603.0,24604.5,24594.75,24604.5,0
2025-08-12T12:30:00+05:30,24604.4,24616.45,24604.4,24613.75,0
2025-08-12T12:31:00+05:30,24612.1,24618.05,24610.35,24616.5,0
2025-08-12T12:32:00+05:30,24616.15,24625.95,24616.15,24624.3,0
2025-08-12T12:33:00+05:30,24624.6,24625.5,24620.05,24620.75,0
2025-08-12T12:34:00+05:30,24619.95,24622.75,24610.3,24614.7,0
2025-08-12T12:35:00+05:30,24614.1,24625.25,24612.85,24623.8,0
2025-08-12T12:36:00+05:30,24623.45,24633.3,24622.6,24628.35,0
2025-08-12T12:37:00+05:30,24627.7,24633.9,24623.1,24632.5,0
2025-08-12T12:38:00+05:30,24632.0,24638.3,24629.4,24634.9,0
2025-08-12T12:39:00+05:30,24634.5,24638.85,24634.2,24637.4,0
2025-08-12T12:40:00+05:30,24637.0,24640.35,24628.8,24631.7,0
2025-08-12T12:41:00+05:30,24633.6,24636.95,24629.45,24634.55,0
2025-08-12T12:42:00+05:30,24634.2,24636.05,24628.25,24635.2,0
2025-08-12T12:43:00+05:30,24636.4,24636.4,24628.9,24630.25,0
2025-08-12T12:44:00+05:30,24630.5,24635.1,24627.35,24631.7,0
2025-08-12T12:45:00+05:30,24633.7,24633.7,24622.5,24622.5,0
2025-08-12T12:46:00+05:30,24622.4,24630.75,24621.2,24628.25,0
2025-08-12T12:47:00+05:30,24628.85,24629.95,24620.2,24620.2,0
2025-08-12T12:48:00+05:30,24620.1,24620.55,24609.5,24609.95,0
2025-08-12T12:49:00+05:30,24609.85,24614.1,24607.45,24611.85,0
2025-08-12T12:50:00+05:30,24610.85,24616.1,24610.6,24612.2,0
2025-08-12T12:51:00+05:30,24612.25,24616.45,24606.9,24609.0,0
2025-08-12T12:52:00+05:30,24608.95,24609.2,24597.75,24608.15,0
2025-08-12T12:53:00+05:30,24608.1,24611.05,24604.75,24606.2,0
2025-08-12T12:54:00+05:30,24606.4,24607.35,24598.65,24598.65,0
2025-08-12T12:55:00+05:30,24598.9,24603.3,24597.95,24602.65,0
2025-08-12T12:56:00+05:30,24602.75,24603.3,24594.3,24595.65,0
2025-08-12T12:57:00+05:30,24596.35,24596.8,24590.0,24595.55,0
2025-08-12T12:58:00+05:30,24595.15,24599.8,24594.2,24597.95,0
2025-08-12T12:59:00+05:30,24597.9,24601.35,24595.05,24595.05,0
2025-08-12T13:00:00+05:30,24595.35,24598.65,24592.2,24598.4,0
2025-08-12T13:01:00+05:30,24597.7,24602.35,24595.85,24600.75,0
2025-08-12T13:02:00+05:30,24600.65,24612.35,24600.15,24611.6,0
2025-08-12T13:03:00+05:30,24612.1,24619.7,24610.35,24611.6,0
2025-08-12T13:04:00+05:30,24611.5,24614.75,24608.75,24614.1,0
2025-08-12T13:05:00+05:30,24613.65,24615.35,24608.75,24612.1,0
2025-08-12T13:06:00+05:30,24611.15,24611.95,24605.4,24606.25,0
2025-08-12T13:07:00+05:30,24606.4,24607.1,24600.15,24607.1,0
2025-08-12T13:08:00+05:30,24605.45,24606.15,24600.8,24604.05,0
2025-08-12T13:09:00+05:30,24605.05,24608.8,24601.35,24607.1,0
2025-08-12T13:10:00+05:30,24607.3,24610.95,24604.9,24608.9,0
2025-08-12T13:11:00+05:30,24608.65,24609.0,24597.8,24600.4,0
2025-08-12T13:12:00+05:30,24601.95,24604.05,24599.75,24604.05,0
2025-08-12T13:13:00+05:30,24603.7,24606.75,24600.7,24603.0,0
2025-08-12T13:14:00+05:30,24602.15,24605.35,24596.65,24597.2,0
2025-08-12T13:15:00+05:30,24597.25,24597.25,24578.0,24582.2,0
2025-08-12T13:16:00+05:30,24581.4,24584.8,24572.45,24577.75,0
2025-08-12T13:17:00+05:30,24577.55,24579.4,24575.65,24577.6,0
2025-08-12T13:18:00+05:30,24577.95,24579.45,24574.65,24574.65,0
2025-08-12T13:19:00+05:30,24575.3,24581.15,24574.45,24576.75,0
2025-08-12T13:20:00+05:30,24577.6,24584.7,24572.55,24583.45,0
2025-08-12T13:21:00+05:30,24582.95,24585.6,24582.15,24585.05,0
2025-08-12T13:22:00+05:30,24583.6,24584.25,24579.25,24583.2,0
2025-08-12T13:23:00+05:30,24582.3,24585.3,24581.15,24581.85,0
2025-08-12T13:24:00+05:30,24582.7,24582.7,24575.8,24579.5,0
2025-08-12T13:25:00+05:30,24579.8,24581.95,24576.2,24580.8,0
2025-08-12T13:26:00+05:30,24578.8,24580.8,24567.85,24571.55,0
2025-08-12T13:27:00+05:30,24573.1,24573.1,24549.5,24566.05,0
2025-08-12T13:28:00+05:30,24566.85,24569.55,24564.85,24568.8,0
2025-08-12T13:29:00+05:30,24569.0,24576.5,24567.25,24574.75,0
2025-08-12T13:30:00+05:30,24574.8,24579.15,24573.75,24577.2,0
2025-08-12T13:31:00+05:30,24577.25,24577.25,24567.45,24570.2,0
2025-08-12T13:32:00+05:30,24570.35,24570.6,24567.65,24569.25,0
2025-08-12T13:33:00+05:30,24568.6,24569.85,24565.75,24565.75,0
2025-08-12T13:34:00+05:30,24565.25,24568.75,24563.65,24565.7,0
2025-08-12T13:35:00+05:30,24565.65,24568.1,24563.0,24567.9,0
2025-08-12T13:36:00+05:30,24566.4,24568.4,24565.0,24566.25,0
2025-08-12T13:37:00+05:30,24567.0,24568.25,24564.55,24567.95,0
2025-08-12T13:38:00+05:30,24567.85,24571.35,24565.35,24570.8,0
2025-08-12T13:39:00+05:30,24570.35,24574.4,24568.2,24572.55,0
2025-08-12T13:40:00+05:30,24571.9,24572.25,24561.3,24562.6,0
2025-08-12T13:41:00+05:30,24562.25,24564.4,24561.0,24562.05,0
2025-08-12T13:42:00+05:30,24562.15,24563.9,24558.4,24561.5,0
2025-08-12T13:43:00+05:30,24561.7,24569.3,24561.7,24565.2,0
2025-08-12T13:44:00+05:30,24565.15,24566.8,24562.95,24564.9,0
2025-08-12T13:45:00+05:30,24564.7,24569.95,24561.7,24567.6,0
2025-08-12T13:46:00+05:30,24567.15,24571.6,24565.1,24570.6,0
2025-08-12T13:47:00+05:30,24570.95,24577.7,24569.6,24576.7,0
2025-08-12T13:48:00+05:30,24576.45,24576.45,24563.4,24563.4,0
2025-08-12T13:49:00+05:30,24564.6,24567.15,24563.35,24565.7,0
2025-08-12T13:50:00+05:30,24566.15,24569.05,24565.2,24566.0,0
2025-08-12T13:51:00+05:30,24565.9,24569.0,24563.9,24567.55,0
2025-08-12T13:52:00+05:30,24567.1,24576.8,24566.4,24575.0,0
2025-08-12T13:53:00+05:30,24574.75,24575.2,24572.0,24573.75,0
2025-08-12T13:54:00+05:30,24573.5,24577.15,24572.45,24575.45,0
2025-08-12T13:55:00+05:30,24575.65,24576.1,24569.3,24574.05,0
2025-08-12T13:56:00+05:30,24575.05,24576.35,24569.85,24571.4,0
2025-08-12T13:57:00+05:30,24570.95,24584.4,24569.95,24584.3,0
2025-08-12T13:58:00+05:30,24585.4,24604.7,24583.85,24604.7,0
2025-08-12T13:59:00+05:30,24605.9,24607.6,24599.5,24603.55,0
2025-08-12T14:00:00+05:30,24603.7,24606.15,24593.3,24598.45,0
2025-08-12T14:01:00+05:30,24598.05,24598.1,24577.5,24577.5,0
2025-08-12T14:02:00+05:30,24577.25,24578.05,24571.55,24575.45,0
2025-08-12T14:03:00+05:30,24575.65,24576.45,24570.05,24571.35,0
2025-08-12T14:04:00+05:30,24571.75,24571.85,24561.1,24561.5,0
2025-08-12T14:05:00+05:30,24561.75,24563.4,24556.7,24558.75,0
2025-08-12T14:06:00+05:30,24558.55,24560.7,24552.5,24553.4,0
2025-08-12T14:07:00+05:30,24553.65,24564.05,24552.55,24558.7,0
2025-08-12T14:08:00+05:30,24559.6,24562.05,24555.9,24556.0,0
2025-08-12T14:09:00+05:30,24555.3,24556.3,24552.25,24552.25,0
2025-08-12T14:10:00+05:30,24552.9,24552.9,24539.95,24549.65,0
2025-08-12T14:11:00+05:30,24549.2,24551.65,24546.7,24547.55,0
2025-08-12T14:12:00+05:30,24547.05,24547.05,24534.85,24536.7,0
2025-08-12T14:13:00+05:30,24536.55,24539.15,24535.05,24537.65,0
2025-08-12T14:14:00+05:30,24537.75,24547.75,24537.7,24542.65,0
2025-08-12T14:15:00+05:30,24544.05,24544.05,24527.4,24528.4,0
2025-08-12T14:16:00+05:30,24529.15,24530.55,24522.3,24530.55,0
2025-08-12T14:17:00+05:30,24531.35,24533.2,24524.25,24526.85,0
2025-08-12T14:18:00+05:30,24526.7,24531.35,24526.05,24527.5,0
2025-08-12T14:19:00+05:30,24527.15,24548.25,24527.15,24533.15,0
2025-08-12T14:20:00+05:30,24533.05,24534.45,24526.45,24527.25,0
2025-08-12T14:21:00+05:30,24526.9,24533.95,24526.4,24533.95,0
2025-08-12T14:22:00+05:30,24533.85,24545.35,24533.85,24544.95,0
2025-08-12T14:23:00+05:30,24545.05,24550.1,24539.4,24539.95,0
2025-08-12T14:24:00+05:30,24540.25,24544.05,24538.1,24539.0,0
2025-08-12T14:25:00+05:30,24539.05,24549.3,24537.85,24545.1,0
2025-08-12T14:26:00+05:30,24544.85,24562.3,24544.85,24546.5,0
2025-08-12T14:27:00+05:30,24546.9,24549.3,24545.2,24546.8,0
2025-08-12T14:28:00+05:30,24546.3,24546.6,24538.75,24540.8,0
2025-08-12T14:29:00+05:30,24542.8,24546.5,24540.05,24544.9,0
2025-08-12T14:30:00+05:30,24544.8,24544.8,24533.0,24533.4,0
2025-08-12T14:31:00+05:30,24533.25,24535.4,24526.35,24526.85,0
2025-08-12T14:32:00+05:30,24527.1,24527.1,24522.75,24522.75,0
2025-08-12T14:33:00+05:30,24522.25,24529.45,24521.85,24523.7,0
2025-08-12T14:34:00+05:30,24522.85,24523.25,24518.0,24519.3,0
2025-08-12T14:35:00+05:30,24519.15,24522.25,24517.1,24518.5,0
2025-08-12T14:36:00+05:30,24517.1,24525.2,24516.4,24523.75,0
2025-08-12T14:37:00+05:30,24524.55,24530.9,24522.4,24529.25,0
2025-08-12T14:38:00+05:30,24529.15,24531.05,24526.85,24527.7,0
2025-08-12T14:39:00+05:30,24527.25,24533.85,24526.05,24531.05,0
2025-08-12T14:40:00+05:30,24531.15,24531.15,24523.0,24523.6,0
2025-08-12T14:41:00+05:30,24522.85,24523.1,24500.55,24505.7,0
2025-08-12T14:42:00+05:30,24506.9,24518.15,24506.55,24513.3,0
2025-08-12T14:43:00+05:30,24513.1,24513.6,24507.35,24510.45,0
2025-08-12T14:44:00+05:30,24510.4,24517.0,24506.65,24507.45,0
2025-08-12T14:45:00+05:30,24507.25,24508.15,24503.3,24504.4,0
2025-08-12T14:46:00+05:30,24505.1,24510.55,24504.3,24505.7,0
2025-08-12T14:47:00+05:30,24505.45,24511.75,24505.15,24507.75,0
2025-08-12T14:48:00+05:30,24507.65,24511.35,24506.7,24511.05,0
2025-08-12T14:49:00+05:30,24510.3,24511.8,24493.15,24495.3,0
2025-08-12T14:50:00+05:30,24495.2,24495.6,24481.5,24494.25,0
2025-08-12T14:51:00+05:30,24493.65,24496.9,24490.15,24494.5,0
2025-08-12T14:52:00+05:30,24494.65,24497.45,24489.2,24492.35,0
2025-08-12T14:53:00+05:30,24492.3,24503.2,24491.35,24496.9,0
2025-08-12T14:54:00+05:30,24497.5,24497.5,24489.7,24492.5,0
2025-08-12T14:55:00+05:30,24492.7,24494.25,24489.1,24491.75,0
2025-08-12T14:56:00+05:30,24492.55,24502.05,24492.2,24500.5,0
2025-08-12T14:57:00+05:30,24500.7,24524.65,24499.4,24524.45,0
2025-08-12T14:58:00+05:30,24523.0,24523.0,24497.25,24500.1,0
2025-08-12T14:59:00+05:30,24500.6,24505.45,24496.15,24499.75,0
2025-08-12T15:00:00+05:30,24501.1,24503.8,24491.15,24491.25,0
2025-08-12T15:01:00+05:30,24493.1,24500.05,24490.3,24494.15,0
2025-08-12T15:02:00+05:30,24494.2,24495.35,24475.1,24479.35,0
2025-08-12T15:03:00+05:30,24482.1,24482.1,24465.65,24469.95,0
2025-08-12T15:04:00+05:30,24470.3,24476.65,24470.0,24470.75,0
2025-08-12T15:05:00+05:30,24472.75,24475.25,24471.5,24473.6,0
2025-08-12T15:06:00+05:30,24475.2,24485.3,24474.6,24484.2,0
2025-08-12T15:07:00+05:30,24484.9,24486.8,24480.05,24481.05,0
2025-08-12T15:08:00+05:30,24483.15,24487.25,24481.15,24486.75,0
2025-08-12T15:09:00+05:30,24487.6,24491.55,24485.8,24487.9,0
2025-08-12T15:10:00+05:30,24490.2,24494.15,24484.6,24486.55,0
2025-08-12T15:11:00+05:30,24487.3,24494.25,24486.35,24493.5,0
2025-08-12T15:12:00+05:30,24494.3,24499.05,24491.2,24494.45,0
2025-08-12T15:13:00+05:30,24493.5,24494.8,24487.25,24488.25,0
2025-08-12T15:14:00+05:30,24488.9,24490.25,24486.7,24490.25,0
2025-08-12T15:15:00+05:30,24490.85,24501.2,24490.85,24497.85,0
2025-08-12T15:16:00+05:30,24498.75,24499.5,24488.45,24490.25,0
2025-08-12T15:17:00+05:30,24490.65,24493.95,24485.4,24487.85,0
2025-08-12T15:18:00+05:30,24488.6,24491.3,24485.25,24488.6,0
2025-08-12T15:19:00+05:30,24489.15,24491.75,24486.85,24490.1,0
2025-08-12T15:20:00+05:30,24490.75,24493.35,24487.75,24488.6,0
2025-08-12T15:21:00+05:30,24491.0,24495.0,24487.3,24493.45,0
2025-08-12T15:22:00+05:30,24494.35,24495.05,24486.45,24487.3,0
2025-08-12T15:23:00+05:30,24487.5,24491.0,24484.8,24490.9,0
2025-08-12T15:24:00+05:30,24491.4,24496.35,24488.3,24493.8,0
2025-08-12T15:25:00+05:30,24493.4,24494.75,24489.95,24491.4,0
2025-08-12T15:26:00+05:30,24491.15,24491.65,24482.8,24484.25,0
2025-08-12T15:27:00+05:30,24484.85,24487.65,24482.95,24486.85,0
2025-08-12T15:28:00+05:30,24487.25,24487.25,24478.15,24481.35,0
2025-08-12T15:29:00+05:30,24480.6,24489.2,24477.75,24485.85,0
2025-08-13T09:15:00+05:30,24586.2,24587.5,24566.8,24582.3,0
2025-08-13T09:16:00+05:30,24582.0,24599.55,24580.55,24597.75,0
2025-08-13T09:17:00+05:30,24598.0,24598.7,24590.6,24593.25,0
2025-08-13T09:18:00+05:30,24591.6,24594.6,24574.35,24574.55,0
2025-08-13T09:19:00+05:30,24572.55,24574.15,24560.75,24566.3,0
2025-08-13T09:20:00+05:30,24566.2,24573.6,24561.05,24561.05,0
2025-08-13T09:21:00+05:30,24562.85,24562.85,24554.25,24559.5,0
2025-08-13T09:22:00+05:30,24559.2,24559.2,24547.9,24554.05,0
2025-08-13T09:23:00+05:30,24553.55,24556.9,24546.05,24546.05,0
2025-08-13T09:24:00+05:30,24544.5,24561.9,24543.85,24561.9,0
2025-08-13T09:25:00+05:30,24562.1,24574.8,24560.4,24561.75,0
2025-08-13T09:26:00+05:30,24560.95,24561.1,24555.55,24556.0,0
2025-08-13T09:27:00+05:30,24556.25,24557.65,24550.6,24553.6,0
2025-08-13T09:28:00+05:30,24554.7,24556.6,24543.2,24547.95,0
2025-08-13T09:29:00+05:30,24547.85,24552.85,24546.55,24546.85,0
2025-08-13T09:30:00+05:30,24546.5,24557.2,24544.4,24556.75,0
2025-08-13T09:31:00+05:30,24557.05,24562.65,24555.2,24561.8,0
2025-08-13T09:32:00+05:30,24561.65,24562.05,24543.65,24545.9,0
2025-08-13T09:33:00+05:30,24545.05,24549.5,24535.25,24549.05,0
2025-08-13T09:34:00+05:30,24549.15,24555.2,24548.1,24555.0,0
2025-08-13T09:35:00+05:30,24553.6,24557.7,24552.8,24556.7,0
2025-08-13T09:36:00+05:30,24556.3,24569.4,24553.65,24569.4,0
2025-08-13T09:37:00+05:30,24568.7,24571.7,24563.7,24568.65,0
2025-08-13T09:38:00+05:30,24569.0,24570.65,24567.25,24568.1,0
2025-08-13T09:39:00+05:30,24568.4,24569.95,24566.75,24568.0,0
2025-08-13T09:40:00+05:30,24568.7,24578.45,24567.55,24575.4,0
2025-08-13T09:41:00+05:30,24575.55,24583.95,24574.85,24583.2,0
2025-08-13T09:42:00+05:30,24583.15,24585.15,24577.8,24580.85,0
2025-08-13T09:43:00+05:30,24581.75,24583.35,24580.45,24581.6,0
2025-08-13T09:44:00+05:30,24581.25,24581.7,24569.55,24570.15,0
2025-08-13T09:45:00+05:30,24571.0,24585.6,24569.8,24582.2,0
2025-08-13T09:46:00+05:30,24582.1,24583.5,24580.55,24581.95,0
2025-08-13T09:47:00+05:30,24581.2,24582.5,24576.1,24581.35,0
2025-08-13T09:48:00+05:30,24581.9,24595.95,24581.0,24594.75,0
2025-08-13T09:49:00+05:30,24594.65,24596.75,24590.95,24590.95,0
2025-08-13T09:50:00+05:30,24590.25,24595.05,24590.05,24592.7,0
2025-08-13T09:51:00+05:30,24592.0,24593.05,24583.3,24587.4,0
2025-08-13T09:52:00+05:30,24587.6,24593.0,24586.6,24586.7,0
2025-08-13T09:53:00+05:30,24586.4,24586.5,24579.25,24582.9,0
2025-08-13T09:54:00+05:30,24582.75,24585.1,24580.55,24583.45,0
2025-08-13T09:55:00+05:30,24583.3,24586.8,24581.75,24585.45,0
2025-08-13T09:56:00+05:30,24585.5,24588.9,24584.2,24586.15,0
2025-08-13T09:57:00+05:30,24586.6,24598.45,24586.45,24592.1,0
2025-08-13T09:58:00+05:30,24591.8,24613.5,24591.3,24612.7,0
2025-08-13T09:59:00+05:30,24613.6,24614.2,24595.65,24598.6,0
2025-08-13T10:00:00+05:30,24597.8,24602.75,24597.65,24598.3,0
2025-08-13T10:01:00+05:30,24597.5,24599.2,24589.75,24592.95,0
2025-08-13T10:02:00+05:30,24591.9,24594.4,24590.6,24591.15,0
2025-08-13T10:03:00+05:30,24591.0,24595.35,24587.6,24595.2,0
2025-08-13T10:04:00+05:30,24594.65,24601.25,24594.65,24600.8,0
2025-08-13T10:05:00+05:30,24600.05,24602.15,24598.1,24598.6,0
2025-08-13T10:06:00+05:30,24598.9,24599.45,24593.75,24595.0,0
2025-08-13T10:07:00+05:30,24594.65,24594.85,24591.05,24591.5,0
2025-08-13T10:08:00+05:30,24591.65,24592.4,24586.8,24586.8,0
2025-08-13T10:09:00+05:30,24586.95,24597.85,24585.85,24597.65,0
2025-08-13T10:10:00+05:30,24597.7,24600.4,24593.3,24595.2,0
2025-08-13T10:11:00+05:30,24595.65,24595.65,24588.7,24589.65,0
2025-08-13T10:12:00+05:30,24588.65,24592.1,24587.4,24590.7,0
2025-08-13T10:13:00+05:30,24590.0,24590.75,24582.95,24583.3,0
2025-08-13T10:14:00+05:30,24583.55,24584.65,24579.45,24580.5,0
2025-08-13T10:15:00+05:30,24580.3,24587.6,24579.85,24586.35,0
2025-08-13T10:16:00+05:30,24586.15,24588.4,24584.25,24587.65,0
2025-08-13T10:17:00+05:30,24587.4,24596.25,24587.4,24593.5,0
2025-08-13T10:18:00+05:30,24593.55,24594.5,24584.25,24584.35,0
2025-08-13T10:19:00+05:30,24584.65,24584.95,24573.9,24577.65,0
2025-08-13T10:20:00+05:30,24576.75,24581.05,24572.4,24573.8,0
2025-08-13T10:21:00+05:30,24573.25,24575.2,24570.9,24574.9,0
2025-08-13T10:22:00+05:30,24574.95,24582.75,24574.95,24580.1,0
2025-08-13T10:23:00+05:30,24580.2,24583.65,24579.95,24582.45,0
2025-08-13T10:24:00+05:30,24581.8,24581.8,24574.55,24577.55,0
2025-08-13T10:25:00+05:30,24577.0,24577.6,24571.65,24575.8,0
2025-08-13T10:26:00+05:30,24575.9,24576.95,24573.75,24574.0,0
2025-08-13T10:27:00+05:30,24574.15,24579.45,24572.05,24579.45,0
2025-08-13T10:28:00+05:30,24578.25,24598.25,24575.85,24596.4,0
2025-08-13T10:29:00+05:30,24596.2,24605.8,24592.0,24592.0,0
2025-08-13T10:30:00+05:30,24591.3,24593.65,24589.5,24591.95,0
2025-08-13T10:31:00+05:30,24592.1,24594.0,24588.6,24588.6,0
2025-08-13T10:32:00+05:30,24588.35,24590.45,24585.85,24589.25,0
2025-08-13T10:33:00+05:30,24589.45,24590.85,24584.3,24585.7,0
2025-08-13T10:34:00+05:30,24585.9,24585.9,24580.35,24581.4,0
2025-08-13T10:35:00+05:30,24582.35,24582.95,24580.55,24582.1,0
2025-08-13T10:36:00+05:30,24581.6,24583.4,24577.9,24580.4,0
2025-08-13T10:37:00+05:30,24580.85,24582.45,24576.85,24577.0,0
2025-08-13T10:38:00+05:30,24577.05,24579.0,24575.2,24578.0,0
2025-08-13T10:39:00+05:30,24577.3,24578.15,24573.65,24574.5,0
2025-08-13T10:40:00+05:30,24574.3,24575.35,24572.4,24574.55,0
2025-08-13T10:41:00+05:30,24574.7,24575.55,24570.3,24570.75,0
2025-08-13T10:42:00+05:30,24571.0,24573.9,24570.65,24571.65,0
2025-08-13T10:43:00+05:30,24571.75,24574.3,24570.4,24573.4,0
2025-08-13T10:44:00+05:30,24573.6,24574.05,24571.7,24572.7,0
2025-08-13T10:45:00+05:30,24572.6,24572.6,24557.8,24559.1,0
2025-08-13T10:46:00+05:30,24558.95,24563.05,24556.9,24559.1,0
2025-08-13T10:47:00+05:30,24558.95,24559.9,24554.4,24558.5,0
2025-08-13T10:48:00+05:30,24558.55,24562.6,24557.65,24562.15,0
2025-08-13T10:49:00+05:30,24561.95,24568.8,24561.4,24568.25,0
2025-08-13T10:50:00+05:30,24569.0,24574.8,24568.3,24568.8,0
2025-08-13T10:51:00+05:30,24569.25,24573.85,24569.25,24573.85,0
2025-08-13T10:52:00+05:30,24573.9,24579.25,24571.0,24578.8,0
2025-08-13T10:53:00+05:30,24578.9,24583.45,24578.2,24582.3,0
2025-08-13T10:54:00+05:30,24582.55,24584.75,24580.4,24581.95,0
2025-08-13T10:55:00+05:30,24582.15,24584.4,24580.0,24583.6,0
2025-08-13T10:56:00+05:30,24583.95,24584.3,24576.1,24577.6,0
2025-08-13T10:57:00+05:30,24577.7,24579.55,24577.25,24578.7,0
2025-08-13T10:58:00+05:30,24578.75,24583.7,24577.35,24583.7,0
2025-08-13T10:59:00+05:30,24583.8,24588.8,24583.8,24587.7,0
2025-08-13T11:00:00+05:30,24588.25,24593.85,24583.35,24584.6,0
2025-08-13T11:01:00+05:30,24584.5,24593.2,24584.5,24593.2,0
2025-08-13T11:02:00+05:30,24592.65,24601.9,24591.9,24600.05,0
2025-08-13T11:03:00+05:30,24599.2,24599.75,24592.9,24595.55,0
2025-08-13T11:04:00+05:30,24596.25,24596.75,24589.05,24591.85,0
2025-08-13T11:05:00+05:30,24591.3,24595.15,24590.4,24593.6,0
2025-08-13T11:06:00+05:30,24593.7,24596.0,24592.85,24595.45,0
2025-08-13T11:07:00+05:30,24594.7,24595.3,24589.1,24589.1,0
2025-08-13T11:08:00+05:30,24589.35,24591.6,24586.25,24586.8,0
2025-08-13T11:09:00+05:30,24586.85,24588.2,24585.0,24587.2,0
2025-08-13T11:10:00+05:30,24587.0,24589.05,24586.4,24587.4,0
2025-08-13T11:11:00+05:30,24587.2,24587.2,24580.8,24580.95,0
2025-08-13T11:12:00+05:30,24580.55,24580.9,24564.85,24570.15,0
2025-08-13T11:13:00+05:30,24570.6,24585.25,24570.6,24585.15,0
2025-08-13T11:14:00+05:30,24585.3,24587.75,24583.05,24583.1,0
2025-08-13T11:15:00+05:30,24583.85,24589.75,24582.4,24588.6,0
2025-08-13T11:16:00+05:30,24589.4,24595.35,24589.4,24592.65,0
2025-08-13T11:17:00+05:30,24592.75,24593.45,24590.0,24592.15,0
2025-08-13T11:18:00+05:30,24592.25,24592.75,24587.7,24589.35,0
2025-08-13T11:19:00+05:30,24588.8,24592.7,24588.0,24591.55,0
2025-08-13T11:20:00+05:30,24591.35,24592.2,24585.8,24586.85,0
2025-08-13T11:21:00+05:30,24586.9,24587.4,24585.15,24586.05,0
2025-08-13T11:22:00+05:30,24586.2,24586.7,24583.2,24584.4,0
2025-08-13T11:23:00+05:30,24584.1,24584.1,24579.95,24581.75,0
2025-08-13T11:24:00+05:30,24582.2,24583.05,24577.55,24583.05,0
2025-08-13T11:25:00+05:30,24582.6,24586.55,24578.05,24579.4,0
2025-08-13T11:26:00+05:30,24580.35,24580.95,24574.6,24575.8,0
2025-08-13T11:27:00+05:30,24575.2,24576.3,24570.25,24571.8,0
2025-08-13T11:28:00+05:30,24572.15,24577.25,24570.15,24576.75,0
2025-08-13T11:29:00+05:30,24576.95,24578.5,24572.1,24572.6,0
2025-08-13T11:30:00+05:30,24572.5,24579.8,24572.4,24578.35,0
2025-08-13T11:31:00+05:30,24578.45,24578.95,24574.1,24576.1,0
2025-08-13T11:32:00+05:30,24576.0,24580.35,24576.0,24578.55,0
2025-08-13T11:33:00+05:30,24579.0,24579.75,24573.7,24573.95,0
2025-08-13T11:34:00+05:30,24574.2,24579.4,24572.6,24578.25,0
2025-08-13T11:35:00+05:30,24578.05,24579.65,24576.0,24578.3,0
2025-08-13T11:36:00+05:30,24579.0,24585.8,24578.4,24585.15,0
2025-08-13T11:37:00+05:30,24584.95,24586.1,24581.65,24581.65,0
2025-08-13T11:38:00+05:30,24582.05,24583.1,24577.35,24578.05,0
2025-08-13T11:39:00+05:30,24578.1,24579.3,24573.85,24574.05,0
2025-08-13T11:40:00+05:30,24574.0,24575.95,24573.0,24573.4,0
2025-08-13T11:41:00+05:30,24573.8,24575.65,24572.55,24575.65,0
2025-08-13T11:42:00+05:30,24575.45,24575.6,24572.7,24573.65,0
2025-08-13T11:43:00+05:30,24573.8,24574.25,24566.2,24566.95,0
2025-08-13T11:44:00+05:30,24566.8,24568.0,24565.35,24567.1,0
2025-08-13T11:45:00+05:30,24567.7,24568.7,24566.75,24567.05,0
2025-08-13T11:46:00+05:30,24567.25,24569.15,24564.4,24568.0,0
2025-08-13T11:47:00+05:30,24567.95,24571.75,24566.65,24570.65,0
2025-08-13T11:48:00+05:30,24570.5,24574.05,24567.75,24568.95,0
2025-08-13T11:49:00+05:30,24568.8,24572.95,24568.45,24569.25,0
2025-08-13T11:50:00+05:30,24568.85,24570.35,24566.4,24566.55,0
2025-08-13T11:51:00+05:30,24567.45,24569.55,24565.4,24568.65,0
2025-08-13T11:52:00+05:30,24568.4,24573.25,24568.05,24572.25,0
2025-08-13T11:53:00+05:30,24572.35,24579.75,24571.9,24576.3,0
2025-08-13T11:54:00+05:30,24577.2,24583.2,24574.4,24579.0,0
2025-08-13T11:55:00+05:30,24579.4,24580.1,24572.95,24573.6,0
2025-08-13T11:56:00+05:30,24574.1,24576.55,24571.7,24571.7,0
2025-08-13T11:57:00+05:30,24571.85,24573.2,24561.5,24563.0,0
2025-08-13T11:58:00+05:30,24563.05,24563.8,24557.15,24558.15,0
2025-08-13T11:59:00+05:30,24558.5,24558.5,24552.15,24552.35,0
2025-08-13T12:00:00+05:30,24552.7,24556.45,24548.65,24549.85,0
2025-08-13T12:01:00+05:30,24549.6,24556.85,24547.15,24555.4,0
2025-08-13T12:02:00+05:30,24556.05,24557.15,24538.9,24547.7,0
2025-08-13T12:03:00+05:30,24547.35,24560.6,24547.35,24553.0,0
2025-08-13T12:04:00+05:30,24553.5,24558.8,24552.25,24556.85,0
2025-08-13T12:05:00+05:30,24556.75,24566.45,24556.0,24565.55,0
2025-08-13T12:06:00+05:30,24565.75,24569.95,24564.2,24565.45,0
2025-08-13T12:07:00+05:30,24564.7,24569.75,24564.3,24568.15,0
2025-08-13T12:08:00+05:30,24567.55,24570.5,24567.25,24569.15,0
2025-08-13T12:09:00+05:30,24569.0,24570.65,24566.6,24567.05,0
2025-08-13T12:10:00+05:30,24567.95,24569.6,24564.4,24566.9,0
2025-08-13T12:11:00+05:30,24567.2,24573.05,24567.05,24571.5,0
2025-08-13T12:12:00+05:30,24572.25,24579.85,24570.95,24576.85,0
2025-08-13T12:13:00+05:30,24577.05,24579.7,24575.95,24578.85,0
2025-08-13T12:14:00+05:30,24578.9,24581.25,24576.4,24578.2,0
2025-08-13T12:15:00+05:30,24578.15,24580.25,24577.85,24579.5,0
2025-08-13T12:16:00+05:30,24579.6,24580.15,24573.0,24573.0,0
2025-08-13T12:17:00+05:30,24573.4,24573.85,24567.65,24567.95,0
2025-08-13T12:18:00+05:30,24568.45,24579.6,24567.8,24575.45,0
2025-08-13T12:19:00+05:30,24575.75,24579.1,24573.95,24576.9,0
2025-08-13T12:20:00+05:30,24577.2,24583.3,24573.0,24582.8,0
2025-08-13T12:21:00+05:30,24582.95,24591.55,24582.95,24591.55,0
2025-08-13T12:22:00+05:30,24591.35,24609.25,24591.35,24598.9,0
2025-08-13T12:23:00+05:30,24598.4,24598.7,24585.7,24593.75,0
2025-08-13T12:24:00+05:30,24592.9,24594.75,24590.8,24592.7,0
2025-08-13T12:25:00+05:30,24592.5,24594.85,24590.75,24592.55,0
2025-08-13T12:26:00+05:30,24592.25,24592.55,24584.65,24585.65,0
2025-08-13T12:27:00+05:30,24585.25,24589.0,24583.8,24589.0,0
2025-08-13T12:28:00+05:30,24588.65,24593.5,24588.65,24593.0,0
2025-08-13T12:29:00+05:30,24592.85,24594.85,24590.7,24594.85,0
2025-08-13T12:30:00+05:30,24593.9,24600.4,24593.9,24596.2,0
2025-08-13T12:31:00+05:30,24595.95,24601.95,24595.3,24601.95,0
2025-08-13T12:32:00+05:30,24601.2,24620.65,24601.2,24608.1,0
2025-08-13T12:33:00+05:30,24607.95,24614.0,24607.45,24614.0,0
2025-08-13T12:34:00+05:30,24613.95,24616.85,24613.1,24614.4,0
2025-08-13T12:35:00+05:30,24614.05,24615.85,24606.35,24607.65,0
2025-08-13T12:36:00+05:30,24607.3,24607.85,24602.6,24604.65,0
2025-08-13T12:37:00+05:30,24604.5,24605.6,24601.0,24601.8,0
2025-08-13T12:38:00+05:30,24601.25,24607.6,24600.5,24606.75,0
2025-08-13T12:39:00+05:30,24606.5,24608.9,24604.0,24608.65,0
2025-08-13T12:40:00+05:30,24608.55,24616.4,24607.15,24616.4,0
2025-08-13T12:41:00+05:30,24615.45,24619.95,24615.15,24619.05,0
2025-08-13T12:42:00+05:30,24618.6,24619.55,24614.9,24618.65,0
2025-08-13T12:43:00+05:30,24618.3,24619.35,24616.5,24617.55,0
2025-08-13T12:44:00+05:30,24617.3,24622.45,24617.15,24620.3,0
2025-08-13T12:45:00+05:30,24620.35,24622.9,24618.05,24622.9,0
2025-08-13T12:46:00+05:30,24622.25,24627.3,24622.25,24625.4,0
2025-08-13T12:47:00+05:30,24625.35,24626.25,24620.35,24624.4,0
2025-08-13T12:48:00+05:30,24624.3,24625.75,24621.55,24625.35,0
2025-08-13T12:49:00+05:30,24625.15,24627.5,24622.8,24624.55,0
2025-08-13T12:50:00+05:30,24624.2,24625.3,24622.7,24624.35,0
2025-08-13T12:51:00+05:30,24623.6,24628.7,24623.6,24626.9,0
2025-08-13T12:52:00+05:30,24626.3,24628.15,24620.8,24622.8,0
2025-08-13T12:53:00+05:30,24622.65,24624.5,24619.35,24623.85,0
2025-08-13T12:54:00+05:30,24623.15,24627.15,24621.55,24623.35,0
2025-08-13T12:55:00+05:30,24622.95,24625.4,24618.85,24620.65,0
2025-08-13T12:56:00+05:30,24620.4,24622.4,24614.95,24621.95,0
2025-08-13T12:57:00+05:30,24621.25,24629.0,24620.3,24628.25,0
2025-08-13T12:58:00+05:30,24627.95,24628.4,24623.75,24624.9,0
2025-08-13T12:59:00+05:30,24624.6,24625.8,24621.95,24625.45,0
2025-08-13T13:00:00+05:30,24625.2,24633.55,24624.9,24633.15,0
2025-08-13T13:01:00+05:30,24632.6,24635.0,24631.3,24632.4,0
2025-08-13T13:02:00+05:30,24632.55,24635.05,24631.2,24633.05,0
2025-08-13T13:03:00+05:30,24632.6,24634.8,24632.1,24634.2,0
2025-08-13T13:04:00+05:30,24633.95,24634.4,24625.65,24629.1,0
2025-08-13T13:05:00+05:30,24628.15,24635.25,24626.6,24634.85,0
2025-08-13T13:06:00+05:30,24633.5,24637.8,24629.7,24631.95,0
2025-08-13T13:07:00+05:30,24631.35,24638.05,24631.35,24637.45,0
2025-08-13T13:08:00+05:30,24636.7,24637.3,24634.2,24636.15,0
2025-08-13T13:09:00+05:30,24635.65,24635.9,24630.15,24632.0,0
2025-08-13T13:10:00+05:30,24631.15,24633.65,24628.6,24630.1,0
2025-08-13T13:11:00+05:30,24630.25,24632.3,24624.85,24625.8,0
2025-08-13T13:12:00+05:30,24624.7,24625.75,24617.0,24619.9,0
2025-08-13T13:13:00+05:30,24617.9,24620.15,24617.45,24620.0,0
2025-08-13T13:14:00+05:30,24619.35,24622.6,24618.5,24621.75,0
2025-08-13T13:15:00+05:30,24622.55,24625.85,24621.1,24625.45,0
2025-08-13T13:16:00+05:30,24625.3,24630.65,24623.35,24629.9,0
2025-08-13T13:17:00+05:30,24629.05,24631.15,24627.6,24630.45,0
2025-08-13T13:18:00+05:30,24629.75,24630.8,24626.2,24626.8,0
2025-08-13T13:19:00+05:30,24626.55,24627.45,24616.35,24617.4,0
2025-08-13T13:20:00+05:30,24616.8,24617.6,24611.2,24614.95,0
2025-08-13T13:21:00+05:30,24614.4,24615.2,24603.7,24606.6,0
2025-08-13T13:22:00+05:30,24606.1,24611.8,24604.95,24609.7,0
2025-08-13T13:23:00+05:30,24609.1,24616.15,24608.45,24615.35,0
2025-08-13T13:24:00+05:30,24613.7,24616.65,24611.45,24615.55,0
2025-08-13T13:25:00+05:30,24614.2,24619.4,24613.25,24618.1,0
2025-08-13T13:26:00+05:30,24618.05,24618.8,24611.9,24613.45,0
2025-08-13T13:27:00+05:30,24613.05,24615.35,24608.45,24615.35,0
2025-08-13T13:28:00+05:30,24614.8,24615.7,24609.3,24614.35,0
2025-08-13T13:29:00+05:30,24613.55,24615.85,24611.9,24615.15,0
2025-08-13T13:30:00+05:30,24614.65,24621.55,24612.05,24621.55,0
2025-08-13T13:31:00+05:30,24621.6,24626.3,24619.35,24621.5,0
2025-08-13T13:32:00+05:30,24620.85,24621.5,24594.65,24610.75,0
2025-08-13T13:33:00+05:30,24610.1,24616.2,24609.5,24616.2,0
2025-08-13T13:34:00+05:30,24616.0,24617.45,24613.35,24616.8,0
2025-08-13T13:35:00+05:30,24615.65,24620.0,24614.5,24620.0,0
2025-08-13T13:36:00+05:30,24619.75,24626.05,24619.45,24625.0,0
2025-08-13T13:37:00+05:30,24624.8,24628.6,24623.7,24627.8,0
2025-08-13T13:38:00+05:30,24627.85,24631.35,24626.5,24629.35,0
2025-08-13T13:39:00+05:30,24628.75,24631.1,24626.85,24627.8,0
2025-08-13T13:40:00+05:30,24627.4,24629.4,24624.85,24628.7,0
2025-08-13T13:41:00+05:30,24627.3,24632.85,24626.6,24631.3,0
2025-08-13T13:42:00+05:30,24631.15,24631.15,24609.6,24629.5,0
2025-08-13T13:43:00+05:30,24628.65,24631.6,24625.65,24627.9,0
2025-08-13T13:44:00+05:30,24627.45,24629.4,24626.0,24628.55,0
2025-08-13T13:45:00+05:30,24627.9,24630.9,24626.35,24630.9,0
2025-08-13T13:46:00+05:30,24630.5,24633.85,24628.3,24633.4,0
2025-08-13T13:47:00+05:30,24633.2,24635.05,24631.8,24634.1,0
2025-08-13T13:48:00+05:30,24633.0,24641.4,24632.45,24640.55,0
2025-08-13T13:49:00+05:30,24640.1,24644.3,24637.45,24644.3,0
2025-08-13T13:50:00+05:30,24644.05,24646.05,24642.75,24644.6,0
2025-08-13T13:51:00+05:30,24643.8,24650.65,24642.5,24650.5,0
2025-08-13T13:52:00+05:30,24649.15,24650.65,24646.55,24649.9,0
2025-08-13T13:53:00+05:30,24648.6,24653.6,24648.25,24651.95,0
2025-08-13T13:54:00+05:30,24651.6,24652.55,24645.5,24648.4,0
2025-08-13T13:55:00+05:30,24648.35,24649.85,24646.5,24648.1,0
2025-08-13T13:56:00+05:30,24647.6,24650.0,24644.85,24646.0,0
2025-08-13T13:57:00+05:30,24646.2,24651.9,24644.8,24651.55,0
2025-08-13T13:58:00+05:30,24651.85,24653.95,24645.5,24645.7,0
2025-08-13T13:59:00+05:30,24646.1,24650.8,24644.6,24648.85,0
2025-08-13T14:00:00+05:30,24649.85,24652.2,24647.65,24649.05,0
2025-08-13T14:01:00+05:30,24650.25,24653.1,24647.95,24650.75,0
2025-08-13T14:02:00+05:30,24651.1,24652.2,24647.9,24647.95,0
2025-08-13T14:03:00+05:30,24648.45,24648.55,24642.45,24644.8,0
2025-08-13T14:04:00+05:30,24645.85,24664.55,24645.15,24658.5,0
2025-08-13T14:05:00+05:30,24659.0,24659.0,24647.1,24647.1,0
2025-08-13T14:06:00+05:30,24648.4,24650.15,24645.9,24648.8,0
2025-08-13T14:07:00+05:30,24649.35,24649.95,24646.2,24648.1,0
2025-08-13T14:08:00+05:30,24648.6,24650.8,24646.6,24649.05,0
2025-08-13T14:09:00+05:30,24649.4,24650.85,24646.7,24649.25,0
2025-08-13T14:10:00+05:30,24649.1,24653.05,24648.35,24648.8,0
2025-08-13T14:11:00+05:30,24649.0,24652.75,24647.4,24650.4,0
2025-08-13T14:12:00+05:30,24651.95,24652.55,24648.6,24648.8,0
2025-08-13T14:13:00+05:30,24650.05,24650.45,24642.55,24644.65,0
2025-08-13T14:14:00+05:30,24645.85,24663.25,24644.85,24658.15,0
2025-08-13T14:15:00+05:30,24658.9,24658.9,24650.4,24652.7,0
2025-08-13T14:16:00+05:30,24653.15,24655.9,24646.15,24649.85,0
2025-08-13T14:17:00+05:30,24651.15,24654.25,24648.85,24650.55,0
2025-08-13T14:18:00+05:30,24651.45,24651.45,24646.05,24646.8,0
2025-08-13T14:19:00+05:30,24648.05,24649.4,24641.9,24648.05,0
2025-08-13T14:20:00+05:30,24647.5,24650.25,24645.2,24645.2,0
2025-08-13T14:21:00+05:30,24646.0,24647.2,24639.7,24639.7,0
2025-08-13T14:22:00+05:30,24640.9,24642.9,24635.65,24635.65,0
2025-08-13T14:23:00+05:30,24637.1,24640.75,24635.6,24638.15,0
2025-08-13T14:24:00+05:30,24638.65,24639.7,24635.05,24637.55,0
2025-08-13T14:25:00+05:30,24638.25,24642.8,24638.1,24641.7,0
2025-08-13T14:26:00+05:30,24643.8,24646.35,24640.8,24641.5,0
2025-08-13T14:27:00+05:30,24642.55,24645.15,24639.3,24639.55,0
2025-08-13T14:28:00+05:30,24640.45,24643.05,24621.1,24621.3,0
2025-08-13T14:29:00+05:30,24622.65,24633.9,24617.85,24633.55,0
2025-08-13T14:30:00+05:30,24634.2,24635.05,24631.7,24633.35,0
2025-08-13T14:31:00+05:30,24633.85,24640.45,24633.4,24636.2,0
2025-08-13T14:32:00+05:30,24638.0,24644.15,24637.7,24641.8,0
2025-08-13T14:33:00+05:30,24642.85,24643.55,24637.25,24639.45,0
2025-08-13T14:34:00+05:30,24641.35,24645.25,24639.85,24642.4,0
2025-08-13T14:35:00+05:30,24642.35,24644.4,24637.7,24637.7,0
2025-08-13T14:36:00+05:30,24638.75,24639.2,24631.9,24634.8,0
2025-08-13T14:37:00+05:30,24635.5,24638.0,24633.2,24637.55,0
2025-08-13T14:38:00+05:30,24638.0,24641.25,24636.25,24637.75,0
2025-08-13T14:39:00+05:30,24639.65,24641.05,24637.15,24639.65,0
2025-08-13T14:40:00+05:30,24640.4,24643.1,24638.6,24641.3,0
2025-08-13T14:41:00+05:30,24642.55,24642.55,24636.25,24641.35,0
2025-08-13T14:42:00+05:30,24643.35,24644.6,24640.25,24641.55,0
2025-08-13T14:43:00+05:30,24642.7,24644.1,24639.95,24642.35,0
2025-08-13T14:44:00+05:30,24644.0,24645.75,24642.45,24643.35,0
2025-08-13T14:45:00+05:30,24643.85,24648.8,24643.1,24647.9,0
2025-08-13T14:46:00+05:30,24648.35,24651.35,24646.7,24650.05,0
2025-08-13T14:47:00+05:30,24650.6,24652.6,24634.1,24642.05,0
2025-08-13T14:48:00+05:30,24642.3,24646.0,24641.6,24644.8,0
2025-08-13T14:49:00+05:30,24645.7,24649.8,24642.65,24648.4,0
2025-08-13T14:50:00+05:30,24648.0,24649.55,24644.05,24644.85,0
2025-08-13T14:51:00+05:30,24646.05,24647.55,24641.0,24641.2,0
2025-08-13T14:52:00+05:30,24642.05,24642.25,24637.2,24637.6,0
2025-08-13T14:53:00+05:30,24638.0,24654.05,24635.95,24648.15,0
2025-08-13T14:54:00+05:30,24647.55,24650.05,24645.15,24647.95,0
2025-08-13T14:55:00+05:30,24647.9,24650.4,24647.0,24647.7,0
2025-08-13T14:56:00+05:30,24648.8,24651.0,24647.1,24647.1,0
2025-08-13T14:57:00+05:30,24648.0,24651.45,24646.55,24648.9,0
2025-08-13T14:58:00+05:30,24649.7,24650.1,24644.1,24645.2,0
2025-08-13T14:59:00+05:30,24645.55,24647.1,24643.85,24644.2,0
2025-08-13T15:00:00+05:30,24645.1,24645.1,24632.0,24632.0,0
2025-08-13T15:01:00+05:30,24632.8,24633.55,24625.85,24627.6,0
2025-08-13T15:02:00+05:30,24628.05,24628.8,24625.85,24626.35,0
2025-08-13T15:03:00+05:30,24626.5,24629.3,24625.8,24627.5,0
2025-08-13T15:04:00+05:30,24628.3,24629.9,24623.45,24624.1,0
2025-08-13T15:05:00+05:30,24624.35,24624.45,24616.8,24617.1,0
2025-08-13T15:06:00+05:30,24617.9,24623.05,24617.55,24618.95,0
2025-08-13T15:07:00+05:30,24620.0,24620.25,24616.5,24617.6,0
2025-08-13T15:08:00+05:30,24617.5,24617.5,24614.4,24615.15,0
2025-08-13T15:09:00+05:30,24616.25,24621.1,24615.35,24619.4,0
2025-08-13T15:10:00+05:30,24619.7,24619.85,24615.1,24618.6,0
2025-08-13T15:11:00+05:30,24619.2,24624.4,24618.15,24618.55,0
2025-08-13T15:12:00+05:30,24619.45,24620.35,24615.65,24616.35,0
2025-08-13T15:13:00+05:30,24616.6,24617.0,24611.65,24613.95,0
2025-08-13T15:14:00+05:30,24613.55,24618.6,24612.35,24614.75,0
2025-08-13T15:15:00+05:30,24615.3,24620.6,24614.2,24619.25,0
2025-08-13T15:16:00+05:30,24620.35,24622.3,24615.55,24616.1,0
2025-08-13T15:17:00+05:30,24616.3,24617.4,24614.55,24615.2,0
2025-08-13T15:18:00+05:30,24616.35,24618.0,24614.9,24615.0,0
2025-08-13T15:19:00+05:30,24616.25,24618.2,24615.4,24617.45,0
2025-08-13T15:20:00+05:30,24617.3,24618.1,24613.5,24614.6,0
2025-08-13T15:21:00+05:30,24615.25,24616.05,24610.15,24610.35,0
2025-08-13T15:22:00+05:30,24611.25,24613.6,24610.7,24611.85,0
2025-08-13T15:23:00+05:30,24611.9,24616.5,24611.0,24615.95,0
2025-08-13T15:24:00+05:30,24616.7,24618.95,24615.55,24616.3,0
2025-08-13T15:25:00+05:30,24616.8,24617.6,24614.4,24615.85,0
2025-08-13T15:26:00+05:30,24616.0,24623.55,24614.95,24620.2,0
2025-08-13T15:27:00+05:30,24621.55,24626.5,24618.2,24624.7,0
2025-08-13T15:28:00+05:30,24625.3,24627.4,24620.5,24623.2,0
2025-08-13T15:29:00+05:30,24624.4,24635.65,24622.35,24630.4,0
2025-08-14T09:15:00+05:30,24607.25,24664.35,24604.6,24645.05,0
2025-08-14T09:16:00+05:30,24644.3,24655.25,24638.0,24651.85,0
2025-08-14T09:17:00+05:30,24653.05,24657.75,24645.25,24653.65,0
2025-08-14T09:18:00+05:30,24654.1,24654.1,24645.2,24651.3,0
2025-08-14T09:19:00+05:30,24651.45,24651.7,24641.05,24642.2,0
2025-08-14T09:20:00+05:30,24640.15,24640.15,24622.3,24624.3,0
2025-08-14T09:21:00+05:30,24623.85,24623.85,24615.8,24618.6,0
2025-08-14T09:22:00+05:30,24619.9,24636.25,24616.55,24636.25,0
2025-08-14T09:23:00+05:30,24636.05,24643.85,24628.45,24631.65,0
2025-08-14T09:24:00+05:30,24631.3,24638.5,24629.9,24636.2,0
2025-08-14T09:25:00+05:30,24636.0,24636.0,24628.0,24632.3,0
2025-08-14T09:26:00+05:30,24632.25,24632.25,24626.15,24627.35,0
2025-08-14T09:27:00+05:30,24627.3,24629.55,24622.6,24625.75,0
2025-08-14T09:28:00+05:30,24625.7,24639.65,24625.7,24635.7,0
2025-08-14T09:29:00+05:30,24635.55,24636.4,24633.65,24634.55,0
2025-08-14T09:30:00+05:30,24634.0,24638.05,24633.95,24636.3,0
2025-08-14T09:31:00+05:30,24636.65,24638.2,24628.45,24628.7,0
2025-08-14T09:32:00+05:30,24629.35,24632.85,24627.6,24627.9,0
2025-08-14T09:33:00+05:30,24627.75,24629.35,24618.25,24627.05,0
2025-08-14T09:34:00+05:30,24627.4,24627.4,24617.7,24618.25,0
2025-08-14T09:35:00+05:30,24617.25,24620.35,24616.55,24619.85,0
2025-08-14T09:36:00+05:30,24621.05,24626.3,24620.3,24626.1,0
2025-08-14T09:37:00+05:30,24625.55,24626.95,24620.1,24625.9,0
2025-08-14T09:38:00+05:30,24626.7,24639.4,24626.7,24638.7,0
2025-08-14T09:39:00+05:30,24638.55,24648.0,24635.1,24648.0,0
2025-08-14T09:40:00+05:30,24647.65,24647.95,24640.1,24641.8,0
2025-08-14T09:41:00+05:30,24641.75,24643.75,24638.5,24643.75,0
2025-08-14T09:42:00+05:30,24643.9,24654.25,24643.9,24653.45,0
2025-08-14T09:43:00+05:30,24655.35,24663.5,24655.35,24659.9,0
2025-08-14T09:44:00+05:30,24660.55,24663.6,24655.65,24657.55,0
2025-08-14T09:45:00+05:30,24657.1,24668.05,24657.1,24667.05,0
2025-08-14T09:46:00+05:30,24668.5,24672.85,24667.9,24671.6,0
2025-08-14T09:47:00+05:30,24671.3,24671.75,24665.75,24669.9,0
2025-08-14T09:48:00+05:30,24670.4,24671.55,24662.0,24662.15,0
2025-08-14T09:49:00+05:30,24662.5,24663.15,24655.1,24658.05,0
2025-08-14T09:50:00+05:30,24658.75,24660.15,24650.8,24650.8,0
2025-08-14T09:51:00+05:30,24650.55,24655.6,24645.1,24654.45,0
2025-08-14T09:52:00+05:30,24654.0,24660.25,24653.9,24658.1,0
2025-08-14T09:53:00+05:30,24658.85,24659.5,24650.05,24650.65,0
2025-08-14T09:54:00+05:30,24651.1,24658.0,24648.95,24656.3,0
2025-08-14T09:55:00+05:30,24656.5,24658.55,24652.4,24652.4,0
2025-08-14T09:56:00+05:30,24652.15,24655.3,24648.05,24648.05,0
2025-08-14T09:57:00+05:30,24648.85,24651.7,24645.1,24649.45,0
2025-08-14T09:58:00+05:30,24649.15,24650.25,24639.8,24639.8,0
2025-08-14T09:59:00+05:30,24640.1,24640.4,24632.3,24633.65,0
2025-08-14T10:00:00+05:30,24633.45,24635.7,24628.8,24630.45,0
2025-08-14T10:01:00+05:30,24631.25,24631.25,24625.65,24629.05,0
2025-08-14T10:02:00+05:30,24629.2,24647.0,24625.95,24639.25,0
2025-08-14T10:03:00+05:30,24639.3,24639.3,24627.4,24628.2,0
2025-08-14T10:04:00+05:30,24627.45,24627.45,24621.85,24624.55,0
2025-08-14T10:05:00+05:30,24624.65,24624.65,24618.0,24621.85,0
2025-08-14T10:06:00+05:30,24621.65,24625.8,24621.25,24622.85,0
2025-08-14T10:07:00+05:30,24622.8,24643.5,24620.8,24633.9,0
2025-08-14T10:08:00+05:30,24634.3,24634.3,24629.05,24632.55,0
2025-08-14T10:09:00+05:30,24633.05,24633.05,24624.25,24626.65,0
2025-08-14T10:10:00+05:30,24625.8,24627.85,24622.75,24624.75,0
2025-08-14T10:11:00+05:30,24624.8,24627.45,24623.75,24625.5,0
2025-08-14T10:12:00+05:30,24626.05,24640.2,24620.4,24632.05,0
2025-08-14T10:13:00+05:30,24632.5,24632.5,24626.65,24627.15,0
2025-08-14T10:14:00+05:30,24627.6,24630.5,24621.4,24629.4,0
2025-08-14T10:15:00+05:30,24630.2,24633.15,24623.65,24625.2,0
2025-08-14T10:16:00+05:30,24626.15,24642.55,24624.0,24632.8,0
2025-08-14T10:17:00+05:30,24634.75,24635.2,24628.95,24632.25,0
2025-08-14T10:18:00+05:30,24632.45,24639.85,24631.9,24636.8,0
2025-08-14T10:19:00+05:30,24636.6,24636.7,24632.7,24636.15,0
2025-08-14T10:20:00+05:30,24637.35,24637.35,24625.8,24629.05,0
2025-08-14T10:21:00+05:30,24629.3,24651.85,24626.7,24644.2,0
2025-08-14T10:22:00+05:30,24642.9,24650.55,24641.15,24650.15,0
2025-08-14T10:23:00+05:30,24649.1,24654.15,24648.15,24650.9,0
2025-08-14T10:24:00+05:30,24651.75,24652.9,24648.0,24649.1,0
2025-08-14T10:25:00+05:30,24649.55,24653.05,24647.8,24651.25,0
2025-08-14T10:26:00+05:30,24650.75,24673.65,24650.15,24663.8,0
2025-08-14T10:27:00+05:30,24663.15,24666.15,24661.1,24666.05,0
2025-08-14T10:28:00+05:30,24666.3,24666.45,24659.1,24661.2,0
2025-08-14T10:29:00+05:30,24660.85,24661.45,24656.75,24657.85,0
2025-08-14T10:30:00+05:30,24657.8,24659.55,24655.55,24659.45,0
2025-08-14T10:31:00+05:30,24659.4,24663.6,24657.95,24663.05,0
2025-08-14T10:32:00+05:30,24662.85,24664.65,24660.7,24662.65,0
2025-08-14T10:33:00+05:30,24662.45,24665.7,24661.85,24664.25,0
2025-08-14T10:34:00+05:30,24665.2,24667.2,24664.15,24665.8,0
2025-08-14T10:35:00+05:30,24665.65,24667.8,24662.4,24662.55,0
2025-08-14T10:36:00+05:30,24662.35,24663.55,24646.65,24655.8,0
2025-08-14T10:37:00+05:30,24656.05,24657.7,24654.85,24656.75,0
2025-08-14T10:38:00+05:30,24656.65,24658.55,24652.75,24658.55,0
2025-08-14T10:39:00+05:30,24658.35,24659.1,24655.25,24655.35,0
2025-08-14T10:40:00+05:30,24654.35,24654.35,24650.1,24653.75,0
2025-08-14T10:41:00+05:30,24654.05,24654.65,24635.55,24647.25,0
2025-08-14T10:42:00+05:30,24647.35,24654.0,24646.7,24652.9,0
2025-08-14T10:43:00+05:30,24654.1,24660.5,24653.25,24656.65,0
2025-08-14T10:44:00+05:30,24656.15,24657.35,24652.6,24656.5,0
2025-08-14T10:45:00+05:30,24656.55,24660.25,24656.4,24657.3,0
2025-08-14T10:46:00+05:30,24657.65,24660.15,24640.85,24648.55,0
2025-08-14T10:47:00+05:30,24649.85,24654.55,24649.25,24654.0,0
2025-08-14T10:48:00+05:30,24654.1,24655.55,24652.45,24654.6,0
2025-08-14T10:49:00+05:30,24654.65,24659.3,24654.25,24659.3,0
2025-08-14T10:50:00+05:30,24658.55,24659.25,24655.25,24656.25,0
2025-08-14T10:51:00+05:30,24656.35,24656.35,24643.4,24647.75,0
2025-08-14T10:52:00+05:30,24648.05,24655.6,24647.8,24654.25,0
2025-08-14T10:53:00+05:30,24653.7,24654.15,24649.05,24649.8,0
2025-08-14T10:54:00+05:30,24649.5,24649.8,24644.65,24644.65,0
2025-08-14T10:55:00+05:30,24644.8,24645.4,24640.45,24640.45,0
2025-08-14T10:56:00+05:30,24640.05,24641.9,24629.35,24640.5,0
2025-08-14T10:57:00+05:30,24640.55,24649.25,24640.2,24647.05,0
2025-08-14T10:58:00+05:30,24646.7,24650.0,24646.0,24649.95,0
2025-08-14T10:59:00+05:30,24649.9,24654.65,24638.35,24646.45,0
2025-08-14T11:00:00+05:30,24645.75,24662.35,24645.75,24661.45,0
2025-08-14T11:01:00+05:30,24661.4,24663.5,24659.55,24660.85,0
2025-08-14T11:02:00+05:30,24660.95,24662.75,24660.0,24662.0,0
2025-08-14T11:03:00+05:30,24661.45,24661.55,24657.7,24657.85,0
2025-08-14T11:04:00+05:30,24657.35,24660.35,24655.9,24659.8,0
2025-08-14T11:05:00+05:30,24659.7,24659.8,24655.7,24656.1,0
2025-08-14T11:06:00+05:30,24656.05,24656.05,24649.85,24650.95,0
2025-08-14T11:07:00+05:30,24651.3,24654.4,24649.85,24652.25,0
2025-08-14T11:08:00+05:30,24651.95,24654.45,24651.3,24653.2,0
2025-08-14T11:09:00+05:30,24652.75,24656.65,24650.85,24655.5,0
2025-08-14T11:10:00+05:30,24655.3,24655.8,24652.65,24653.05,0
2025-08-14T11:11:00+05:30,24653.15,24654.05,24646.25,24648.1,0
2025-08-14T11:12:00+05:30,24647.85,24648.25,24646.35,24646.95,0
2025-08-14T11:13:00+05:30,24647.15,24647.3,24645.0,24645.6,0
2025-08-14T11:14:00+05:30,24646.15,24646.5,24642.2,24646.5,0
2025-08-14T11:15:00+05:30,24646.25,24651.1,24644.9,24650.55,0
2025-08-14T11:16:00+05:30,24650.4,24650.4,24645.95,24646.4,0
2025-08-14T11:17:00+05:30,24647.45,24648.6,24645.3,24648.15,0
2025-08-14T11:18:00+05:30,24647.45,24651.35,24646.0,24651.35,0
2025-08-14T11:19:00+05:30,24651.05,24652.15,24649.1,24650.1,0
2025-08-14T11:20:00+05:30,24650.7,24652.75,24648.75,24652.75,0
2025-08-14T11:21:00+05:30,24652.55,24656.45,24651.75,24653.85,0
2025-08-14T11:22:00+05:30,24653.65,24653.65,24647.7,24648.7,0
2025-08-14T11:23:00+05:30,24648.6,24648.6,24638.75,24641.8,0
2025-08-14T11:24:00+05:30,24641.4,24642.05,24638.1,24639.7,0
2025-08-14T11:25:00+05:30,24639.3,24639.55,24631.5,24631.5,0
2025-08-14T11:26:00+05:30,24632.55,24636.2,24628.5,24636.2,0
2025-08-14T11:27:00+05:30,24635.85,24635.95,24631.15,24635.1,0
2025-08-14T11:28:00+05:30,24634.05,24637.0,24631.9,24633.8,0
2025-08-14T11:29:00+05:30,24633.75,24636.15,24631.6,24635.95,0
2025-08-14T11:30:00+05:30,24635.8,24636.1,24630.6,24631.4,0
2025-08-14T11:31:00+05:30,24631.2,24636.2,24630.45,24634.15,0
2025-08-14T11:32:00+05:30,24634.0,24638.8,24633.2,24638.4,0
2025-08-14T11:33:00+05:30,24638.3,24638.45,24635.85,24636.05,0
2025-08-14T11:34:00+05:30,24635.65,24636.85,24633.7,24633.9,0
2025-08-14T11:35:00+05:30,24634.3,24636.4,24628.55,24630.15,0
2025-08-14T11:36:00+05:30,24632.15,24639.9,24628.75,24638.1,0
2025-08-14T11:37:00+05:30,24638.8,24638.8,24632.35,24636.7,0
2025-08-14T11:38:00+05:30,24636.75,24641.15,24636.15,24641.15,0
2025-08-14T11:39:00+05:30,24640.8,24641.05,24636.35,24636.4,0
2025-08-14T11:40:00+05:30,24637.2,24637.2,24634.1,24634.25,0
2025-08-14T11:41:00+05:30,24633.8,24633.8,24626.1,24626.55,0
2025-08-14T11:42:00+05:30,24626.65,24627.4,24613.95,24614.45,0
2025-08-14T11:43:00+05:30,24614.2,24617.5,24612.8,24616.5,0
2025-08-14T11:44:00+05:30,24616.1,24620.7,24616.1,24618.6,0
2025-08-14T11:45:00+05:30,24619.25,24619.25,24616.7,24617.8,0
2025-08-14T11:46:00+05:30,24617.75,24617.75,24614.3,24615.2,0
2025-08-14T11:47:00+05:30,24615.15,24617.75,24614.4,24615.75,0
2025-08-14T11:48:00+05:30,24615.95,24616.2,24612.1,24614.7,0
2025-08-14T11:49:00+05:30,24614.45,24615.5,24603.9,24607.15,0
2025-08-14T11:50:00+05:30,24606.2,24609.7,24603.7,24608.6,0
2025-08-14T11:51:00+05:30,24609.4,24613.3,24608.65,24612.85,0
2025-08-14T11:52:00+05:30,24612.2,24614.05,24610.65,24612.05,0
2025-08-14T11:53:00+05:30,24613.7,24618.7,24610.65,24616.55,0
2025-08-14T11:54:00+05:30,24616.65,24623.6,24615.3,24622.95,0
2025-08-14T11:55:00+05:30,24623.7,24630.45,24623.55,24627.85,0
2025-08-14T11:56:00+05:30,24627.7,24631.8,24625.0,24631.55,0
2025-08-14T11:57:00+05:30,24631.75,24636.4,24631.2,24633.85,0
2025-08-14T11:58:00+05:30,24633.8,24633.85,24630.45,24631.1,0
2025-08-14T11:59:00+05:30,24630.9,24631.4,24627.3,24631.15,0
2025-08-14T12:00:00+05:30,24630.95,24650.15,24630.1,24646.7,0
2025-08-14T12:01:00+05:30,24647.3,24653.0,24640.85,24640.9,0
2025-08-14T12:02:00+05:30,24641.25,24641.25,24636.05,24636.15,0
2025-08-14T12:03:00+05:30,24636.2,24636.2,24632.15,24633.85,0
2025-08-14T12:04:00+05:30,24633.25,24636.35,24630.45,24630.45,0
2025-08-14T12:05:00+05:30,24631.95,24637.7,24631.4,24637.7,0
2025-08-14T12:06:00+05:30,24637.45,24639.8,24635.75,24636.2,0
2025-08-14T12:07:00+05:30,24636.3,24640.55,24634.0,24638.8,0
2025-08-14T12:08:00+05:30,24638.95,24644.7,24638.05,24641.25,0
2025-08-14T12:09:00+05:30,24640.9,24644.4,24639.8,24643.15,0
2025-08-14T12:10:00+05:30,24643.2,24645.35,24640.65,24641.55,0
2025-08-14T12:11:00+05:30,24641.15,24643.0,24637.75,24640.0,0
2025-08-14T12:12:00+05:30,24640.1,24642.65,24638.65,24639.2,0
2025-08-14T12:13:00+05:30,24638.35,24638.55,24632.7,24633.95,0
2025-08-14T12:14:00+05:30,24633.05,24635.55,24627.45,24629.7,0
2025-08-14T12:15:00+05:30,24630.6,24635.3,24630.1,24633.7,0
2025-08-14T12:16:00+05:30,24635.0,24636.45,24632.2,24634.05,0
2025-08-14T12:17:00+05:30,24634.1,24638.8,24631.9,24632.15,0
2025-08-14T12:18:00+05:30,24632.25,24632.25,24627.75,24630.7,0
2025-08-14T12:19:00+05:30,24631.6,24634.25,24629.2,24632.2,0
2025-08-14T12:20:00+05:30,24632.65,24637.5,24631.05,24635.2,0
2025-08-14T12:21:00+05:30,24634.65,24636.8,24632.5,24633.8,0
2025-08-14T12:22:00+05:30,24633.0,24638.9,24631.8,24637.0,0
2025-08-14T12:23:00+05:30,24635.05,24641.0,24635.05,24638.9,0
2025-08-14T12:24:00+05:30,24638.8,24642.95,24638.8,24641.95,0
2025-08-14T12:25:00+05:30,24643.0,24643.95,24640.35,24640.5,0
2025-08-14T12:26:00+05:30,24639.8,24644.2,24638.4,24643.65,0
2025-08-14T12:27:00+05:30,24642.95,24648.7,24642.4,24647.0,0
2025-08-14T12:28:00+05:30,24647.05,24653.4,24646.35,24648.75,0
2025-08-14T12:29:00+05:30,24648.4,24648.4,24627.8,24642.15,0
2025-08-14T12:30:00+05:30,24642.6,24650.95,24641.3,24649.9,0
2025-08-14T12:31:00+05:30,24650.75,24652.35,24644.2,24646.8,0
2025-08-14T12:32:00+05:30,24646.35,24649.4,24644.9,24648.1,0
2025-08-14T12:33:00+05:30,24648.45,24653.0,24647.3,24649.0,0
2025-08-14T12:34:00+05:30,24649.1,24649.7,24645.8,24648.0,0
2025-08-14T12:35:00+05:30,24647.95,24651.35,24647.55,24649.15,0
2025-08-14T12:36:00+05:30,24649.25,24651.35,24643.4,24643.4,0
2025-08-14T12:37:00+05:30,24643.0,24645.6,24640.9,24641.9,0
2025-08-14T12:38:00+05:30,24641.5,24652.25,24640.8,24650.4,0
2025-08-14T12:39:00+05:30,24650.65,24654.6,24649.05,24652.7,0
2025-08-14T12:40:00+05:30,24652.65,24653.85,24648.1,24649.8,0
2025-08-14T12:41:00+05:30,24649.3,24651.3,24646.1,24646.1,0
2025-08-14T12:42:00+05:30,24646.8,24647.05,24643.05,24643.3,0
2025-08-14T12:43:00+05:30,24644.0,24644.15,24640.55,24640.65,0
2025-08-14T12:44:00+05:30,24640.5,24641.8,24639.55,24640.3,0
2025-08-14T12:45:00+05:30,24640.5,24641.55,24637.75,24639.05,0
2025-08-14T12:46:00+05:30,24639.3,24640.25,24636.0,24636.4,0
2025-08-14T12:47:00+05:30,24636.6,24637.2,24632.9,24634.4,0
2025-08-14T12:48:00+05:30,24633.85,24637.8,24632.3,24636.95,0
2025-08-14T12:49:00+05:30,24636.8,24642.55,24636.1,24642.05,0
2025-08-14T12:50:00+05:30,24642.3,24645.75,24641.55,24644.4,0
2025-08-14T12:51:00+05:30,24645.4,24645.9,24643.25,24644.15,0
2025-08-14T12:52:00+05:30,24644.4,24645.4,24643.55,24645.0,0
2025-08-14T12:53:00+05:30,24645.4,24649.5,24643.95,24648.6,0
2025-08-14T12:54:00+05:30,24648.8,24651.45,24648.15,24650.85,0
2025-08-14T12:55:00+05:30,24650.65,24654.85,24649.9,24653.1,0
2025-08-14T12:56:00+05:30,24652.65,24660.65,24652.05,24658.5,0
2025-08-14T12:57:00+05:30,24659.1,24660.35,24655.6,24656.3,0
2025-08-14T12:58:00+05:30,24656.55,24659.15,24654.35,24658.15,0
2025-08-14T12:59:00+05:30,24657.9,24665.55,24656.9,24662.95,0
2025-08-14T13:00:00+05:30,24663.75,24663.95,24659.8,24659.8,0
2025-08-14T13:01:00+05:30,24660.65,24660.65,24655.45,24658.45,0
2025-08-14T13:02:00+05:30,24658.15,24660.25,24656.3,24659.1,0
2025-08-14T13:03:00+05:30,24658.75,24658.75,24653.25,24655.95,0
2025-08-14T13:04:00+05:30,24656.25,24658.2,24654.7,24655.85,0
2025-08-14T13:05:00+05:30,24655.5,24660.65,24654.5,24659.2,0
2025-08-14T13:06:00+05:30,24658.85,24659.6,24648.65,24651.55,0
2025-08-14T13:07:00+05:30,24651.65,24658.75,24648.05,24658.35,0
2025-08-14T13:08:00+05:30,24658.3,24658.85,24652.7,24653.9,0
2025-08-14T13:09:00+05:30,24654.05,24654.75,24650.55,24652.85,0
2025-08-14T13:10:00+05:30,24652.9,24654.15,24651.55,24654.15,0
2025-08-14T13:11:00+05:30,24654.2,24655.65,24653.3,24654.95,0
2025-08-14T13:12:00+05:30,24655.45,24655.95,24653.5,24654.3,0
2025-08-14T13:13:00+05:30,24654.05,24654.05,24649.1,24652.2,0
2025-08-14T13:14:00+05:30,24653.5,24656.15,24651.95,24652.3,0
2025-08-14T13:15:00+05:30,24653.1,24659.15,24652.45,24658.3,0
2025-08-14T13:16:00+05:30,24657.9,24664.1,24657.1,24661.1,0
2025-08-14T13:17:00+05:30,24661.2,24663.75,24655.7,24656.75,0
2025-08-14T13:18:00+05:30,24656.35,24657.05,24647.45,24648.25,0
2025-08-14T13:19:00+05:30,24648.2,24650.45,24642.95,24644.25,0
2025-08-14T13:20:00+05:30,24643.7,24650.95,24642.8,24647.25,0
2025-08-14T13:21:00+05:30,24645.75,24645.75,24635.85,24636.45,0
2025-08-14T13:22:00+05:30,24637.0,24639.95,24633.7,24633.7,0
2025-08-14T13:23:00+05:30,24634.6,24635.2,24629.0,24630.8,0
2025-08-14T13:24:00+05:30,24630.75,24637.15,24630.25,24635.6,0
2025-08-14T13:25:00+05:30,24635.25,24636.4,24632.6,24635.05,0
2025-08-14T13:26:00+05:30,24635.2,24640.55,24634.95,24638.15,0
2025-08-14T13:27:00+05:30,24638.6,24639.9,24634.0,24635.2,0
2025-08-14T13:28:00+05:30,24635.0,24636.2,24632.7,24634.2,0
2025-08-14T13:29:00+05:30,24634.7,24634.7,24628.9,24632.5,0
2025-08-14T13:30:00+05:30,24632.4,24637.15,24631.15,24633.35,0
2025-08-14T13:31:00+05:30,24632.6,24635.55,24628.7,24633.7,0
2025-08-14T13:32:00+05:30,24633.65,24634.25,24629.6,24631.05,0
2025-08-14T13:33:00+05:30,24630.95,24631.4,24626.4,24628.8,0
2025-08-14T13:34:00+05:30,24629.2,24633.5,24628.05,24632.8,0
2025-08-14T13:35:00+05:30,24633.4,24650.0,24632.55,24634.85,0
2025-08-14T13:36:00+05:30,24635.35,24636.4,24633.25,24635.75,0
2025-08-14T13:37:00+05:30,24635.55,24640.45,24635.25,24638.95,0
2025-08-14T13:38:00+05:30,24639.6,24644.35,24638.45,24643.85,0
2025-08-14T13:39:00+05:30,24643.35,24650.8,24642.35,24647.5,0
2025-08-14T13:40:00+05:30,24647.05,24650.1,24643.95,24644.25,0
2025-08-14T13:41:00+05:30,24643.85,24649.75,24641.65,24648.85,0
2025-08-14T13:42:00+05:30,24648.05,24649.15,24642.7,24648.9,0
2025-08-14T13:43:00+05:30,24648.05,24653.3,24647.45,24650.7,0
2025-08-14T13:44:00+05:30,24650.15,24653.05,24648.3,24651.2,0
2025-08-14T13:45:00+05:30,24650.85,24652.05,24645.8,24648.4,0
2025-08-14T13:46:00+05:30,24648.8,24652.1,24648.5,24650.75,0
2025-08-14T13:47:00+05:30,24650.25,24650.6,24644.25,24645.95,0
2025-08-14T13:48:00+05:30,24646.35,24646.75,24640.85,24643.65,0
2025-08-14T13:49:00+05:30,24643.55,24645.3,24641.45,24643.9,0
2025-08-14T13:50:00+05:30,24644.3,24654.15,24644.25,24653.75,0
2025-08-14T13:51:00+05:30,24652.9,24653.95,24648.45,24648.6,0
2025-08-14T13:52:00+05:30,24649.5,24652.8,24647.85,24652.55,0
2025-08-14T13:53:00+05:30,24652.4,24661.95,24651.65,24654.35,0
2025-08-14T13:54:00+05:30,24654.0,24655.25,24647.7,24648.6,0
2025-08-14T13:55:00+05:30,24648.75,24653.8,24646.95,24651.7,0
2025-08-14T13:56:00+05:30,24651.45,24655.25,24651.2,24653.55,0
2025-08-14T13:57:00+05:30,24654.65,24654.65,24650.45,24651.0,0
2025-08-14T13:58:00+05:30,24650.75,24651.05,24645.15,24645.55,0
2025-08-14T13:59:00+05:30,24645.15,24647.7,24644.25,24645.25,0
2025-08-14T14:00:00+05:30,24645.05,24652.0,24644.25,24651.4,0
2025-08-14T14:01:00+05:30,24650.45,24651.5,24644.9,24645.95,0
2025-08-14T14:02:00+05:30,24645.45,24646.3,24642.55,24643.9,0
2025-08-14T14:03:00+05:30,24643.55,24646.05,24639.95,24642.95,0
2025-08-14T14:04:00+05:30,24642.9,24644.1,24636.85,24638.7,0
2025-08-14T14:05:00+05:30,24638.9,24639.75,24632.75,24633.4,0
2025-08-14T14:06:00+05:30,24634.55,24634.7,24631.4,24633.05,0
2025-08-14T14:07:00+05:30,24633.0,24637.3,24631.35,24637.3,0
2025-08-14T14:08:00+05:30,24637.6,24651.65,24636.8,24643.35,0
2025-08-14T14:09:00+05:30,24643.5,24646.65,24641.05,24646.15,0
2025-08-14T14:10:00+05:30,24646.05,24650.05,24645.15,24649.25,0
2025-08-14T14:11:00+05:30,24649.0,24649.9,24645.5,24645.95,0
2025-08-14T14:12:00+05:30,24646.05,24646.5,24639.4,24639.9,0
2025-08-14T14:13:00+05:30,24639.85,24641.1,24634.15,24639.55,0
2025-08-14T14:14:00+05:30,24639.35,24645.65,24636.15,24637.7,0
2025-08-14T14:15:00+05:30,24636.65,24639.0,24634.35,24634.4,0
2025-08-14T14:16:00+05:30,24634.75,24636.25,24629.95,24632.35,0
2025-08-14T14:17:00+05:30,24632.15,24633.05,24620.5,24620.6,0
2025-08-14T14:18:00+05:30,24620.25,24625.65,24616.65,24624.95,0
2025-08-14T14:19:00+05:30,24625.05,24627.5,24622.3,24625.75,0
2025-08-14T14:20:00+05:30,24626.0,24627.55,24624.15,24626.55,0
2025-08-14T14:21:00+05:30,24625.55,24626.75,24622.75,24625.45,0
2025-08-14T14:22:00+05:30,24625.05,24628.1,24624.35,24624.75,0
2025-08-14T14:23:00+05:30,24624.25,24625.75,24621.0,24622.35,0
2025-08-14T14:24:00+05:30,24621.6,24622.95,24620.0,24622.45,0
2025-08-14T14:25:00+05:30,24622.9,24624.4,24621.8,24622.65,0
2025-08-14T14:26:00+05:30,24621.9,24623.95,24618.35,24619.6,0
2025-08-14T14:27:00+05:30,24618.8,24623.75,24618.8,24622.8,0
2025-08-14T14:28:00+05:30,24623.3,24626.6,24622.45,24623.6,0
2025-08-14T14:29:00+05:30,24625.2,24630.0,24624.1,24627.0,0
2025-08-14T14:30:00+05:30,24627.1,24627.8,24614.5,24614.5,0
2025-08-14T14:31:00+05:30,24615.15,24615.6,24596.9,24608.65,0
2025-08-14T14:32:00+05:30,24607.35,24621.85,24607.35,24618.85,0
2025-08-14T14:33:00+05:30,24618.95,24635.9,24618.5,24632.4,0
2025-08-14T14:34:00+05:30,24632.25,24633.3,24623.65,24629.25,0
2025-08-14T14:35:00+05:30,24627.75,24635.95,24627.1,24634.35,0
2025-08-14T14:36:00+05:30,24634.3,24643.45,24632.55,24634.1,0
2025-08-14T14:37:00+05:30,24634.0,24638.0,24632.5,24635.05,0
2025-08-14T14:38:00+05:30,24633.75,24635.15,24617.4,24618.95,0
2025-08-14T14:39:00+05:30,24619.65,24636.4,24615.2,24630.95,0
2025-08-14T14:40:00+05:30,24631.55,24634.05,24624.1,24624.35,0
2025-08-14T14:41:00+05:30,24624.7,24625.0,24620.25,24624.25,0
2025-08-14T14:42:00+05:30,24624.2,24628.55,24623.8,24627.85,0
2025-08-14T14:43:00+05:30,24627.75,24629.3,24625.8,24627.25,0
2025-08-14T14:44:00+05:30,24627.0,24632.05,24624.85,24625.9,0
2025-08-14T14:45:00+05:30,24625.3,24632.3,24625.1,24629.95,0
2025-08-14T14:46:00+05:30,24629.8,24656.1,24629.55,24653.2,0
2025-08-14T14:47:00+05:30,24653.15,24653.15,24636.25,24637.2,0
2025-08-14T14:48:00+05:30,24637.6,24638.9,24634.9,24638.9,0
2025-08-14T14:49:00+05:30,24638.1,24646.85,24637.95,24645.45,0
2025-08-14T14:50:00+05:30,24646.9,24648.25,24644.35,24648.2,0
2025-08-14T14:51:00+05:30,24650.25,24653.6,24646.7,24647.75,0
2025-08-14T14:52:00+05:30,24648.45,24663.3,24647.0,24655.15,0
2025-08-14T14:53:00+05:30,24654.35,24657.4,24651.55,24652.1,0
2025-08-14T14:54:00+05:30,24651.7,24653.75,24650.75,24652.8,0
2025-08-14T14:55:00+05:30,24652.75,24657.5,24652.65,24655.4,0
2025-08-14T14:56:00+05:30,24654.65,24655.75,24638.2,24647.2,0
2025-08-14T14:57:00+05:30,24647.25,24648.0,24644.6,24646.5,0
2025-08-14T14:58:00+05:30,24646.25,24648.1,24643.7,24645.25,0
2025-08-14T14:59:00+05:30,24645.4,24649.05,24645.3,24647.45,0
2025-08-14T15:00:00+05:30,24647.95,24649.75,24641.65,24641.95,0
2025-08-14T15:01:00+05:30,24642.8,24643.5,24635.55,24636.2,0
2025-08-14T15:02:00+05:30,24636.15,24639.25,24635.2,24635.7,0
2025-08-14T15:03:00+05:30,24636.05,24640.8,24634.1,24635.85,0
2025-08-14T15:04:00+05:30,24636.05,24637.85,24635.2,24637.1,0
2025-08-14T15:05:00+05:30,24636.55,24642.1,24636.4,24641.3,0
2025-08-14T15:06:00+05:30,24641.25,24643.45,24636.9,24638.25,0
2025-08-14T15:07:00+05:30,24638.65,24639.5,24636.0,24636.45,0
2025-08-14T15:08:00+05:30,24636.4,24640.25,24633.5,24637.6,0
2025-08-14T15:09:00+05:30,24637.05,24642.15,24637.05,24637.8,0
2025-08-14T15:10:00+05:30,24637.65,24638.45,24636.35,24636.85,0
2025-08-14T15:11:00+05:30,24637.45,24637.55,24633.65,24633.8,0
2025-08-14T15:12:00+05:30,24633.85,24634.5,24632.35,24633.55,0
2025-08-14T15:13:00+05:30,24633.05,24633.35,24631.05,24632.3,0
2025-08-14T15:14:00+05:30,24632.0,24632.75,24630.0,24630.3,0
2025-08-14T15:15:00+05:30,24630.35,24631.2,24625.45,24625.5,0
2025-08-14T15:16:00+05:30,24625.7,24627.05,24623.7,24624.6,0
2025-08-14T15:17:00+05:30,24624.65,24624.65,24622.7,24623.8,0
2025-08-14T15:18:00+05:30,24623.65,24625.55,24622.15,24624.35,0
2025-08-14T15:19:00+05:30,24624.9,24631.95,24623.9,24628.25,0
2025-08-14T15:20:00+05:30,24627.7,24631.95,24627.7,24630.8,0
2025-08-14T15:21:00+05:30,24630.85,24632.05,24622.8,24622.8,0
2025-08-14T15:22:00+05:30,24623.5,24623.7,24619.2,24620.0,0
2025-08-14T15:23:00+05:30,24619.7,24627.25,24619.7,24622.6,0
2025-08-14T15:24:00+05:30,24622.25,24626.45,24621.6,24625.95,0
2025-08-14T15:25:00+05:30,24624.85,24625.8,24622.65,24623.0,0
2025-08-14T15:26:00+05:30,24623.1,24624.0,24620.85,24621.35,0
2025-08-14T15:27:00+05:30,24621.7,24623.85,24617.5,24618.75,0
2025-08-14T15:28:00+05:30,24619.25,24619.25,24610.9,24613.9,0
2025-08-14T15:29:00+05:30,24614.5,24616.05,24607.25,24616.05,0
